 "x_c",  "y_c",  "u_c",  "v_c",  "exx",  "eyy",  "exy",  "e1",  "e2",  "gamma",  "sigma",  "x",  "y",  "u",  "v",  "Xp",  "Yp"
-132,134,0.345676,0.00246239,0,0,0,0,0,0,-1,18,16,0.345676,-0.00246204,-131.654,134.002
-127,134,0.455669,0.000923157,0,0,0,0,0,0,-1,23,16,0.455669,-0.000922879,-126.544,134.001
-122,134,0.565947,-1.90735e-05,0,0,0,0,0,0,-1,28,16,0.565946,1.90089e-05,-121.434,134
-117,134,0.679672,0.000161171,0,0,0,0,0,0,-1,33,16,0.679673,-0.000161545,-116.32,134
-112,134,0.781364,-0.00105476,0,0,0,0,0,0,-1,38,16,0.781364,0.00105485,-111.219,133.999
-107,134,0.877148,0.00012207,0,0,0,0,0,0,-1,43,16,0.877148,-0.000121877,-106.123,134
-102,134,0.966831,-0.00152969,0,0,0,0,0,0,-1,48,16,0.96683,0.00152882,-101.033,133.998
-97,134,1.05568,-0.00109863,0,0,0,0,0,0,-1,53,16,1.05567,0.001099,-95.9443,133.999
-92,134,1.14375,-0.00197601,0,0,0,0,0,0,-1,58,16,1.14375,0.00197675,-90.8563,133.998
-87,134,1.2401,-0.00268173,0,0,0,0,0,0,-1,63,16,1.24011,0.00268215,-85.7599,133.997
-82,134,1.34381,-0.00308037,0,0,0,0,0,0,-1,68,16,1.34381,0.00308,-80.6562,133.997
-77,134,1.45335,-0.00257683,0,0,0,0,0,0,-1,73,16,1.45335,0.00257685,-75.5467,133.997
-72,134,1.56346,-0.00154114,0,0,0,0,0,0,-1,78,16,1.56346,0.00154205,-70.4365,133.998
-67,134,1.67184,-0.00104523,0,0,0,0,0,0,-1,83,16,1.67184,0.00104474,-65.3282,133.999
-62,134,1.7762,-0.000844955,0,0,0,0,0,0,-1,88,16,1.7762,0.000844226,-60.2238,133.999
-57,134,1.87356,0.000299454,0,0,0,0,0,0,-1,93,16,1.87356,-0.000299598,-55.1264,134
-52,134,1.96291,0.000453949,0,0,0,0,0,0,-1,98,16,1.96291,-0.000454406,-50.0371,134
-47,134,2.05173,0.000292778,0,0,0,0,0,0,-1,103,16,2.05174,-0.000292727,-44.9483,134
-42,134,2.14273,0.00178623,0,0,0,0,0,0,-1,108,16,2.14273,-0.00178628,-39.8573,134.002
-37,134,2.23598,0.000105858,0,0,0,0,0,0,-1,113,16,2.23599,-0.000105891,-34.764,134
-32,134,2.34243,-0.000497818,0,0,0,0,0,0,-1,118,16,2.34243,0.000497882,-29.6576,133.999
-27,134,2.45535,-0.00038147,0,0,0,0,0,0,-1,123,16,2.45534,0.000380822,-24.5447,134
-22,134,2.5675,0.000271797,0,0,0,0,0,0,-1,128,16,2.56751,-0.000271592,-19.4325,134
-17,134,2.67964,0.0011692,0,0,0,0,0,0,-1,133,16,2.67964,-0.00116886,-14.3204,134.001
-12,134,2.78218,-3.62396e-05,0,0,0,0,0,0,-1,138,16,2.78219,3.5478e-05,-9.21782,134
-7,134,2.87538,-0.000259399,0,0,0,0,0,0,-1,143,16,2.87538,0.000259236,-4.12462,134
-2,134,2.96564,-0.000265121,0,0,0,0,0,0,-1,148,16,2.96564,0.000264357,0.965637,134
3,134,3.05165,-0.000621796,0,0,0,0,0,0,-1,153,16,3.05165,0.000622244,6.05165,133.999
8,134,3.14119,-0.000457764,0,0,0,0,0,0,-1,158,16,3.14119,0.000458407,11.1412,134
13,134,3.23947,-0.00118065,0,0,0,0,0,0,-1,163,16,3.23948,0.00118018,16.2395,133.999
18,134,3.34373,-0.000150681,0,0,0,0,0,0,-1,168,16,3.34373,0.000150482,21.3437,134
23,134,3.45491,0.00329494,0,0,0,0,0,0,-1,173,16,3.45492,-0.00329467,26.4549,134.003
28,134,3.56911,0.00509453,0,0,0,0,0,0,-1,178,16,3.56911,-0.00509411,31.5691,134.005
33,134,3.67906,0.00308323,0,0,0,0,0,0,-1,183,16,3.67905,-0.0030833,36.6791,134.003
38,134,3.78229,0.00231266,0,0,0,0,0,0,-1,188,16,3.78228,-0.00231235,41.7823,134.002
43,134,3.87573,0.0012722,0,0,0,0,0,0,-1,193,16,3.87574,-0.00127223,46.8757,134.001
48,134,3.96344,0.000517845,0,0,0,0,0,0,-1,198,16,3.96344,-0.000518154,51.9634,134.001
53,134,4.05107,-0.000226974,0,0,0,0,0,0,-1,203,16,4.05106,0.000226914,57.0511,134
58,134,4.14113,-0.000547409,0,0,0,0,0,0,-1,208,16,4.14113,0.000547865,62.1411,133.999
63,134,4.23933,0.00105762,0,0,0,0,0,0,-1,213,16,4.23933,-0.00105748,67.2393,134.001
68,134,4.34398,0.00145435,0,0,0,0,0,0,-1,218,16,4.34397,-0.00145419,72.344,134.001
73,134,4.45255,0.00191021,0,0,0,0,0,0,-1,223,16,4.45255,-0.00190995,77.4525,134.002
78,134,4.5659,0.000533104,0,0,0,0,0,0,-1,228,16,4.5659,-0.000533297,82.5659,134.001
83,134,4.67574,0.000796318,0,0,0,0,0,0,-1,233,16,4.67573,-0.00079592,87.6757,134.001
88,134,4.78111,0.00117779,0,0,0,0,0,0,-1,238,16,4.78112,-0.0011779,92.7811,134.001
93,134,4.87605,0.000730515,0,0,0,0,0,0,-1,243,16,4.87606,-0.000730368,97.8761,134.001
98,134,4.96585,0.000138283,0,0,0,0,0,0,-1,248,16,4.96586,-0.000138507,102.966,134
103,134,5.05374,-0.00019455,0,0,0,0,0,0,-1,253,16,5.05375,0.000194711,108.054,134
108,134,5.14255,-0.000453949,0,0,0,0,0,0,-1,258,16,5.14254,0.000453509,113.143,134
113,134,5.23895,-0.00139427,0,0,0,0,0,0,-1,263,16,5.23896,0.00139483,118.239,133.999
118,134,5.34616,-0.00299072,0,0,0,0,0,0,-1,268,16,5.34615,0.00299107,123.346,133.997
123,134,5.45395,-0.00115204,0,0,0,0,0,0,-1,273,16,5.45395,0.00115184,128.454,133.999
128,134,0,0,0,0,0,0,0,0,-1,278,16,0,0,128,134
-132,129,0.347328,0.00213432,0.0214414,-8.5165e-05,-0.000395432,0.0214486,-9.24272e-05,-0.0183613,0.00490474,18,21,0.347328,-0.0021352,-131.653,129.002
-127,129,0.455818,-7.62939e-05,0.0215901,-3.67537e-05,-0.00018328,0.0215917,-3.83072e-05,-0.00847383,0.0051549,23,21,0.455819,7.53854e-05,-126.544,129
-122,129,0.56563,-0.000394821,0.0213697,-3.11372e-05,-2.20224e-06,0.0213697,-3.11378e-05,-0.000102904,0.00499006,28,21,0.565629,0.0003946,-121.434,129
-117,129,0.678181,0.000385284,0.0207374,-5.85281e-05,0.000112128,0.020738,-5.91325e-05,0.0053916,0.00441171,33,21,0.678181,-0.000385148,-116.322,129
-112,129,0.780106,-0.000125885,0.019766,-0.000114655,0.000130194,0.0197668,-0.000115508,0.00654843,0.00372887,38,21,0.780105,0.000126599,-111.22,129
-107,129,0.875927,0.000766754,0.0187751,-0.000148487,8.62399e-05,0.0187755,-0.000148879,0.00455714,0.00299586,43,21,0.875926,-0.000766337,-106.124,129.001
-102,129,0.966244,-0.000841141,0.0181627,-0.000143381,2.94264e-05,0.0181628,-0.000143428,0.00160746,0.00235365,48,21,0.966245,0.000840263,-101.034,128.999
-97,129,1.05491,-0.000926971,0.0181635,-0.000104209,-4.49821e-06,0.0181635,-0.00010421,-0.000246239,0.00244295,53,21,1.05491,0.000926379,-95.9451,128.999
-92,129,1.14396,-0.00146294,0.0187639,-6.22349e-05,-3.06106e-05,0.018764,-6.2285e-05,-0.00162596,0.003023,58,21,1.14396,0.00146218,-90.856,128.999
-87,129,1.24026,-0.00190544,0.0197452,-3.23205e-05,-4.37072e-05,0.0197453,-3.24175e-05,-0.00220994,0.00382807,63,21,1.24026,0.00190586,-85.7597,128.998
-82,129,1.34409,-0.00240326,0.020704,-4.44796e-07,-5.46279e-05,0.0207041,-5.89527e-07,-0.00263844,0.00444056,68,21,1.34409,0.00240311,-80.6559,128.998
-77,129,1.45351,-0.00205612,0.0212582,2.55437e-05,-4.8666e-05,0.0212583,2.54326e-05,-0.00229202,0.00486952,73,21,1.45352,0.00205536,-75.5465,128.998
-72,129,1.56407,-0.00144386,0.0212318,4.19001e-05,-2.85398e-05,0.0212318,4.1862e-05,-0.00134686,0.00501881,78,21,1.56408,0.00144416,-70.4359,128.999
-67,129,1.67197,-0.000291824,0.0206628,4.8851e-05,-3.97526e-06,0.0206628,4.88507e-05,-0.000192843,0.00464162,83,21,1.67197,0.000292751,-65.328,129
-62,129,1.77568,2.67029e-05,0.0197548,5.74637e-05,1.15721e-05,0.0197548,5.74579e-05,0.000587494,0.0039179,88,21,1.77568,-2.76031e-05,-60.2243,129
-57,129,1.873,0.000671387,0.0188402,5.86538e-05,2.23628e-05,0.0188402,5.86277e-05,0.00119068,0.00302178,93,21,1.873,-0.000672227,-55.127,129.001
-52,129,1.9626,0.000701904,0.0182352,6.68201e-05,2.99976e-05,0.0182353,6.67712e-05,0.00165108,0.00248796,98,21,1.9626,-0.000701031,-50.0374,129.001
-47,129,2.05135,0.00069809,0.018207,6.27352e-05,3.5891e-05,0.0182071,6.2665e-05,0.00197808,0.00274696,103,21,2.05134,-0.000697378,-44.9487,129.001
-42,129,2.14245,0.00163651,0.0188533,5.55987e-05,4.1399e-05,0.0188534,5.55068e-05,0.00220232,0.00348271,108,21,2.14245,-0.00163583,-39.8576,129.002
-37,129,2.236,0.000686646,0.0199374,4.44398e-05,3.80347e-05,0.0199374,4.43663e-05,0.00191196,0.00416938,113,21,2.236,-0.000686352,-34.764,129.001
-32,129,2.34253,0.00031662,0.0210263,3.92352e-05,3.47773e-05,0.0210264,3.9177e-05,0.00165708,0.00469843,118,21,2.34253,-0.000317363,-29.6575,129
-27,129,2.4549,0.000392914,0.021677,5.12616e-05,4.15708e-05,0.021677,5.11818e-05,0.00192228,0.00491414,123,21,2.4549,-0.00039317,-24.5451,129
-22,129,2.56691,0.000482559,0.0215877,7.00092e-05,5.11445e-05,0.0215878,6.98874e-05,0.00237684,0.00484955,128,21,2.56691,-0.000482786,-19.4331,129
-17,129,2.67844,0.000434875,0.0208086,6.49877e-05,4.51965e-05,0.0208087,6.4889e-05,0.00217881,0.0044816,133,21,2.67843,-0.000435742,-14.3216,129
-12,129,2.78169,-0.000535965,0.0196719,3.13719e-05,3.31697e-05,0.019672,3.13167e-05,0.00168883,0.00390148,138,21,2.78169,0.000536633,-9.21831,128.999
-7,129,2.87576,-0.000455856,0.0185824,-5.13624e-06,1.70315e-05,0.0185824,-5.15115e-06,0.000916284,0.00317873,143,21,2.87577,0.000455477,-4.12424,129
-2,129,2.96518,-0.00043869,0.0179476,-9.75766e-06,-1.29439e-06,0.0179476,-9.7584e-06,-7.20811e-05,0.00245589,148,21,2.96518,0.000438795,0.965179,129
3,129,3.05171,-0.000940323,0.0180059,3.99578e-05,-3.89214e-06,0.0180059,3.99565e-05,-0.00021664,0.00246199,153,21,3.05172,0.000939968,6.05171,128.999
8,129,3.14099,-0.00130272,0.0187269,0.000134368,4.38237e-05,0.018727,0.000134264,0.00235704,0.00330068,158,21,3.14099,0.00130356,11.141,128.999
13,129,3.23727,-0.00298119,0.0198765,0.000260121,0.000149309,0.0198777,0.000258984,0.00761087,0.00404609,163,21,3.23727,0.00298074,16.2373,128.997
18,129,3.34154,-0.00259781,0.021036,0.000370314,0.000243877,0.0210388,0.000367437,0.0117989,0.00490268,168,21,3.34153,0.00259853,21.3415,128.997
23,129,3.45322,3.05176e-05,0.0217317,0.000409755,0.000239982,0.0217344,0.000407053,0.0112533,0.00547627,173,21,3.45322,-3.14175e-05,26.4532,129
28,129,3.56848,0.00265503,0.0216609,0.000376217,0.000149492,0.0216619,0.000375167,0.00702301,0.00554317,178,21,3.56848,-0.00265467,31.5685,129.003
33,129,3.67908,0.0021019,0.0208307,0.000289622,4.46892e-05,0.0208308,0.000289526,0.00217559,0.00512598,183,21,3.67908,-0.00210184,36.6791,129.002
38,129,3.78218,0.00152397,0.019597,0.000189176,-6.72847e-06,0.019597,0.000189174,-0.000346688,0.00427609,188,21,3.78218,-0.00152472,41.7822,129.002
43,129,3.87595,0.00166321,0.0184874,9.43291e-05,-1.56163e-05,0.0184874,9.4316e-05,-0.00084903,0.00324639,193,21,3.87595,-0.00166294,46.8759,129.002
48,129,3.96318,0.00125694,0.0179267,3.91142e-06,-1.79598e-05,0.0179267,3.89386e-06,-0.00100206,0.00242614,198,21,3.96318,-0.00125609,51.9632,129.001
53,129,4.05081,0.00022316,0.0180836,-7.75956e-05,-1.83142e-05,0.0180836,-7.76146e-05,-0.00100842,0.00260921,203,21,4.05081,-0.000223784,57.0508,129
58,129,4.14102,0.000265121,0.018838,-0.000130668,9.86752e-06,0.018838,-0.000130673,0.0005202,0.00325599,208,21,4.14103,-0.000264256,62.141,129
63,129,4.2384,0.00114441,0.0198908,-0.000156513,3.63073e-05,0.0198909,-0.000156579,0.00181107,0.00408518,213,21,4.23841,-0.00114506,67.2384,129.001
68,129,4.34312,0.00109291,0.0208878,-0.000155757,3.87816e-05,0.0208878,-0.000155828,0.00184291,0.00459003,218,21,4.34313,-0.00109368,72.3431,129.001
73,129,4.45197,0.00141716,0.0215095,-0.000123175,1.13839e-05,0.0215095,-0.00012318,0.000526237,0.00487807,223,21,4.45197,-0.00141732,77.452,129.001
78,129,4.56529,0.000339508,0.0215287,-5.95948e-05,-1.9149e-05,0.0215287,-5.96121e-05,-0.000887009,0.00471633,228,21,4.5653,-0.000338841,82.5653,129
83,129,4.67529,0.000423431,0.0209027,2.33561e-05,-3.13473e-05,0.0209027,2.33091e-05,-0.00150135,0.00429604,233,21,4.6753,-0.000423552,87.6753,129
88,129,4.78096,0.000240326,0.0198448,7.40363e-05,-1.57775e-05,0.0198448,7.40243e-05,-0.000798022,0.00374557,238,21,4.78097,-0.000239408,92.781,129
93,129,4.87627,0.000185013,0.0187554,5.77733e-05,4.46396e-06,0.0187554,5.77727e-05,0.000238745,0.00303436,243,21,4.87627,-0.000185547,97.8763,129
98,129,4.96558,0.000892639,0.0180763,-3.10623e-05,2.83221e-05,0.0180763,-3.11052e-05,0.00156412,0.00261405,248,21,4.96557,-0.000892018,102.966,129.001
103,129,5.05359,0.00088501,0.0181205,-0.000158352,2.33782e-05,0.0181205,-0.000158381,0.00127897,0.0025983,253,21,5.0536,-0.000884315,108.054,129.001
108,129,5.14194,0.000892639,0.0188539,-0.000276929,-4.24289e-06,0.0188539,-0.00027693,-0.000221782,0.00310177,258,21,5.14195,-0.00089178,113.142,129.001
113,129,5.23938,0.000513077,0.0198887,-0.000330226,-3.88849e-05,0.0198887,-0.000330302,-0.00192319,0.0039845,263,21,5.23937,-0.000514008,118.239,129.001
118,129,5.34647,-0.00149155,0.0209272,-0.000324677,-6.58363e-05,0.0209274,-0.000324882,-0.00309787,0.00482576,268,21,5.34648,0.00149144,123.346,128.999
123,129,5.45477,-0.001297,0.0215392,-0.000215201,-4.23989e-05,0.0215392,-0.000215284,-0.00194898,0.00536116,273,21,5.45478,0.00129683,128.455,128.999
128,129,5.56577,-0.00192833,0,0,0,0,0,0,-1,278,21,5.56576,0.00192746,133.566,128.998
-132,124,0.348942,0.00288391,0.0213046,7.42955e-05,-0.000329658,0.0213098,6.91777e-05,-0.0155227,0.00458029,18,26,0.348942,-0.00288375,-131.651,124.003
-127,124,0.456581,1.14441e-05,0.0214569,8.13996e-05,-0.000125533,0.0214577,8.06618e-05,-0.00587246,0.00498621,23,26,0.456581,-1.09116e-05,-126.543,124
-122,124,0.565542,-0.000371933,0.0212686,6.69713e-05,3.52525e-05,0.0212687,6.69127e-05,0.00166272,0.00499097,28,26,0.565542,0.000371687,-121.434,124
-117,124,0.67535,0.000425339,0.0206848,3.6617e-05,0.000129461,0.0206857,3.58066e-05,0.00626951,0.00444987,33,26,0.675349,-0.00042461,-116.325,124
-112,124,0.778828,0.000570297,0.0197575,-8.8323e-06,0.000140025,0.0197585,-9.82452e-06,0.00708355,0.00375515,38,26,0.778828,-0.000569882,-111.221,124.001
-107,124,0.874641,0.00173569,0.0187866,-4.72159e-05,0.000105386,0.0187872,-4.78057e-05,0.00559533,0.00299643,43,26,0.874641,-0.00173495,-106.125,124.002
-102,124,0.965637,4.76837e-05,0.018182,-7.35685e-05,6.93817e-05,0.0181823,-7.38325e-05,0.0038005,0.0023225,48,26,0.965636,-4.80515e-05,-101.034,124
-97,124,1.05431,-0.000597,0.0182051,-8.41619e-05,4.71179e-05,0.0182052,-8.42828e-05,0.00257624,0.00244049,53,26,1.05431,0.000596496,-95.9457,123.999
-92,124,1.14351,-0.00115395,0.0188344,-8.81643e-05,2.39812e-05,0.0188345,-8.81953e-05,0.00126733,0.00300562,58,26,1.14351,0.00115322,-90.8565,123.999
-87,124,1.24055,-0.00182915,0.0198275,-9.08637e-05,3.08062e-06,0.0198275,-9.08636e-05,0.000154662,0.00376316,63,26,1.24055,0.00182873,-85.7595,123.998
-82,124,1.3447,-0.00239754,0.0207797,-8.75326e-05,-1.37994e-05,0.0207797,-8.75425e-05,-0.000661294,0.00437195,68,26,1.3447,0.00239676,-80.6553,123.998
-77,124,1.45394,-0.00209999,0.0213129,-7.33707e-05,-1.67219e-05,0.021313,-7.33845e-05,-0.000781897,0.0047703,73,26,1.45394,0.00209928,-75.5461,123.998
-72,124,1.56597,-0.00223732,0.0212673,-4.76098e-05,-2.29174e-05,0.0212673,-4.76334e-05,-0.00107518,0.00487489,78,26,1.56597,0.00223822,-70.434,123.998
-67,124,1.67271,-0.000242233,0.0206788,-6.92917e-06,-4.28807e-05,0.0206789,-7.01752e-06,-0.00207295,0.00448027,83,26,1.6727,0.000242979,-65.3273,124
-62,124,1.77579,-0.00022316,0.0197403,4.43872e-05,-6.32897e-05,0.0197405,4.41829e-05,-0.00321329,0.0037765,88,26,1.7758,0.000222539,-60.2242,124
-57,124,1.87331,0.000261307,0.0187875,8.7013e-05,-5.83006e-05,0.0187877,8.68319e-05,-0.00311755,0.002945,93,26,1.87332,-0.000261093,-55.1267,124
-52,124,1.96283,0.000354767,0.0181553,0.00011919,-2.52575e-05,0.0181554,0.000119155,-0.00140038,0.00243079,98,26,1.96283,-0.00035496,-50.0372,124
-47,124,2.05123,0.000741959,0.0181256,0.000130835,1.47236e-05,0.0181256,0.000130822,0.000818219,0.00280439,103,26,2.05123,-0.00074196,-44.9488,124.001
-42,124,2.14145,0.00120163,0.018798,0.00012451,3.91338e-05,0.0187981,0.000124428,0.00209568,0.00357457,108,26,2.14145,-0.00120163,-39.8586,124.001
-37,124,2.23556,0.000530243,0.0199132,0.000108569,4.42367e-05,0.0199133,0.000108471,0.00223363,0.00435164,113,26,2.23555,-0.000529585,-34.7644,124.001
-32,124,2.34187,0.000322342,0.0210094,9.29961e-05,4.49488e-05,0.0210095,9.28994e-05,0.00214896,0.00486735,118,26,2.34187,-0.000321975,-29.6581,124
-27,124,2.45467,0.000417709,0.0216525,8.09717e-05,5.76064e-05,0.0216526,8.08174e-05,0.00267046,0.00504735,123,26,2.45467,-0.00041712,-24.5453,124
-22,124,2.56638,0.000200272,0.021576,6.54637e-05,7.56051e-05,0.0215762,6.51991e-05,0.00351474,0.00488528,128,26,2.56638,-0.000200227,-19.4336,124
-17,124,2.67703,-0.000335693,0.0208305,3.28758e-05,7.61598e-05,0.0208307,3.25963e-05,0.00366189,0.00439329,133,26,2.67704,0.000335498,-14.323,124
-12,124,2.7811,-0.000471115,0.0197168,-7.38133e-06,5.64987e-05,0.0197169,-7.54371e-06,0.00286441,0.00370206,138,26,2.7811,0.000471422,-9.2189,124
-7,124,2.8759,-0.000125885,0.0186259,-3.20406e-05,2.31338e-05,0.018626,-3.20701e-05,0.00123989,0.00301035,143,26,2.8759,0.000126669,-4.1241,124
-2,124,2.96471,-0.000358582,0.0179629,-2.76872e-05,-1.97857e-05,0.0179629,-2.77078e-05,-0.00109978,0.00241232,148,26,2.96471,0.000359207,0.964706,124
3,124,3.05148,-0.000892639,0.0179774,9.64686e-07,-5.03793e-05,0.0179776,8.23289e-07,-0.00280249,0.00250058,153,26,3.05149,0.00089255,6.05148,123.999
8,124,3.14053,-0.00165367,0.0186697,4.1149e-05,-3.18301e-05,0.0186697,4.10955e-05,-0.00170867,0.00341222,158,26,3.14053,0.00165289,11.1405,123.998
13,124,3.23578,-0.00408936,0.0198357,9.39612e-05,5.27922e-05,0.0198359,9.38205e-05,0.00267411,0.00431929,163,26,3.23578,0.00408961,16.2358,123.996
18,124,3.33917,-0.00449181,0.0210573,0.000149284,0.000153486,0.0210584,0.000148157,0.00734048,0.00512929,168,26,3.33918,0.00449178,21.3392,123.996
23,124,3.45151,-0.00243568,0.0218024,0.000179279,0.00018844,0.021804,0.000177638,0.00871388,0.00576216,173,26,3.45151,0.00243578,26.4515,123.998
28,124,3.56848,0.000843048,0.0217223,0.000176863,0.000146393,0.0217233,0.000175869,0.00679418,0.00587914,178,26,3.56849,-0.000842331,31.5685,124.001
33,124,3.67979,0.000968933,0.0208443,0.000142986,7.52091e-05,0.0208446,0.000142713,0.00363299,0.00548037,183,26,3.6798,-0.000969564,36.6798,124.001
38,124,3.78134,0.000198364,0.0195818,0.000102238,2.93453e-05,0.0195818,0.000102195,0.00150646,0.00443502,188,26,3.78135,-0.000197645,41.7813,124
43,124,3.87589,0.00141716,0.0184878,7.06126e-05,1.04748e-05,0.0184878,7.06073e-05,0.000568753,0.00325673,193,26,3.87588,-0.00141793,46.8759,124.001
48,124,3.96297,0.00125313,0.01795,4.45582e-05,2.12634e-06,0.01795,4.45582e-05,0.000118754,0.00234552,198,26,3.96297,-0.00125257,51.963,124.001
53,124,4.05087,0.000541687,0.0180964,2.02363e-05,9.3818e-08,0.0180964,2.02358e-05,5.19015e-06,0.00262152,203,26,4.05087,-0.000541842,57.0509,124.001
58,124,4.14153,0.00111198,0.0188246,4.53981e-06,1.90926e-05,0.0188247,4.51971e-06,0.00101447,0.00345732,208,26,4.14152,-0.00111163,62.1415,124.001
63,124,4.23816,0.00205612,0.019865,-1.15256e-06,3.1629e-05,0.019865,-1.20327e-06,0.0015921,0.00435264,213,26,4.23816,-0.00205581,67.2382,124.002
68,124,4.34225,0.0019722,0.0208782,3.41473e-06,2.07593e-05,0.0208782,3.39374e-06,0.000994467,0.00484244,218,26,4.34225,-0.00197162,72.3423,124.002
73,124,4.45184,0.00204849,0.0215337,2.2653e-05,-1.38515e-05,0.0215337,2.26442e-05,-0.000643925,0.00504538,223,26,4.45184,-0.00204881,77.4518,124.002
78,124,4.56508,0.00107574,0.0215702,5.04018e-05,-4.29049e-05,0.0215702,5.03156e-05,-0.00199373,0.00481243,228,26,4.56508,-0.00107549,82.5651,124.001
83,124,4.67567,0.000371933,0.0209304,8.20757e-05,-4.44563e-05,0.0209305,8.19806e-05,-0.00213236,0.00430759,233,26,4.67567,-0.000371472,87.6757,124
88,124,4.78082,-0.000535965,0.0198439,9.00757e-05,-1.03215e-05,0.0198439,9.00701e-05,-0.000522507,0.00374026,238,26,4.78083,0.000536214,92.7808,123.999
93,124,4.8765,-0.000514984,0.0187279,6.53612e-05,2.90636e-05,0.0187279,6.53174e-05,0.00155732,0.00310497,243,26,4.87649,0.000515357,97.8765,123.999
98,124,4.96548,0.0012188,0.0180449,1.24228e-05,6.01947e-05,0.0180451,1.22208e-05,0.00333808,0.00268134,248,26,4.96548,-0.00121886,102.965,124.001
103,124,5.05356,0.00164032,0.0181052,-5.12277e-05,4.97222e-05,0.0181053,-5.13643e-05,0.00273852,0.00266307,253,26,5.05357,-0.00163975,108.054,124.002
108,124,5.14087,0.00221443,0.0188563,-0.000115332,8.71388e-06,0.0188563,-0.000115335,0.000459312,0.00313186,258,26,5.14087,-0.00221352,113.141,124.002
113,124,5.2395,0.00271416,0.0199088,-0.000154949,-4.36458e-05,0.0199089,-0.000155045,-0.00217534,0.00402498,263,26,5.23951,-0.00271496,118.24,124.003
118,124,5.34634,0.000602722,0.0209555,-0.000173611,-9.16666e-05,0.0209559,-0.000174009,-0.00433828,0.00477124,268,26,5.34634,-0.000601986,123.346,124.001
123,124,5.45496,-0.000524521,0.0215664,-0.00012975,-9.94611e-05,0.0215668,-0.000130206,-0.00458415,0.00523753,273,26,5.45494,0.000524597,128.455,123.999
128,124,5.56601,-0.00241852,0,0,0,0,0,0,-1,278,26,5.566,0.00241834,133.566,123.998
-132,119,0.34833,0.000917435,0.0212022,0.000145132,-0.000261179,0.0212054,0.000141893,-0.0124009,0.00445503,18,31,0.34833,-0.000917718,-131.652,119.001
-127,119,0.45557,-0.00189972,0.0213663,0.000121401,-7.69693e-05,0.0213666,0.000121123,-0.00362288,0.00479446,23,31,0.455571,0.0019006,-126.544,118.998
-122,119,0.564548,-0.0015316,0.021208,0.000105465,5.70059e-05,0.0212081,0.00010531,0.00270135,0.0047647,28,31,0.564548,0.00153183,-121.435,118.998
-117,119,0.674469,-0.000246048,0.0206542,9.2374e-05,0.000132508,0.0206551,9.15201e-05,0.00644398,0.00430203,33,31,0.674469,0.00024686,-116.326,119
-112,119,0.778305,0.000228882,0.0197429,7.10688e-05,0.00014259,0.0197439,7.00355e-05,0.00724795,0.0037156,38,31,0.778305,-0.000229065,-111.222,119
-107,119,0.87347,0.00166321,0.0187706,3.63333e-05,0.000121628,0.0187714,3.5543e-05,0.0064919,0.00299028,43,31,0.873472,-0.00166349,-106.127,119.002
-102,119,0.964405,0.000219345,0.0181719,-1.25281e-05,0.000103862,0.0181725,-1.31214e-05,0.00571137,0.00239278,48,31,0.964406,-0.00022024,-101.036,119
-97,119,1.0523,-0.000204086,0.0182299,-6.24519e-05,9.01324e-05,0.0182304,-6.28969e-05,0.00492715,0.00255996,53,31,1.0523,0.000203867,-95.9477,119
-92,119,1.14186,-0.000324249,0.018902,-0.000103943,6.88086e-05,0.0189023,-0.000104193,0.0036203,0.00306537,58,31,1.14186,0.000324341,-90.8581,119
-87,119,1.24032,-0.000829697,0.0199128,-0.000131905,4.36722e-05,0.0199129,-0.000132,0.00217872,0.00377733,63,31,1.24032,0.00083031,-85.7597,118.999
-82,119,1.34489,-0.00123596,0.0208586,-0.000143417,2.08426e-05,0.0208587,-0.000143437,0.000992405,0.00436581,68,31,1.34489,0.00123582,-80.6551,118.999
-77,119,1.45399,-0.00053978,0.0213849,-0.000127144,5.68338e-06,0.0213849,-0.000127146,0.000264195,0.00472276,73,31,1.45398,0.000539458,-75.546,118.999
-72,119,1.56595,-0.000530243,0.0213442,-8.80459e-05,-2.43012e-05,0.0213442,-8.80733e-05,-0.00113386,0.00480666,78,31,1.56595,0.000530873,-70.4341,118.999
-67,119,1.67407,0.00031662,0.0207476,-3.40182e-05,-7.57779e-05,0.0207479,-3.42941e-05,-0.00364632,0.00443149,83,31,1.67408,-0.000317217,-65.3259,119
-62,119,1.77712,-0.00021553,0.0197613,2.06181e-05,-0.000119593,0.0197621,1.98931e-05,-0.00605791,0.00377879,88,31,1.77713,0.00021518,-60.2229,119
-57,119,1.87495,-0.00102234,0.0187356,6.23419e-05,-0.000117551,0.0187363,6.16033e-05,-0.00629482,0.00301361,93,31,1.87494,0.00102167,-55.1251,118.999
-52,119,1.96367,-0.00146484,0.0180546,9.07392e-05,-7.0119e-05,0.0180549,9.04649e-05,-0.00390325,0.00248946,98,31,1.96367,0.00146476,-50.0363,118.999
-47,119,2.05112,-0.000829697,0.0180316,0.000105657,-1.30177e-05,0.0180316,0.000105647,-0.000726195,0.00295301,103,31,2.05112,0.000829309,-44.9489,118.999
-42,119,2.14049,-0.000751495,0.0187447,0.000102947,1.47183e-05,0.0187447,0.000102935,0.000789533,0.00382823,108,31,2.14049,0.000751289,-39.8595,118.999
-37,119,2.2348,-0.00111008,0.0198925,8.96529e-05,1.62761e-05,0.0198925,8.96398e-05,0.000821906,0.00466667,113,31,2.2348,0.00110996,-34.7652,118.999
-32,119,2.34113,-0.000833511,0.0209908,7.06081e-05,1.63111e-05,0.0209908,7.05943e-05,0.000779681,0.00496367,118,31,2.34112,0.000833444,-29.6589,118.999
-27,119,2.45329,-0.00108147,0.0216215,4.4699e-05,3.63664e-05,0.0216215,4.46383e-05,0.00168544,0.00514293,123,31,2.45329,0.00108138,-24.5467,118.999
-22,119,2.56476,-0.00133514,0.0215568,1.25109e-05,6.59615e-05,0.021557,1.23093e-05,0.00306163,0.00488412,128,31,2.56476,0.00133479,-19.4352,118.999
-17,119,2.67523,-0.000925064,0.0208472,-2.5833e-05,7.44392e-05,0.0208474,-2.60985e-05,0.00356623,0.00430314,133,31,2.67524,0.000925741,-14.3248,118.999
-12,119,2.78011,-0.00018692,0.0197592,-5.54545e-05,5.00853e-05,0.0197593,-5.55813e-05,0.00252767,0.00355391,138,31,2.78011,0.000186205,-9.21989,119
-7,119,2.87538,0.000259399,0.0186738,-6.44168e-05,4.55424e-06,0.0186738,-6.44187e-05,0.000243045,0.00289857,143,31,2.87538,-0.000260346,-4.12462,119
-2,119,2.96449,-0.000408173,0.0179983,-5.72852e-05,-5.15951e-05,0.0179985,-5.74337e-05,-0.00285754,0.00240688,148,31,2.96449,0.000407334,0.964493,119
3,119,3.05086,-0.00117683,0.0179846,-5.58867e-05,-9.68001e-05,0.0179851,-5.64065e-05,-0.00536551,0.00255714,153,31,3.05086,0.00117697,6.05086,118.999
8,119,3.14076,-0.00228691,0.0186491,-7.33786e-05,-9.65993e-05,0.0186496,-7.38772e-05,-0.00515935,0.00357155,158,31,3.14077,0.00228599,11.1408,118.998
13,119,3.23508,-0.0046978,0.0198081,-9.70092e-05,-3.08961e-05,0.0198081,-9.70569e-05,-0.00155217,0.00464019,163,31,3.23508,0.00469859,16.2351,118.995
18,119,3.33774,-0.00546265,0.0210487,-9.84887e-05,6.88385e-05,0.0210489,-9.87137e-05,0.00325516,0.00544596,168,31,3.33774,0.00546303,21.3377,118.995
23,119,3.45108,-0.00378227,0.0218129,-7.2358e-05,0.000131458,0.0218136,-7.31479e-05,0.00600639,0.0059779,173,31,3.45108,0.00378248,26.4511,118.996
28,119,3.56955,8.96454e-05,0.0217292,-3.02468e-05,0.000127532,0.02173,-3.09944e-05,0.00586072,0.00608978,178,31,3.56954,-9.04361e-05,31.5695,119
33,119,3.68048,0.000955582,0.0208344,4.43415e-06,8.12853e-05,0.0208347,4.11831e-06,0.00390224,0.00568527,183,31,3.68048,-0.000955968,36.6805,119.001
38,119,3.78035,0.000219345,0.0195718,2.93921e-05,3.53506e-05,0.0195718,2.93283e-05,0.00180891,0.00450573,188,31,3.78036,-0.000218516,41.7803,119
43,119,3.87561,0.00146484,0.0184986,5.31522e-05,6.7048e-06,0.0184986,5.31496e-05,0.000363494,0.00323955,193,31,3.87561,-0.00146568,46.8756,119.001
48,119,3.96289,0.000827789,0.0179711,7.62122e-05,-2.74266e-06,0.0179711,7.62111e-05,-0.000153265,0.00228238,198,31,3.96289,-0.00082736,51.9629,119.001
53,119,4.05093,-8.58307e-05,0.018106,9.43169e-05,2.87484e-06,0.018106,9.43169e-05,0.000159609,0.00255298,203,31,4.05093,8.58365e-05,57.0509,119
58,119,4.14156,0.000566483,0.0188228,0.00010707,1.90263e-05,0.0188228,0.000107051,0.00101659,0.00347032,208,31,4.14156,-0.00056611,62.1416,119.001
63,119,4.23816,0.00101852,0.0198599,0.000118617,2.13293e-05,0.0198599,0.000118594,0.00108044,0.00438656,213,31,4.23815,-0.00101872,67.2382,119.001
68,119,4.34216,0.000860214,0.0208809,0.00012071,3.77325e-07,0.0208809,0.000120711,1.81754e-05,0.00495202,218,31,4.34216,-0.000860253,72.3422,119.001
73,119,4.4511,0.000837326,0.0215503,0.00011176,-3.04318e-05,0.0215504,0.000111718,-0.00141948,0.0051404,223,31,4.45109,-0.00083675,77.4511,119.001
78,119,4.56438,-0.000421524,0.0215901,8.94667e-05,-4.44644e-05,0.0215902,8.93744e-05,-0.00206804,0.00488845,228,31,4.56438,0.000422417,82.5644,119
83,119,4.67766,-0.00147629,0.0209397,6.92007e-05,-2.62437e-05,0.0209397,6.91675e-05,-0.00125745,0.0043667,233,31,4.67766,0.00147698,87.6777,118.999
88,119,4.78119,-0.00163078,0.0198376,5.41498e-05,1.92612e-05,0.0198376,5.41303e-05,0.000973598,0.00379875,238,31,4.78118,0.00162997,92.7812,118.998
93,119,4.87697,-0.00121117,0.0187082,4.75666e-05,6.04678e-05,0.0187083,4.73699e-05,0.00324036,0.00316804,243,31,4.87696,0.00121082,97.877,118.999
98,119,4.96535,0.0011158,0.0180296,4.48603e-05,8.04027e-05,0.01803,4.45005e-05,0.00447048,0.00267851,248,31,4.96535,-0.00111622,102.965,119.001
103,119,5.05371,0.00149155,0.0181039,4.08595e-05,5.91776e-05,0.0181041,4.06653e-05,0.00327612,0.00261047,253,31,5.0537,-0.00149225,108.054,119.001
108,119,5.14041,0.00174332,0.0188597,1.86182e-05,1.26566e-05,0.0188598,1.86106e-05,0.000671755,0.00301823,258,31,5.14041,-0.00174245,113.14,119.002
113,119,5.23993,0.00265694,0.0199136,-1.88785e-05,-3.77629e-05,0.0199137,-1.89496e-05,-0.00189453,0.00387648,263,31,5.23993,-0.00265691,118.24,119.003
118,119,5.34641,0.000720978,0.0209592,-6.91878e-05,-8.47413e-05,0.0209595,-6.95297e-05,-0.00402977,0.00454584,268,31,5.34639,-0.000721531,123.346,119.001
123,119,5.45517,-0.000926971,0.0215693,-0.000100392,-0.000105561,0.0215698,-0.000100907,-0.00487121,0.00496506,273,31,5.45518,0.000926481,128.455,118.999
128,119,5.56659,-0.00261497,0,0,0,0,0,0,-1,278,31,5.5666,0.00261415,133.567,118.997
-132,114,0.348398,0.000526428,0.0211573,0.000151708,-0.000187336,0.021159,0.000150038,-0.00891746,0.00444967,18,36,0.348399,-0.000525127,-131.652,114.001
-127,114,0.454662,-0.00222397,0.0213212,9.89378e-05,-4.21341e-05,0.0213213,9.88543e-05,-0.00198536,0.00472271,23,36,0.454662,0.00222377,-126.545,113.998
-122,114,0.563114,-0.0017128,0.0211793,8.46032e-05,5.34609e-05,0.0211794,8.44672e-05,0.00253431,0.00463251,28,36,0.563114,0.00171293,-121.437,113.998
-117,114,0.67271,-0.000988007,0.0206374,9.00344e-05,0.000107899,0.0206379,8.94684e-05,0.00525106,0.00415594,33,36,0.67271,0.000988527,-116.327,113.999
-112,114,0.777119,-0.000793457,0.0197278,9.39223e-05,0.000120861,0.0197286,9.31779e-05,0.00615543,0.00363505,38,36,0.777118,0.000792537,-111.223,113.999
-107,114,0.872231,0.000751495,0.0187483,7.12687e-05,0.000116356,0.0187491,7.0544e-05,0.00622959,0.00299086,43,36,0.872229,-0.000750027,-106.128,114.001
-102,114,0.962505,-0.000167847,0.0181531,1.81731e-05,0.000113818,0.0181539,1.74595e-05,0.00627585,0.00257856,48,36,0.962504,0.000169177,-101.037,114
-97,114,1.0501,0.000175476,0.0182426,-4.98518e-05,0.000106571,0.0182432,-5.04721e-05,0.0058257,0.00281416,53,36,1.0501,-0.000174333,-95.9499,114
-92,114,1.13956,0.000167847,0.0189547,-0.000114076,8.73955e-05,0.0189551,-0.000114476,0.00458304,0.00322095,58,36,1.13956,-0.000167046,-90.8604,114
-87,114,1.23956,-0.000389099,0.0199845,-0.000159408,6.16433e-05,0.0199847,-0.000159598,0.00306011,0.00383439,63,36,1.23956,0.00039012,-85.7604,114
-82,114,1.34451,-0.000804901,0.0209295,-0.000176338,3.32038e-05,0.0209295,-0.000176391,0.0015732,0.00434706,68,36,1.34451,0.000806341,-80.6555,113.999
-77,114,1.45332,-0.000286102,0.021458,-0.000149914,6.5203e-06,0.021458,-0.000149917,0.000301755,0.00463896,73,36,1.45332,0.000285769,-75.5467,114
-72,114,1.56593,2.28882e-05,0.0214302,-9.5142e-05,-3.39459e-05,0.0214302,-9.51961e-05,-0.00157702,0.0046186,78,36,1.56593,-2.27942e-05,-70.4341,114
-67,114,1.67465,-0.000236511,0.0208305,-3.9371e-05,-9.01482e-05,0.0208309,-3.976e-05,-0.00431943,0.00419512,83,36,1.67465,0.000237748,-65.3253,114
-62,114,1.78069,-0.000385284,0.0197962,-3.52582e-06,-0.000133271,0.0197971,-4.42285e-06,-0.00673055,0.00362266,88,36,1.78069,0.000384017,-60.2193,114
-57,114,1.87701,-0.00120163,0.018694,1.19861e-05,-0.000128453,0.0186949,1.11032e-05,-0.00687532,0.00302064,93,36,1.877,0.0012023,-55.123,113.999
-52,114,1.965,-0.00178528,0.0179652,1.95647e-05,-8.11895e-05,0.0179656,1.91983e-05,-0.00452406,0.00253227,98,36,1.96499,0.00178358,-50.035,113.998
-47,114,2.05102,-0.00111008,0.0179589,3.00054e-05,-2.77841e-05,0.0179589,2.99625e-05,-0.00154968,0.0029983,103,36,2.05102,0.00110961,-44.949,113.999
-42,114,2.13924,-0.00124741,0.0187201,3.47437e-05,-1.04547e-05,0.0187201,3.47383e-05,-0.000559515,0.0039161,108,36,2.13924,0.00124872,-39.8608,113.999
-37,114,2.23414,-0.00107574,0.019894,3.352e-05,-1.97209e-05,0.019894,3.35006e-05,-0.00099297,0.00478698,113,36,2.23414,0.00107471,-34.7659,113.999
-32,114,2.3409,-0.000843048,0.0209785,2.32988e-05,-2.28106e-05,0.0209785,2.32728e-05,-0.00108854,0.00518172,118,36,2.3409,0.000843787,-29.6591,113.999
-27,114,2.45248,-0.00110626,0.0215808,2.41667e-07,3.26484e-06,0.0215808,2.42144e-07,0.000151286,0.00517548,123,36,2.45249,0.00110792,-24.5475,113.999
-22,114,2.56435,-0.000286102,0.0215197,-3.01259e-05,4.20044e-05,0.0215197,-3.02084e-05,0.00194917,0.00484666,128,36,2.56434,0.000286534,-19.4357,114
-17,114,2.67435,4.19617e-05,0.0208474,-6.03329e-05,5.67404e-05,0.0208475,-6.04866e-05,0.00271382,0.0042251,133,36,2.67434,-4.23584e-05,-14.3257,114
-12,114,2.77963,0.000694275,0.0197949,-7.59482e-05,2.88977e-05,0.019795,-7.59894e-05,0.00145427,0.00343089,138,36,2.77963,-0.000695817,-9.22037,114.001
-7,114,2.87584,0.00069046,0.0187267,-7.53573e-05,-2.49651e-05,0.0187267,-7.53906e-05,-0.00132778,0.00281259,143,36,2.87584,-0.000691378,-4.12416,114.001
-2,114,2.96434,-0.0001297,0.0180517,-7.21167e-05,-8.50132e-05,0.0180521,-7.25146e-05,-0.00469054,0.00239986,148,36,2.96434,0.000128677,0.96434,114
3,114,3.05084,-0.00056076,0.0180187,-9.58003e-05,-0.000130141,0.0180196,-9.67346e-05,-0.00718386,0.0025503,153,36,3.05084,0.000562425,6.05084,113.999
8,114,3.14148,-0.00115204,0.01865,-0.000157716,-0.000131395,0.0186509,-0.000158634,-0.00698579,0.00359131,158,36,3.14147,0.00115123,11.1415,113.999
13,114,3.23602,-0.00213242,0.0197763,-0.000237077,-7.49135e-05,0.0197765,-0.000237358,-0.00374311,0.00468275,163,36,3.23602,0.0021314,16.236,113.998
18,114,3.33774,-0.00234222,0.021001,-0.000278788,1.72627e-05,0.0210011,-0.000278802,0.000811224,0.00550626,168,36,3.33775,0.00234145,21.3377,113.998
23,114,3.45123,-0.00109863,0.0217702,-0.000253342,8.65579e-05,0.0217705,-0.000253682,0.00393017,0.00603509,173,36,3.45123,0.00109976,26.4512,113.999
28,114,3.56941,0.00128555,0.021702,-0.000176635,9.67795e-05,0.0217025,-0.000177063,0.00442335,0.00616079,178,36,3.56942,-0.00128596,31.5694,114.001
33,114,3.67978,0.00147247,0.0208221,-9.05273e-05,5.85428e-05,0.0208223,-9.06903e-05,0.00279937,0.00572793,183,36,3.67978,-0.00147314,36.6798,114.001
38,114,3.77895,0.000324249,0.0195752,-1.97964e-05,7.4831e-06,0.0195752,-1.9799e-05,0.000381889,0.00448601,188,36,3.77894,-0.000323268,41.7789,114
43,114,3.87521,0.001194,0.0185155,3.8309e-05,-2.72568e-05,0.0185156,3.8269e-05,-0.00147515,0.00317684,193,36,3.87521,-0.00119413,46.8752,114.001
48,114,3.96286,6.48499e-05,0.0179865,9.11484e-05,-3.21878e-05,0.0179866,9.10908e-05,-0.00179866,0.00224284,198,36,3.96287,-6.50916e-05,51.9629,114
53,114,4.05104,-0.00116348,0.0181152,0.000138119,-1.61527e-05,0.0181152,0.000138104,-0.000898518,0.00252543,203,36,4.05103,0.00116432,57.051,113.999
58,114,4.1407,-0.000335693,0.0188343,0.000174072,1.09804e-06,0.0188343,0.000174072,5.8844e-05,0.00342179,208,36,4.1407,0.000335037,62.1407,114
63,114,4.2381,0.000209808,0.0198719,0.000200245,2.44697e-06,0.0198719,0.000200245,0.000124391,0.00430572,213,36,4.2381,-0.000209982,67.2381,114
68,114,4.34244,0.000385284,0.020886,0.000195831,-1.31888e-05,0.020886,0.000195823,-0.000637442,0.0049197,218,36,4.34244,-0.000383534,72.3424,114
73,114,4.45146,0.000282288,0.0215453,0.00015308,-2.39037e-05,0.0215454,0.000153053,-0.0011174,0.0051142,223,36,4.45146,-0.000284051,77.4515,114
78,114,4.56361,-0.000392914,0.0215748,8.11892e-05,-1.51423e-05,0.0215749,8.11778e-05,-0.000704501,0.00488145,228,36,4.56362,0.000393959,82.5636,114
83,114,4.67715,-0.00130081,0.020921,1.93301e-05,1.70927e-05,0.020921,1.93166e-05,0.00081777,0.00436102,233,36,4.67715,0.00129979,87.6772,113.999
88,114,4.78108,-0.00131989,0.0198233,-1.3492e-06,5.93574e-05,0.0198234,-1.52644e-06,0.00299409,0.00379934,238,36,4.78109,0.00131873,92.7811,113.999
93,114,4.87648,-0.000923157,0.0187023,2.04951e-05,8.84529e-05,0.0187027,2.00765e-05,0.00473456,0.00316638,243,36,4.87647,0.000921319,97.8765,113.999
98,114,4.96513,0.00114059,0.0180416,6.32142e-05,8.81683e-05,0.018042,6.27823e-05,0.00490397,0.0025835,248,36,4.96514,-0.00114163,102.965,114.001
103,114,5.05417,0.000995636,0.0181285,0.000101329,5.60542e-05,0.0181287,0.000101156,0.00310939,0.00244242,253,36,5.05417,-0.000995948,108.054,114.001
108,114,5.14011,0.000995636,0.0188756,0.000106334,9.699e-06,0.0188756,0.000106329,0.00051675,0.00293693,258,36,5.14011,-0.000994575,113.14,114.001
113,114,5.23965,0.00209808,0.0199121,7.10962e-05,-2.89377e-05,0.0199122,7.10534e-05,-0.00145847,0.00378467,263,36,5.23964,-0.00209829,118.24,114.002
118,114,5.34604,0.00112152,0.0209433,1.11276e-06,-6.13017e-05,0.0209435,9.33185e-07,-0.00292715,0.00438349,268,36,5.34603,-0.00112168,123.346,114.001
123,114,5.45462,-0.000110626,0.0215557,-8.96894e-05,-8.39229e-05,0.021556,-9.00151e-05,-0.0038771,0.00474595,273,36,5.45462,0.000110579,128.455,114
128,114,5.56674,-0.00151825,0,0,0,0,0,0,-1,278,36,5.56674,0.00151861,133.567,113.998
-132,109,0.347063,-0.000656128,0.0212069,8.06405e-05,-0.000101134,0.0212074,8.01571e-05,-0.00478699,0.00447324,18,41,0.347063,0.000657885,-131.653,108.999
-127,109,0.453978,-0.00276566,0.021353,3.12334e-06,-2.07077e-05,0.0213531,3.10317e-06,-0.00096992,0.00472208,23,41,0.453977,0.00276709,-126.546,108.997
-122,109,0.562609,-0.00178909,0.021203,-9.74397e-06,2.05679e-05,0.0212031,-9.76305e-06,0.000969599,0.00466147,28,41,0.562608,0.00179081,-121.437,108.998
-117,109,0.671833,-0.00182724,0.0206445,1.18495e-05,4.61089e-05,0.0206446,1.17477e-05,0.00223474,0.00426607,33,41,0.671834,0.00182589,-116.328,108.998
-112,109,0.776783,-0.00209045,0.0197145,4.15172e-05,6.10204e-05,0.0197147,4.13274e-05,0.00310169,0.00375441,38,41,0.776781,0.00209101,-111.223,108.998
-107,109,0.871208,-0.000225067,0.0187205,4.23986e-05,7.50683e-05,0.0187208,4.20976e-05,0.00401898,0.00307891,43,41,0.871208,0.000224304,-106.129,109
-102,109,0.96114,-0.000411987,0.0181276,8.75027e-06,8.72408e-05,0.0181281,8.33068e-06,0.00481476,0.00271194,48,41,0.961138,0.000410984,-101.039,109
-97,109,1.04914,0.000526428,0.018242,-4.84498e-05,8.79285e-05,0.0182424,-4.88721e-05,0.00480721,0.00293051,53,41,1.04914,-0.000528161,-95.9509,109.001
-92,109,1.13773,0.00069809,0.0189844,-0.000111918,7.32046e-05,0.0189846,-0.000112197,0.00383337,0.00341802,58,41,1.13773,-0.000696913,-90.8623,109.001
-87,109,1.23853,0.00111389,0.0200295,-0.000159782,4.93138e-05,0.0200296,-0.000159902,0.00244255,0.00400196,63,41,1.23854,-0.00111271,-85.7615,109.001
-82,109,1.3441,0.000621796,0.0209799,-0.000171968,1.40997e-05,0.0209799,-0.000171978,0.000666592,0.00442994,68,41,1.3441,-0.000622722,-80.6559,109.001
-77,109,1.45333,0.000957489,0.0215188,-0.000133457,-2.26883e-05,0.0215188,-0.000133481,-0.00104785,0.00474911,73,41,1.45333,-0.000959137,-75.5467,109.001
-72,109,1.56585,0.00115585,0.0215054,-6.76934e-05,-5.82657e-05,0.0215056,-6.78515e-05,-0.00270082,0.00475844,78,41,1.56585,-0.00115546,-70.4342,109.001
-67,109,1.67522,-0.000202179,0.0209026,-2.18255e-05,-8.84892e-05,0.0209029,-2.2199e-05,-0.0042289,0.00429456,83,41,1.67522,0.000201196,-65.3248,109
-62,109,1.78286,0.000118256,0.0198265,-1.84994e-05,-0.000102098,0.0198271,-1.90251e-05,-0.00514458,0.00358677,88,41,1.78286,-0.000117111,-60.2171,109
-57,109,1.87875,-0.00088501,0.0186619,-4.32692e-05,-8.53598e-05,0.0186622,-4.36585e-05,-0.00456332,0.00296382,93,41,1.87874,0.000883525,-55.1213,108.999
-52,109,1.96632,-0.0016861,0.0179014,-6.61621e-05,-5.11456e-05,0.0179016,-6.63092e-05,-0.00284652,0.0025228,98,41,1.96633,0.00168578,-50.0337,108.998
-47,109,2.05177,-0.00104904,0.0179241,-6.77525e-05,-2.23143e-05,0.0179241,-6.77798e-05,-0.00124024,0.00290085,103,41,2.05177,0.00104908,-44.9482,108.999
-42,109,2.14016,-0.00132751,0.0187357,-5.54171e-05,-2.63265e-05,0.0187358,-5.54537e-05,-0.001401,0.00375597,108,41,2.14016,0.00132626,-39.8598,108.999
-37,109,2.23701,-0.000537872,0.0199246,-3.92845e-05,-4.88276e-05,0.0199247,-3.94043e-05,-0.00244578,0.00457654,113,41,2.23702,0.000536362,-34.763,108.999
-32,109,2.34322,-0.000579834,0.0209771,-2.94585e-05,-5.53852e-05,0.0209772,-2.9604e-05,-0.00263654,0.00502148,118,41,2.34321,0.000579724,-29.6568,108.999
-27,109,2.4539,-0.000564575,0.0215349,-3.20823e-05,-2.79262e-05,0.0215349,-3.21185e-05,-0.00129486,0.00505987,123,41,2.4539,0.000565513,-24.5461,108.999
-22,109,2.56517,0.00044632,0.0214665,-4.24239e-05,1.29557e-05,0.0214665,-4.24311e-05,0.000602338,0.00478403,128,41,2.56517,-0.000445403,-19.4348,109
-17,109,2.67424,0.00109863,0.020831,-5.39975e-05,2.98619e-05,0.020831,-5.40409e-05,0.00142982,0.00421529,133,41,2.67424,-0.00109837,-14.3258,109.001
-12,109,2.77946,0.00141907,0.0198249,-5.75656e-05,1.86959e-06,0.0198249,-5.7565e-05,9.40321e-05,0.00343495,138,41,2.77946,-0.00141767,-9.22054,109.001
-7,109,2.8759,0.00146103,0.0187861,-5.7608e-05,-5.33774e-05,0.0187863,-5.77597e-05,-0.0028326,0.00280444,143,41,2.87589,-0.00146135,-4.1241,109.001
-2,109,2.96503,0.000667572,0.0181209,-6.50149e-05,-0.000106509,0.0181215,-6.56396e-05,-0.00585643,0.00233243,148,41,2.96503,-0.00066764,0.965027,109.001
3,109,3.05217,8.39233e-05,0.0180709,-0.000105568,-0.000136021,0.0180719,-0.000106585,-0.00748282,0.00244399,153,41,3.05218,-8.3814e-05,6.05217,109
8,109,3.14342,-0.000663757,0.0186586,-0.000184816,-0.000122822,0.0186594,-0.000185615,-0.00651765,0.00343783,158,41,3.14342,0.00066266,11.1434,108.999
13,109,3.23878,-0.000659943,0.0197276,-0.000278126,-6.847e-05,0.0197278,-0.00027836,-0.00342247,0.00449711,163,41,3.23878,0.000659032,16.2388,108.999
18,109,3.33945,-0.0001297,0.0209087,-0.000324804,6.47062e-06,0.0209087,-0.000324806,0.000304736,0.00530586,168,41,3.33945,0.000129292,21.3394,109
23,109,3.45163,0.00118256,0.02168,-0.000291879,5.95342e-05,0.0216802,-0.000292039,0.00270954,0.0058897,173,41,3.45163,-0.00118234,26.4516,109.001
28,109,3.56873,0.00208282,0.0216566,-0.000200519,6.05355e-05,0.0216568,-0.000200687,0.00276957,0.00601046,178,41,3.56872,-0.00208231,31.5687,109.002
33,109,3.67836,0.0014267,0.0208263,-0.000100498,1.62918e-05,0.0208263,-0.000100511,0.000778513,0.00555542,183,41,3.67836,-0.00142763,36.6784,109.001
38,109,3.77907,0.000843048,0.0196041,-2.41847e-05,-4.28995e-05,0.0196042,-2.42786e-05,-0.00218558,0.00437633,188,41,3.77907,-0.000844607,41.7791,109.001
43,109,3.87468,0.000526428,0.01854,3.15615e-05,-8.13664e-05,0.0185404,3.1203e-05,-0.00439606,0.00312372,193,41,3.87468,-0.000525043,46.8747,109.001
48,109,3.96268,-0.000431061,0.0179928,8.32819e-05,-8.0082e-05,0.0179931,8.2925e-05,-0.00447136,0.00231598,198,41,3.96268,0.000431453,51.9627,109
53,109,4.0508,-0.00191498,0.0181193,0.000136778,-5.32763e-05,0.0181195,0.000136619,-0.00296263,0.00251438,203,41,4.05079,0.00191484,57.0508,108.998
58,109,4.14055,-0.00121307,0.0188519,0.000184468,-2.84031e-05,0.018852,0.000184425,-0.00152153,0.00323721,208,41,4.14054,0.00121186,62.1405,108.999
63,109,4.23593,-0.000984192,0.0198915,0.000217842,-1.29651e-05,0.0198915,0.000217834,-0.000659006,0.00404911,213,41,4.23593,0.000985124,67.2359,108.999
68,109,4.34418,-0.00164795,0.0208836,0.000204237,-4.46128e-06,0.0208836,0.000204236,-0.000215736,0.00469975,218,41,4.34417,0.00164614,72.3442,108.998
73,109,4.45219,-0.00160217,0.0215106,0.000132591,1.71576e-05,0.0215107,0.000132577,0.000802578,0.00490731,223,41,4.45219,0.00160207,77.4522,108.998
78,109,4.56389,-0.00087738,0.0215188,2.71765e-05,4.67744e-05,0.0215189,2.70745e-05,0.00217639,0.00474394,228,41,4.56388,0.000878063,82.5639,108.999
83,109,4.67767,-0.00111771,0.0208707,-5.40142e-05,7.63151e-05,0.0208709,-5.42933e-05,0.00364707,0.00433717,233,41,4.67768,0.0011186,87.6777,108.999
88,109,4.78096,-0.000751495,0.0198004,-6.38108e-05,9.59685e-05,0.0198009,-6.42743e-05,0.00483106,0.00385507,238,41,4.78095,0.000751165,92.781,108.999
93,109,4.87526,-0.00123596,0.0187167,-1.37397e-05,0.000101793,0.0187173,-1.42921e-05,0.00543444,0.00322676,243,41,4.87526,0.00123651,97.8753,108.999
98,109,4.96423,0.000377655,0.0180922,5.73456e-05,8.09194e-05,0.0180925,5.6982e-05,0.00448672,0.00253832,248,41,4.96423,-0.000379149,102.964,109
103,109,5.05359,-0.000236511,0.0181897,0.000112084,4.46054e-05,0.0181898,0.000111975,0.00246742,0.00230258,253,41,5.05358,0.000235077,108.054,109
108,109,5.14056,-0.000572205,0.0189114,0.000127076,6.04956e-06,0.0189114,0.000127075,0.000322053,0.00280759,258,41,5.14057,0.00057271,113.141,108.999
113,109,5.24026,0.000873566,0.0199097,9.65402e-05,-1.47216e-05,0.0199097,9.65297e-05,-0.00074302,0.00368581,263,41,5.24027,-0.00087188,118.24,109.001
118,109,5.34589,0.000926971,0.0209145,2.90562e-05,-2.32718e-05,0.0209146,2.90293e-05,-0.00111426,0.00435909,268,41,5.34589,-0.000926877,123.346,109.001
123,109,5.45435,0.000831604,0.0215466,-7.81504e-05,-3.50382e-05,0.0215467,-7.82078e-05,-0.00162027,0.00477835,273,41,5.45433,-0.000830422,128.454,109.001
128,109,5.5668,9.53674e-05,0,0,0,0,0,0,-1,278,41,5.56679,-9.54001e-05,133.567,109
-132,104,0.345789,-0.00102234,0.0213445,-3.17328e-05,-7.8798e-06,0.0213445,-3.17348e-05,-0.000368625,0.00454053,18,46,0.345789,0.00102174,-131.654,103.999
-127,104,0.453495,-0.00278854,0.0214591,-0.000128363,-7.78496e-06,0.0214591,-0.000128365,-0.000360623,0.00471888,23,46,0.453496,0.00278855,-126.547,103.997
-122,104,0.562225,-0.00170517,0.0212757,-0.00014551,-2.96819e-05,0.0212758,-0.000145551,-0.00138562,0.00466682,28,46,0.562226,0.00170569,-121.438,103.998
-117,104,0.671516,-0.00222397,0.020675,-0.000117332,-3.81861e-05,0.020675,-0.000117402,-0.00183654,0.00433278,33,46,0.671517,0.00222494,-116.328,103.998
-112,104,0.777172,-0.00239944,0.0197055,-6.79023e-05,-2.51343e-05,0.0197055,-6.79344e-05,-0.00127111,0.00388905,38,46,0.777172,0.00240002,-111.223,103.998
-107,104,0.870632,-0.000957489,0.0186931,-3.65059e-05,4.97967e-06,0.0186931,-3.65069e-05,0.000265871,0.00320001,43,46,0.870631,0.000956519,-106.129,103.999
-102,104,0.960854,-0.000518799,0.0181027,-3.17628e-05,3.06817e-05,0.0181027,-3.18149e-05,0.0016919,0.00278352,48,46,0.960852,0.000517277,-101.039,103.999
-97,104,1.04937,0.000717163,0.018231,-5.26623e-05,4.21102e-05,0.0182311,-5.27594e-05,0.00230314,0.00291978,53,46,1.04937,-0.000716352,-95.9506,104.001
-92,104,1.13795,0.00088501,0.0189882,-9.30276e-05,3.57472e-05,0.0189882,-9.3095e-05,0.00187342,0.00356813,58,46,1.13795,-0.000884826,-90.862,104.001
-87,104,1.23764,0.00257492,0.0200423,-0.000130072,1.28364e-05,0.0200423,-0.000130081,0.000636337,0.00426307,63,46,1.23764,-0.00257577,-85.7624,104.003
-82,104,1.34377,0.00222015,0.0210028,-0.000136109,-3.1945e-05,0.0210028,-0.000136157,-0.00151119,0.0048593,68,46,1.34377,-0.00221847,-80.6562,104.002
-77,104,1.45326,0.00202179,0.0215523,-9.62413e-05,-7.60717e-05,0.0215526,-9.65083e-05,-0.00351388,0.0051723,73,46,1.45326,-0.00202086,-75.5467,104.002
-72,104,1.56552,0.000839233,0.02154,-3.2032e-05,-9.27283e-05,0.0215404,-3.24305e-05,-0.00429844,0.00514504,78,46,1.56552,-0.000838228,-70.4345,104.001
-67,104,1.67519,-0.00113297,0.0209234,2.10218e-06,-7.37467e-05,0.0209236,1.84309e-06,-0.0035249,0.00456861,83,46,1.6752,0.00113226,-65.3248,103.999
-62,104,1.78252,0.000102997,0.0198211,-1.54067e-05,-3.79659e-05,0.0198212,-1.54786e-05,-0.00191393,0.00374182,88,46,1.78252,-0.000102055,-60.2175,104
-57,104,1.8791,-0.000289917,0.0186323,-6.43883e-05,-4.94767e-06,0.0186323,-6.43888e-05,-0.000264628,0.00295582,93,46,1.87911,0.000288064,-55.1209,104
-52,104,1.96636,-0.000465393,0.0178753,-0.000106537,6.52791e-06,0.0178753,-0.000106541,0.000363028,0.0025064,98,46,1.96636,0.000464553,-50.0336,104
-47,104,2.05078,-1.90735e-05,0.0179354,-0.000119319,-2.87957e-06,0.0179354,-0.000119319,-0.000159492,0.00274798,103,46,2.05078,1.91431e-05,-44.9492,104
-42,104,2.14024,-0.000762939,0.0187858,-0.000101516,-3.03819e-05,0.0187858,-0.000101565,-0.00160858,0.00352054,108,46,2.14024,0.000762002,-39.8598,103.999
-37,104,2.23661,-0.000770569,0.0199767,-6.94226e-05,-5.87253e-05,0.0199769,-6.95949e-05,-0.00292947,0.00431626,113,46,2.23661,0.000771181,-34.7634,103.999
-32,104,2.34549,-0.000991821,0.0209909,-3.66495e-05,-6.40938e-05,0.0209911,-3.6845e-05,-0.00304805,0.00481923,118,46,2.34549,0.000992685,-29.6545,103.999
-27,104,2.45515,-0.0010643,0.0215002,-1.32408e-05,-4.01705e-05,0.0215002,-1.33161e-05,-0.00186722,0.00495722,123,46,2.45516,0.00106607,-24.5448,103.999
-22,104,2.56535,0.000202179,0.0214152,-4.99451e-07,-6.36398e-06,0.0214152,-5.01052e-07,-0.000297165,0.00474542,128,46,2.56535,-0.000203659,-19.4346,104
-17,104,2.67432,0.000999451,0.0208063,2.51342e-06,8.11422e-06,0.0208063,2.50991e-06,0.000390036,0.0042257,133,46,2.67432,-0.000998819,-14.3257,104.001
-12,104,2.77934,0.00141907,0.0198473,-4.5664e-07,-1.43177e-05,0.0198473,-4.66593e-07,-0.000721377,0.00348415,138,46,2.77935,-0.00141999,-9.22066,104.001
-7,104,2.87695,0.00131989,0.0188437,-1.36411e-05,-6.12545e-05,0.0188439,-1.38395e-05,-0.00324826,0.00281853,143,46,2.87695,-0.00132141,-4.12305,104.001
-2,104,2.96617,0.000473022,0.0181879,-3.64785e-05,-9.88661e-05,0.0181884,-3.70145e-05,-0.00542472,0.00228956,148,46,2.96617,-0.000472411,0.966171,104
3,104,3.05374,0.000263214,0.018116,-8.2083e-05,-0.000104398,0.0181166,-8.26819e-05,-0.00573651,0.00233642,153,46,3.05375,-0.000263751,6.05374,104
8,104,3.14522,-1.52588e-05,0.0186544,-0.000146755,-7.25422e-05,0.0186547,-0.000147034,-0.00385831,0.00323778,158,46,3.14522,1.4627e-05,11.1452,104
13,104,3.24083,0.00168991,0.0196589,-0.00020697,-2.33418e-05,0.0196589,-0.000206997,-0.00117497,0.0043256,163,46,3.24082,-0.00169105,16.2408,104.002
18,104,3.34036,0.00336075,0.0207919,-0.000219967,2.31866e-05,0.020792,-0.000219993,0.0011035,0.00507828,168,46,3.34036,-0.00335891,21.3404,104.003
23,104,3.45142,0.00505829,0.0215769,-0.000172466,4.57033e-05,0.021577,-0.000172562,0.00210135,0.00577065,173,46,3.45141,-0.00505834,26.4514,104.005
28,104,3.56778,0.0047226,0.0216242,-9.18557e-05,2.87462e-05,0.0216242,-9.18945e-05,0.00132373,0.00588724,178,46,3.56778,-0.00472251,31.5678,104.005
33,104,3.67825,0.00294495,0.0208642,-2.3171e-05,-2.07472e-05,0.0208642,-2.31918e-05,-0.000993289,0.00539528,183,46,3.67825,-0.00294465,36.6783,104.003
38,104,3.77979,0.00219727,0.0196627,1.39433e-05,-8.33256e-05,0.0196631,1.35908e-05,-0.00424065,0.00428528,188,46,3.77978,-0.00219767,41.7798,104.002
43,104,3.8754,0.000537872,0.0185696,3.03318e-05,-0.000124163,0.0185704,2.94996e-05,-0.00669689,0.00309164,193,46,3.8754,-0.000536746,46.8754,104.001
48,104,3.96288,-0.000797272,0.0179869,4.97522e-05,-0.000121907,0.0179877,4.89242e-05,-0.00679594,0.00243859,198,46,3.96287,0.000796587,51.9629,103.999
53,104,4.05109,-0.00286102,0.0181111,8.30821e-05,-8.98914e-05,0.0181115,8.26335e-05,-0.00498604,0.00258198,203,46,4.05109,0.00286122,57.0511,103.997
58,104,4.14049,-0.00281525,0.0188591,0.000123213,-5.36885e-05,0.0188593,0.000123058,-0.00286551,0.00321436,208,46,4.14049,0.00281598,62.1405,103.997
63,104,4.23886,-0.00281143,0.0199008,0.000151766,-1.23881e-05,0.0199008,0.000151759,-0.000627277,0.0039292,213,46,4.23885,0.0028129,67.2389,103.997
68,104,4.34497,-0.003685,0.0208658,0.000134236,3.09449e-05,0.0208659,0.000134189,0.00149264,0.00450256,218,46,4.34497,0.00368675,72.345,103.996
73,104,4.4525,-0.00252914,0.0214522,6.09431e-05,8.17936e-05,0.0214525,6.0631e-05,0.00382363,0.00468992,223,46,4.4525,0.00252814,77.4525,103.997
78,104,4.56349,-0.000659943,0.0214381,-3.69012e-05,0.000115023,0.0214387,-3.75174e-05,0.00535594,0.00457259,228,46,4.56349,0.000660289,82.5635,103.999
83,104,4.6752,0.000137329,0.0208054,-0.000103113,0.000117276,0.0208061,-0.000103772,0.00560874,0.0042632,233,46,4.6752,-0.000136695,87.6752,104
88,104,4.77971,0.000507355,0.0197783,-9.65057e-05,9.95568e-05,0.0197788,-9.70047e-05,0.00500904,0.00384972,238,46,4.77971,-0.000507602,92.7797,104.001
93,104,4.87344,-0.000747681,0.01875,-4.02152e-05,8.33046e-05,0.0187504,-4.05842e-05,0.00443329,0.00323682,243,46,4.87344,0.000748725,97.8734,103.999
98,104,4.96368,-0.000423431,0.0181707,2.5315e-05,5.86396e-05,0.0181709,2.51262e-05,0.00323161,0.00251483,248,46,4.96368,0.000424848,102.964,104
103,104,5.05328,-0.000434875,0.0182759,6.78695e-05,3.61983e-05,0.0182759,6.77975e-05,0.00198804,0.00221159,253,46,5.0533,0.000434449,108.053,104
108,104,5.14191,-0.00133514,0.0189655,7.99851e-05,1.46329e-05,0.0189655,7.99745e-05,0.000774822,0.002789,258,46,5.14192,0.00133465,113.142,103.999
113,104,5.24124,-0.000148773,0.0199157,6.20543e-05,8.43445e-06,0.0199157,6.20503e-05,0.000424831,0.00363378,263,46,5.24125,0.000149359,118.241,104
118,104,5.34625,0.000324249,0.0208865,2.24794e-05,1.54381e-05,0.0208865,2.24691e-05,0.000739939,0.00432835,268,46,5.34624,-0.00032308,123.346,104
123,104,5.45459,0.000484467,0.0215477,-5.27414e-05,1.05833e-05,0.0215477,-5.27455e-05,0.000489959,0.00477308,273,46,5.45459,-0.00048478,128.455,104
128,104,5.56793,-8.39233e-05,0,0,0,0,0,0,-1,278,46,5.56795,8.25877e-05,133.568,104
-132,99,0.344299,-0.00043869,0.021534,-0.000143246,8.25868e-05,0.0215343,-0.00014356,0.00380976,0.00468773,18,51,0.344299,0.000439469,-131.656,98.9996
-127,99,0.45319,-0.000701904,0.0216208,-0.000222676,9.5979e-06,0.0216208,-0.00022268,0.000439394,0.0049249,23,51,0.45319,0.000701402,-126.547,98.9993
-122,99,0.563196,0.000522614,0.0213846,-0.000240553,-6.80027e-05,0.0213848,-0.000240767,-0.00314457,0.00484421,28,51,0.563195,-0.000521819,-121.437,99.0005
-117,99,0.672947,-0.000640869,0.0207236,-0.000216376,-0.000107975,0.0207242,-0.000216933,-0.0051562,0.00451707,33,51,0.672946,0.000639846,-116.327,98.9994
-112,99,0.779472,-0.000881195,0.0197002,-0.000163866,-0.000101889,0.0197008,-0.000164389,-0.00512914,0.00398898,38,51,0.779471,0.000879462,-111.221,98.9991
-107,99,0.871845,-0.000576019,0.0186656,-0.000109891,-6.43701e-05,0.0186658,-0.000110111,-0.00342836,0.003242,43,51,0.871844,0.000576263,-106.128,98.9994
-102,99,0.961399,0.000244141,0.0180773,-6.68175e-05,-2.87668e-05,0.0180774,-6.68624e-05,-0.00158545,0.00271154,48,51,0.961398,-0.000243823,-101.039,99.0002
-97,99,1.04982,0.00127411,0.0182117,-4.41506e-05,-3.74964e-06,0.0182117,-4.41512e-05,-0.000205394,0.00278835,53,51,1.04982,-0.00127458,-95.9502,99.0013
-92,99,1.13959,0.000823975,0.0189751,-5.07173e-05,3.80652e-06,0.0189751,-5.07189e-05,0.000200071,0.00365777,58,51,1.13959,-0.000823699,-90.8604,99.0008
-87,99,1.23827,0.00355911,0.0200359,-7.00822e-05,-1.70676e-05,0.0200359,-7.0096e-05,-0.000848881,0.00448373,63,51,1.23827,-0.00355958,-85.7617,99.0036
-82,99,1.34401,0.00291824,0.0210046,-7.78259e-05,-7.01648e-05,0.0210049,-7.80588e-05,-0.00332806,0.00521594,68,51,1.34401,-0.00291781,-80.656,99.0029
-77,99,1.4537,0.00239563,0.0215547,-5.8611e-05,-0.00011891,0.0215553,-5.92656e-05,-0.00550146,0.00557046,73,51,1.45371,-0.00239499,-75.5463,99.0024
-72,99,1.56644,0.000576019,0.0215239,-1.81591e-05,-0.000116208,0.0215245,-1.87857e-05,-0.00539427,0.00550055,78,51,1.56644,-0.000576316,-70.4336,99.0006
-67,99,1.67596,-0.00132751,0.0208827,4.62694e-06,-5.29378e-05,0.0208828,4.4927e-06,-0.00253555,0.00479638,83,51,1.67596,0.00132924,-65.324,98.9987
-62,99,1.78252,0.000335693,0.0197748,-8.02496e-06,2.42345e-05,0.0197749,-8.05408e-06,0.00122502,0.00384446,88,51,1.78251,-0.000336786,-60.2175,99.0003
-57,99,1.87885,0.00025177,0.0186068,-4.42287e-05,6.65211e-05,0.0186071,-4.4466e-05,0.00356656,0.00296377,93,51,1.87885,-0.000251303,-55.1211,99.0003
-52,99,1.9655,0.000858307,0.0178874,-7.73042e-05,5.39314e-05,0.0178875,-7.74655e-05,0.00300204,0.00247004,98,51,1.9655,-0.000858677,-50.0345,99.0009
-47,99,2.05013,0.00134659,0.0179791,-9.14081e-05,9.26745e-06,0.0179791,-9.14121e-05,0.00051285,0.00260474,103,51,2.05013,-0.00134617,-44.9499,99.0013
-42,99,2.1405,0.000541687,0.0188394,-7.49272e-05,-3.31113e-05,0.0188395,-7.49845e-05,-0.00175058,0.0033249,108,51,2.1405,-0.000543515,-39.8595,99.0005
-37,99,2.23701,0.000774384,0.0200207,-4.20214e-05,-5.5104e-05,0.0200208,-4.21721e-05,-0.00274656,0.00410213,113,51,2.23702,-0.000774227,-34.763,99.0008
-32,99,2.34642,0.000160217,0.0210112,-3.49849e-06,-5.26791e-05,0.0210113,-3.6303e-06,-0.00250676,0.00466871,118,51,2.34642,-0.000161853,-29.6536,99.0002
-27,99,2.45578,0.00018692,0.0214916,2.99912e-05,-3.36565e-05,0.0214916,2.99374e-05,-0.00156821,0.00491218,123,51,2.45578,-0.000188794,-24.5442,99.0002
-22,99,2.56604,0.000507355,0.0213886,5.36145e-05,-1.23045e-05,0.0213886,5.36069e-05,-0.000576726,0.00476967,128,51,2.56603,-0.000507433,-19.434,99.0005
-17,99,2.6747,0.000999451,0.0207861,6.4213e-05,-3.36473e-06,0.0207861,6.42119e-05,-0.000162376,0.00424998,133,51,2.6747,-0.00100073,-14.3253,99.001
-12,99,2.7793,0.00150299,0.019858,5.92952e-05,-1.58478e-05,0.019858,5.92824e-05,-0.000800447,0.00347953,138,51,2.77929,-0.00150281,-9.2207,99.0015
-7,99,2.87744,0.00123978,0.018884,3.3707e-05,-4.51485e-05,0.0188841,3.35984e-05,-0.00239509,0.00271771,143,51,2.87744,-0.0012389,-4.12256,99.0012
-2,99,2.96744,0.00069809,0.0182317,-3.18059e-06,-6.06238e-05,0.0182319,-3.38256e-06,-0.00332456,0.00218614,148,51,2.96743,-0.000699936,0.967438,99.0007
3,99,3.0554,0.000675201,0.0181363,-4.79896e-05,-4.18246e-05,0.0181364,-4.80851e-05,-0.00230002,0.00224252,153,51,3.0554,-0.000673519,6.0554,99.0007
8,99,3.14629,0.000865936,0.0186367,-8.48204e-05,-1.28731e-06,0.0186367,-8.48211e-05,-6.87608e-05,0.00310301,158,51,3.14629,-0.000865091,11.1463,99.0009
13,99,3.24174,0.00296402,0.0195942,-9.29109e-05,2.74746e-05,0.0195943,-9.29488e-05,0.00139556,0.00422885,163,51,3.24174,-0.002965,16.2417,99.003
18,99,3.34042,0.00391006,0.0206894,-5.7824e-05,3.42333e-05,0.0206895,-5.78798e-05,0.00165001,0.00502213,168,51,3.34042,-0.00391169,21.3404,99.0039
23,99,3.4502,0.00465012,0.0214901,5.28552e-06,2.5304e-05,0.0214901,5.25638e-06,0.00117776,0.00578775,173,51,3.45019,-0.00464916,26.4502,99.0047
28,99,3.56577,0.00320435,0.021609,6.30131e-05,2.47973e-06,0.021609,6.30133e-05,0.00011509,0.00593714,178,51,3.56576,-0.00320319,31.5658,99.0032
33,99,3.67691,0.00162506,0.020923,8.08581e-05,-3.29449e-05,0.0209231,8.08053e-05,-0.00158068,0.0054271,183,51,3.67691,-0.00162565,36.6769,99.0016
38,99,3.7807,0.00119781,0.0197405,6.09147e-05,-8.42324e-05,0.0197408,6.05537e-05,-0.0042801,0.00436274,188,51,3.7807,-0.00119652,41.7807,99.0012
43,99,3.8764,-1.90735e-05,0.0186059,2.46672e-05,-0.000124615,0.0186067,2.38316e-05,-0.0067061,0.00312762,193,51,3.87641,1.97031e-05,46.8764,99
48,99,3.96355,-0.000797272,0.0179743,-1.65813e-06,-0.000130592,0.0179752,-2.60677e-06,-0.00726433,0.00261542,198,51,3.96354,0.000796894,51.9635,98.9992
53,99,4.05136,-0.00305557,0.0180869,-5.85452e-06,-0.000104648,0.0180875,-6.45965e-06,-0.00578373,0.00275243,203,51,4.05136,0.00305444,57.0514,98.9969
58,99,4.14059,-0.00330734,0.0188447,7.73173e-06,-6.23158e-05,0.0188449,7.52602e-06,-0.00330811,0.00333447,208,51,4.14059,0.00330657,62.1406,98.9967
63,99,4.23878,-0.00380325,0.0198917,2.00887e-05,1.17726e-06,0.0198917,2.00886e-05,5.92432e-05,0.00398309,213,51,4.23879,0.00380183,67.2388,98.9962
68,99,4.34462,-0.00449371,0.020842,9.57006e-06,7.04547e-05,0.0208423,9.33185e-06,0.00338192,0.0044158,218,51,4.34461,0.00449376,72.3446,98.9955
73,99,4.45198,-0.00275421,0.0214003,-2.82797e-05,0.0001312,0.0214011,-2.90833e-05,0.00612235,0.00448915,223,51,4.45198,0.00275341,77.452,98.9972
78,99,4.56374,0.000156403,0.0213726,-7.08514e-05,0.00014678,0.0213736,-7.18562e-05,0.00684456,0.00440749,228,51,4.56373,-0.000157289,82.5637,99.0002
83,99,4.67296,0.0016098,0.0207549,-8.94986e-05,0.000108187,0.0207555,-9.00598e-05,0.00519004,0.00414315,233,51,4.67296,-0.00161154,87.673,99.0016
88,99,4.77805,0.00139999,0.0197621,-7.04805e-05,5.61603e-05,0.0197623,-7.06399e-05,0.00283169,0.00375755,238,51,4.77804,-0.00140045,92.778,99.0014
93,99,4.87134,-0.000850677,0.0187794,-3.77114e-05,3.21273e-05,0.0187794,-3.77661e-05,0.00170734,0.00315545,243,51,4.87133,0.000851323,97.8713,98.9991
98,99,4.96265,-0.00143051,0.0182357,-1.22465e-05,2.74172e-05,0.0182358,-1.22879e-05,0.00150247,0.0024892,248,51,4.96265,0.00143127,102.963,98.9986
103,99,5.05243,-0.000610352,0.018348,-3.92523e-06,3.72639e-05,0.0183481,-4.00003e-06,0.0020305,0.00220107,253,51,5.05243,0.000611512,108.052,98.9994
108,99,5.14297,-0.00183105,0.0190186,-2.24544e-06,3.94527e-05,0.0190187,-2.32831e-06,0.00207417,0.00281827,258,51,5.14299,0.00183132,113.143,98.9982
113,99,5.2421,-0.000774384,0.0199324,-3.23539e-06,4.03006e-05,0.0199325,-3.31644e-06,0.00202153,0.00361671,263,51,5.24208,0.000775134,118.242,98.9992
118,99,5.34576,0.000190735,0.0208694,-3.35881e-06,4.70363e-05,0.0208696,-3.46452e-06,0.00225346,0.0043261,268,51,5.34575,-0.000189426,123.346,99.0002
123,99,5.45483,0.000896454,0.0215396,-2.09454e-05,3.84221e-05,0.0215397,-2.10144e-05,0.00178204,0.00480013,273,51,5.45483,-0.000897802,128.455,99.0009
128,99,5.56763,0.000579834,0,0,0,0,0,0,-1,278,51,5.56762,-0.000578073,133.568,99.0006
-132,94,0.343428,0.000465393,0.0217448,-0.000193849,0.000154933,0.0217459,-0.000194944,0.00706163,0.00475849,18,56,0.343428,-0.000466642,-131.657,94.0005
-127,94,0.453329,0.00147629,0.021811,-0.000203425,3.7808e-05,0.0218111,-0.00020349,0.00171741,0.0051054,23,56,0.453328,-0.00147509,-126.547,94.0015
-122,94,0.565098,0.00268555,0.0215082,-0.000214549,-7.05583e-05,0.0215085,-0.000214778,-0.00324808,0.00502395,28,56,0.565098,-0.00268388,-121.435,94.0027
-117,94,0.675606,0.000934601,0.0207734,-0.000205134,-0.000128086,0.0207742,-0.000205915,-0.00610527,0.00466166,33,56,0.675606,-0.000935914,-116.324,94.0009
-112,94,0.781456,3.43323e-05,0.0196949,-0.000173612,-0.000131608,0.0196958,-0.000174483,-0.00662356,0.00405881,38,56,0.781457,-3.50657e-05,-111.219,94
-107,94,0.873768,-0.000144958,0.0186407,-0.00012047,-0.00010005,0.0186413,-0.000121004,-0.00533262,0.00321241,43,56,0.873766,0.000143955,-106.126,93.9999
-102,94,0.96307,0.000816345,0.018054,-6.02325e-05,-6.48003e-05,0.0180542,-6.04643e-05,-0.00357726,0.00262706,48,56,0.963068,-0.000815752,-101.037,94.0008
-97,94,1.05059,0.00141525,0.0181877,-8.37589e-06,-2.96184e-05,0.0181878,-8.42474e-06,-0.00162773,0.00270186,53,56,1.05059,-0.0014163,-95.9494,94.0014
-92,94,1.14146,0.000644684,0.0189532,1.64321e-05,-5.05232e-06,0.0189532,1.64304e-05,-0.000266799,0.00363309,58,56,1.14146,-0.000643429,-90.8585,94.0006
-87,94,1.23871,0.00364685,0.020019,1.87568e-05,-1.64799e-05,0.020019,1.87429e-05,-0.000823984,0.00453151,63,56,1.2387,-0.0036463,-85.7613,94.0036
-82,94,1.34492,0.00331879,0.0209889,6.19089e-06,-6.68046e-05,0.0209891,5.97909e-06,-0.00318375,0.00528581,68,56,1.34492,-0.00331838,-80.6551,94.0033
-77,94,1.45492,0.00230789,0.0215296,-9.86924e-06,-0.000114394,0.0215302,-1.04783e-05,-0.0053107,0.00573213,73,56,1.45492,-0.00230663,-75.5451,94.0023
-72,94,1.56744,-0.000297546,0.0214739,-1.39716e-05,-0.000103474,0.0214744,-1.447e-05,-0.0048153,0.00563687,78,56,1.56745,0.00029764,-70.4326,93.9997
-67,94,1.67666,-0.00164795,0.0208129,-1.05373e-05,-2.48456e-05,0.0208129,-1.05668e-05,-0.00119316,0.00490256,83,56,1.67666,0.00164672,-65.3233,93.9984
-62,94,1.78197,-0.000411987,0.0197216,-7.07351e-06,6.16573e-05,0.0197218,-7.26711e-06,0.00312522,0.00387797,88,56,1.78198,0.000411713,-60.218,93.9996
-57,94,1.87706,0.000549316,0.0186021,-5.53183e-06,9.6e-05,0.0186026,-6.02752e-06,0.00515898,0.00300455,93,56,1.87706,-0.000550557,-55.1229,94.0005
-52,94,1.96461,0.00132751,0.0179302,-5.30432e-06,6.3777e-05,0.0179305,-5.53112e-06,0.00355584,0.0024219,98,56,1.96461,-0.00132756,-50.0354,94.0013
-47,94,2.04971,0.00176239,0.018031,-7.83985e-06,-1.47633e-06,0.018031,-7.83987e-06,-8.18417e-05,0.00250882,103,56,2.0497,-0.00176147,-44.9503,94.0018
-42,94,2.14056,0.00101471,0.0188673,9.46511e-07,-4.68877e-05,0.0188674,8.29808e-07,-0.00248523,0.00322371,108,56,2.14057,-0.00101452,-39.8594,94.001
-37,94,2.23821,0.000835419,0.0200341,1.438e-05,-5.47668e-05,0.0200342,1.42297e-05,-0.00273562,0.00399826,113,56,2.23821,-0.000836335,-34.7618,94.0008
-32,94,2.34531,-0.000621796,0.0210307,3.09228e-05,-4.00969e-05,0.0210308,3.08473e-05,-0.00190938,0.00462482,118,56,2.3453,0.000621721,-29.6547,93.9994
-27,94,2.45636,-0.000591278,0.0215157,4.84377e-05,-2.31202e-05,0.0215157,4.84129e-05,-0.00107699,0.00504801,123,56,2.45636,0.000592555,-24.5436,93.9994
-22,94,2.56705,-0.000720978,0.0214016,6.71552e-05,-1.41452e-05,0.0214016,6.71465e-05,-0.000663022,0.00496633,128,56,2.56705,0.000721751,-19.433,93.9993
-17,94,2.67526,4.57764e-05,0.0207819,8.371e-05,-1.36641e-05,0.0207819,8.36998e-05,-0.000660156,0.0044413,133,56,2.67526,-4.57009e-05,-14.3247,94
-12,94,2.77899,0.000732422,0.0198527,8.74427e-05,-1.62715e-05,0.0198527,8.74288e-05,-0.00082324,0.00357341,138,56,2.779,-0.000730552,-9.22101,94.0007
-7,94,2.87758,0.000732422,0.0188858,6.44927e-05,-2.09943e-05,0.0188858,6.44689e-05,-0.00111545,0.0026715,143,56,2.87758,-0.000733339,-4.12242,94.0007
-2,94,2.96802,0.000717163,0.0182263,2.1494e-05,-8.50511e-06,0.0182263,2.14893e-05,-0.000467191,0.00210712,148,56,2.96801,-0.000717539,0.968018,94.0007
3,94,3.05621,0.000709534,0.0181184,-2.42964e-05,3.14436e-05,0.0181184,-2.43513e-05,0.00173312,0.00221428,153,56,3.05622,-0.000710155,6.05621,94.0007
8,94,3.1465,0.000484467,0.0186181,-4.48252e-05,6.75014e-05,0.0186183,-4.50686e-05,0.00361682,0.00306316,158,56,3.1465,-0.000484847,11.1465,94.0005
13,94,3.24181,0.00263214,0.0195693,-2.00684e-05,6.23153e-05,0.0195695,-2.02665e-05,0.00318103,0.00415346,163,56,3.2418,-0.00263086,16.2418,94.0026
18,94,3.34108,0.00303268,0.0206417,4.21847e-05,2.41059e-05,0.0206417,4.21572e-05,0.00117022,0.00510099,168,56,3.34107,-0.00303378,21.3411,94.003
23,94,3.45003,0.00313187,0.0214404,0.000108288,-1.09542e-05,0.0214404,0.000108283,-0.000513505,0.00580115,173,56,3.45002,-0.0031316,26.45,94.0031
28,94,3.56378,0.00194168,0.0215986,0.000143046,-2.26672e-05,0.0215986,0.000143021,-0.00105647,0.00588489,178,56,3.56378,-0.0019398,31.5638,94.0019
33,94,3.67618,0.00111771,0.0209685,0.000123489,-2.16994e-05,0.0209685,0.000123465,-0.00104098,0.00534643,183,56,3.67617,-0.00111687,36.6762,94.0011
38,94,3.78197,0.000598907,0.0198082,6.68145e-05,-4.37213e-05,0.0198083,6.67181e-05,-0.00221469,0.0043793,188,56,3.78196,-0.000597854,41.782,94.0006
43,94,3.87659,0.000133514,0.0186426,8.2479e-08,-7.74996e-05,0.0186429,-2.40281e-07,-0.00415706,0.00317715,193,56,3.87659,-0.000132386,46.8766,94.0001
48,94,3.96413,-0.000526428,0.0179657,-5.59458e-05,-9.8443e-05,0.0179663,-5.64838e-05,-0.00546226,0.0027252,198,56,3.96412,0.000528264,51.9641,93.9995
53,94,4.05165,-0.00244141,0.0180579,-9.3152e-05,-9.06302e-05,0.0180583,-9.36054e-05,-0.00499295,0.00283964,203,56,4.05165,0.00244087,57.0517,93.9976
58,94,4.14012,-0.00305939,0.0188154,-0.0001134,-5.43716e-05,0.0188155,-0.000113556,-0.0028724,0.00337585,208,56,4.14012,0.00305774,62.1401,93.9969
63,94,4.23775,-0.00404739,0.0198715,-0.000123709,1.33757e-05,0.0198715,-0.000123719,0.000668944,0.00394327,213,56,4.23775,0.0040482,67.2377,93.996
68,94,4.34427,-0.00423813,0.020828,-0.000121753,8.48841e-05,0.0208283,-0.000122097,0.0040517,0.00425185,218,56,4.34427,0.00423852,72.3443,93.9958
73,94,4.45131,-0.00218964,0.021382,-0.000104185,0.000131386,0.0213828,-0.000104988,0.00611459,0.00436153,223,56,4.45131,0.00218916,77.4513,93.9978
78,94,4.56334,0.000957489,0.021354,-6.78597e-05,0.000117252,0.0213547,-6.85016e-05,0.00547324,0.00436229,228,56,4.56335,-0.000958127,82.5633,94.001
83,94,4.67151,0.00262833,0.0207426,-2.54858e-05,4.5576e-05,0.0207427,-2.55862e-05,0.00219451,0.00403649,233,56,4.67151,-0.00262789,87.6715,94.0026
88,94,4.77708,0.00233078,0.0197549,8.80475e-07,-1.95207e-05,0.0197549,8.62405e-07,-0.000988186,0.00358804,238,56,4.77709,-0.00233185,92.7771,94.0023
93,94,4.87088,-5.72205e-05,0.0187797,-3.46276e-06,-3.11414e-05,0.0187798,-3.51388e-06,-0.00165793,0.00299243,243,56,4.87088,5.75659e-05,97.8709,93.9999
98,94,4.96176,-0.001194,0.0182421,-2.98251e-05,1.0864e-07,0.0182421,-2.98247e-05,5.94572e-06,0.00242776,248,56,4.96176,0.00119278,102.962,93.9988
103,94,5.05139,5.72205e-05,0.0183631,-5.98598e-05,4.81436e-05,0.0183633,-5.99856e-05,0.00261321,0.00223797,253,56,5.0514,-5.82411e-05,108.051,94.0001
108,94,5.14301,-0.00124359,0.0190461,-6.97587e-05,7.3316e-05,0.0190464,-7.00392e-05,0.00383527,0.00282898,258,56,5.14301,0.00124219,113.143,93.9988
113,94,5.24222,-0.000312805,0.0199559,-5.65455e-05,7.43545e-05,0.0199561,-5.68228e-05,0.00371535,0.0035655,263,56,5.24221,0.000314553,118.242,93.9997
118,94,5.34625,0.000667572,0.0208699,-2.38468e-05,6.87972e-05,0.0208701,-2.40738e-05,0.00329267,0.00426234,268,56,5.34624,-0.000668839,123.346,94.0007
123,94,5.45486,0.001297,0.0215128,1.24812e-05,4.74151e-05,0.0215129,1.23773e-05,0.0022053,0.00476019,273,56,5.45487,-0.00129665,128.455,94.0013
128,94,5.56696,0.000850677,0,0,0,0,0,0,-1,278,56,5.56697,-0.000851163,133.567,94.0009
-132,89,0.342972,0.00211334,0.0219671,-9.38016e-05,0.000220015,0.0219693,-9.59951e-05,0.00997177,0.00478739,18,61,0.342972,-0.00211302,-131.657,89.0021
-127,89,0.453474,0.00348282,0.0220091,-3.93936e-05,9.49856e-05,0.0220095,-3.98019e-05,0.00430793,0.0052227,23,61,0.453475,-0.0034843,-126.547,89.0035
-122,89,0.56661,0.00479889,0.0216248,-5.49636e-05,-2.12567e-05,0.0216249,-5.49834e-05,-0.000980482,0.00513003,28,61,0.56661,-0.00480028,-121.433,89.0048
-117,89,0.676712,0.00328827,0.0208069,-7.42306e-05,-8.60478e-05,0.0208073,-7.4585e-05,-0.00412074,0.00471445,33,61,0.676711,-0.00328908,-116.323,89.0033
-112,89,0.781216,0.00222015,0.0196906,-8.01905e-05,-0.00010294,0.0196911,-8.07261e-05,-0.0052065,0.00416096,38,61,0.781214,-0.00222129,-111.219,89.0022
-107,89,0.875217,0.00130463,0.0186293,-5.43522e-05,-9.2073e-05,0.0186298,-5.48055e-05,-0.00492783,0.00328251,43,61,0.875216,-0.00130307,-106.125,89.0013
-102,89,0.964531,0.00164032,0.0180413,-8.44685e-06,-7.07585e-05,0.0180416,-8.72463e-06,-0.00392012,0.00255023,48,61,0.964529,-0.00164049,-101.035,89.0016
-97,89,1.0512,0.00117493,0.0181638,4.34788e-05,-3.55194e-05,0.0181638,4.34099e-05,-0.00196019,0.00263549,53,61,1.0512,-0.001174,-95.9488,89.0012
-92,89,1.14238,0.000339508,0.0189244,8.41912e-05,2.29869e-06,0.0189244,8.41916e-05,0.00012201,0.00359628,58,61,1.14238,-0.000339969,-90.8576,89.0003
-87,89,1.2393,0.00330734,0.0199932,0.00010578,8.96843e-06,0.0199932,0.000105776,0.00045096,0.00455441,63,61,1.23931,-0.00330719,-85.7607,89.0033
-82,89,1.34557,0.00395203,0.0209608,9.21739e-05,-2.21527e-05,0.0209608,9.21516e-05,-0.00106153,0.00533552,68,61,1.34557,-0.00395302,-80.6544,89.004
-77,89,1.45688,0.0026474,0.0214908,4.53055e-05,-5.91519e-05,0.0214909,4.51421e-05,-0.00275822,0.00581115,73,61,1.45688,-0.00264872,-75.5431,89.0026
-72,89,1.56753,0.000274658,0.0214177,-4.99538e-06,-5.1985e-05,0.0214178,-5.12134e-06,-0.00242661,0.00567956,78,61,1.56753,-0.000275561,-70.4325,89.0003
-67,89,1.67662,-0.000850677,0.0207545,-2.64725e-05,9.43464e-06,0.0207545,-2.64756e-05,0.000454005,0.00490439,83,61,1.67662,0.000851936,-65.3234,88.9991
-62,89,1.78064,-0.00100327,0.0196989,-1.21839e-05,7.04078e-05,0.0196991,-1.2435e-05,0.00357194,0.00390444,88,61,1.78064,0.00100464,-60.2194,88.999
-57,89,1.87563,-2.67029e-05,0.0186353,2.60049e-05,8.07735e-05,0.0186356,2.56533e-05,0.00434039,0.00306548,93,61,1.87563,2.75496e-05,-55.1244,89
-52,89,1.96393,0.000881195,0.0180011,6.32086e-05,3.80937e-05,0.0180012,6.31278e-05,0.00212363,0.00238179,98,61,1.96393,-0.000882432,-50.0361,89.0009
-47,89,2.05003,0.00128174,0.0180852,7.91269e-05,-2.72408e-05,0.0180852,7.90861e-05,-0.00151287,0.00249068,103,61,2.05004,-0.00128351,-44.95,89.0013
-42,89,2.14229,0.000595093,0.018869,7.98312e-05,-6.42681e-05,0.0188692,7.96113e-05,-0.00342044,0.00328435,108,61,2.14229,-0.000596702,-39.8577,89.0006
-37,89,2.23692,-3.43323e-05,0.020013,6.52515e-05,-5.73091e-05,0.0200132,6.50873e-05,-0.00287293,0.00411876,113,61,2.23692,3.57846e-05,-34.7631,89
-32,89,2.34381,-0.00175476,0.0210332,4.46208e-05,-3.02866e-05,0.0210332,4.45778e-05,-0.001443,0.00498832,118,61,2.34381,0.00175663,-29.6562,88.9982
-27,89,2.45617,-0.00182343,0.0215494,3.12263e-05,-1.05692e-05,0.0215494,3.12198e-05,-0.000491175,0.00549637,123,61,2.45617,0.00182263,-24.5438,88.9982
-22,89,2.56831,-0.00189209,0.0214397,3.66071e-05,-9.68234e-06,0.0214397,3.66019e-05,-0.000452381,0.00547296,128,61,2.56831,0.00189309,-19.4317,88.9981
-17,89,2.67569,-0.000865936,0.0207941,5.92468e-05,-2.03528e-05,0.0207941,5.92275e-05,-0.000981573,0.00488736,133,61,2.67569,0.000865899,-14.3243,88.9991
-12,89,2.77914,-0.000385284,0.0198351,8.05139e-05,-2.01798e-05,0.0198351,8.04942e-05,-0.00102152,0.00393851,138,61,2.77914,0.000384477,-9.22086,88.9996
-7,89,2.8779,1.52588e-05,0.0188483,7.43814e-05,-2.52836e-06,0.0188483,7.4381e-05,-0.000134674,0.00289138,143,61,2.8779,-1.65415e-05,-4.1221,89
-2,89,2.96788,0.000766754,0.0181703,3.55441e-05,3.71762e-05,0.0181703,3.54685e-05,0.00204999,0.00218403,148,61,2.96789,-0.000766596,0.96788,89.0008
3,89,3.05574,0.00117874,0.0180653,-1.29922e-05,9.13953e-05,0.0180657,-1.34539e-05,0.00505537,0.00232323,153,61,3.05574,-0.00117986,6.05574,89.0012
8,89,3.14537,0.000930786,0.0186061,-3.6915e-05,0.000114226,0.0186068,-3.76152e-05,0.0061267,0.00314794,158,61,3.14537,-0.000931261,11.1454,89.0009
13,89,3.24074,0.00274658,0.0195956,-1.43157e-05,7.4857e-05,0.0195959,-1.46022e-05,0.00381723,0.0042975,163,61,3.24073,-0.00274655,16.2407,89.0027
18,89,3.34146,0.00234222,0.0206606,3.8873e-05,-7.97087e-07,0.0206606,3.88734e-05,-3.86527e-05,0.00519709,168,61,3.34146,-0.00234033,21.3415,89.0023
23,89,3.45091,0.00134277,0.0214273,8.83973e-05,-5.39069e-05,0.0214275,8.82614e-05,-0.0025262,0.00570859,173,61,3.45092,-0.00134132,26.4509,89.0013
28,89,3.5631,-0.000267029,0.0215728,0.000102941,-4.68948e-05,0.0215729,0.000102839,-0.0021842,0.00566484,178,61,3.5631,0.000265474,31.5631,88.9997
33,89,3.6738,-0.000431061,0.0209694,7.22884e-05,-3.70007e-06,0.0209694,7.22883e-05,-0.000177061,0.00508823,183,61,3.6738,0.000430076,36.6738,88.9996
38,89,3.78197,-0.000221252,0.019842,1.69839e-05,1.02643e-05,0.019842,1.69789e-05,0.000517746,0.00421464,188,61,3.78197,0.000222426,41.782,88.9998
43,89,3.87694,0.000175476,0.0186785,-3.90298e-05,-1.17909e-05,0.0186785,-3.90373e-05,-0.000629939,0.00316117,193,61,3.87693,-0.000177326,46.8769,89.0002
48,89,3.96465,-0.000240326,0.0179787,-8.9248e-05,-4.62484e-05,0.0179788,-8.93669e-05,-0.00255968,0.00269691,198,61,3.96465,0.000239254,51.9646,88.9998
53,89,4.05132,-0.00113678,0.0180462,-0.00013611,-6.05453e-05,0.0180464,-0.00013631,-0.00332985,0.00277708,203,61,4.05132,0.00113807,57.0513,88.9989
58,89,4.14059,-0.00109482,0.018792,-0.000182561,-3.99709e-05,0.0187921,-0.000182646,-0.00210653,0.0033476,208,61,4.14059,0.00109391,62.1406,88.9989
63,89,4.23752,-0.00208664,0.0198569,-0.000216998,1.17249e-05,0.0198569,-0.000217005,0.000584086,0.00392628,213,61,4.23752,0.00208474,67.2375,88.9979
68,89,4.34354,-0.00218582,0.020835,-0.000210725,6.25075e-05,0.0208352,-0.00021091,0.00297004,0.00431765,218,61,4.34354,0.00218466,72.3435,88.9978
73,89,4.45142,-0.000732422,0.0214061,-0.00015053,8.04128e-05,0.0214064,-0.00015083,0.00373023,0.00451847,223,61,4.45142,0.000731845,77.4514,88.9993
78,89,4.56366,0.00124741,0.0213879,-5.14486e-05,4.08735e-05,0.021388,-5.15264e-05,0.00190646,0.00444751,228,61,4.56366,-0.00124754,82.5637,89.0013
83,89,4.67184,0.00177002,0.0207685,3.81337e-05,-3.96116e-05,0.0207686,3.80585e-05,-0.00191079,0.00403724,233,61,4.67184,-0.00176972,87.6718,89.0018
88,89,4.77754,0.00120544,0.019751,6.92652e-05,-9.03531e-05,0.0197514,6.88499e-05,-0.00459059,0.00348422,238,61,4.77754,-0.00120654,92.7775,89.0012
93,89,4.87234,-0.000202179,0.0187386,3.95222e-05,-7.6499e-05,0.0187389,3.92087e-05,-0.00409097,0.00283043,243,61,4.87234,0.000200304,97.8723,88.9998
98,89,4.96167,-0.00056076,0.0181743,-1.80595e-05,-1.42495e-05,0.0181743,-1.80714e-05,-0.000783267,0.00235811,248,61,4.96168,0.000561061,102.962,88.9994
103,89,5.05048,0.000968933,0.0183047,-6.71574e-05,5.66199e-05,0.0183048,-6.73318e-05,0.00308185,0.00231172,253,61,5.05047,-0.000969905,108.05,89.001
108,89,5.14218,-0.00012207,0.0190315,-8.13284e-05,9.36241e-05,0.0190319,-8.17878e-05,0.00489834,0.00293684,258,61,5.14217,0.000120442,113.142,88.9999
113,89,5.23987,0.000473022,0.0199766,-6.15786e-05,9.19474e-05,0.019977,-6.20009e-05,0.00458849,0.00360293,263,61,5.23988,-0.000472016,118.24,89.0005
118,89,5.34668,0.00056839,0.0208944,-1.63587e-05,7.32066e-05,0.0208947,-1.66157e-05,0.00350084,0.00427276,268,61,5.34668,-0.000568906,123.347,89.0006
123,89,5.45425,0.00062561,0.0215,4.80996e-05,3.56388e-05,0.0215001,4.80395e-05,0.00166133,0.00476577,273,61,5.45425,-0.000624814,128.454,89.0006
128,89,5.56573,-0.000240326,0,0,0,0,0,0,-1,278,61,5.56575,0.000241268,133.566,88.9998
-132,84,0.339073,-0.000541687,0,0,0,0,0,0,-1,18,66,0.339074,0.000538823,-131.661,83.9995
-127,84,0.453791,0.0013504,0.0221824,0.000160492,0.000142741,0.0221834,0.000159566,0.0064814,0.00535049,23,66,0.453791,-0.00134895,-126.546,84.0014
-122,84,0.567774,0.0030899,0.0217127,0.000147094,4.88066e-05,0.0217128,0.000146982,0.00226315,0.00527192,28,66,0.567774,-0.00309076,-121.432,84.0031
-117,84,0.677666,0.00266266,0.0208169,0.00010106,-9.86552e-06,0.0208169,0.000101055,-0.000476231,0.00473283,33,66,0.677666,-0.00266051,-116.322,84.0027
-112,84,0.781364,0.00200653,0.0196944,5.73794e-05,-3.87188e-05,0.0196945,5.73024e-05,-0.00197171,0.00410753,38,66,0.781365,-0.00200289,-111.219,84.002
-107,84,0.87537,0.00125122,0.018643,3.98822e-05,-5.39819e-05,0.0186431,3.97265e-05,-0.00290174,0.0031927,43,66,0.87537,-0.00125335,-106.125,84.0013
-102,84,0.965141,0.00127411,0.0180501,4.69149e-05,-5.49143e-05,0.0180503,4.67468e-05,-0.00305021,0.0024467,48,66,0.965141,-0.001277,-101.035,84.0013
-97,84,1.05145,0.000518799,0.0181483,7.43141e-05,-3.25667e-05,0.0181483,7.42553e-05,-0.00180185,0.00259455,53,66,1.05145,-0.000515789,-95.9485,84.0005
-92,84,1.14248,-0.000289917,0.0188894,0.000115145,5.7477e-06,0.0188894,0.000115143,0.000306147,0.00346003,58,66,1.14247,0.000286189,-90.8575,83.9997
-87,84,1.23916,0.00178528,0.0199523,0.000153365,3.08763e-05,0.0199524,0.000153316,0.00155948,0.00437497,63,66,1.23916,-0.00178441,-85.7608,84.0018
-82,84,1.34559,0.00279999,0.0209175,0.000152431,2.97084e-05,0.0209175,0.000152389,0.00143069,0.00512186,68,66,1.34559,-0.00279645,-80.6544,84.0028
-77,84,1.45541,0.00222778,0.0214466,0.000100987,1.18731e-05,0.0214466,0.000100981,0.000556228,0.00555633,73,66,1.45541,-0.002224,-75.5446,84.0022
-72,84,1.56565,0.00140381,0.0213757,2.83755e-05,8.90504e-06,0.0213757,2.83718e-05,0.00041715,0.00541695,78,66,1.56565,-0.00140112,-70.4343,84.0014
-67,84,1.67534,0.00107574,0.020733,-1.29309e-05,3.36388e-05,0.0207331,-1.29854e-05,0.00162146,0.00476277,83,66,1.67534,-0.00107553,-65.3247,84.0011
-62,84,1.77922,-0.000312805,0.0197238,-3.90499e-06,5.15659e-05,0.0197239,-4.03915e-06,0.00261386,0.00395453,88,66,1.77922,0.000313014,-60.2208,83.9997
-57,84,1.87505,-0.000160217,0.0187035,4.35326e-05,3.59895e-05,0.0187036,4.3463e-05,0.00192869,0.00313481,93,66,1.87505,0.000161295,-55.1249,83.9998
-52,84,1.96442,0.000190735,0.0180824,9.42626e-05,-2.90325e-06,0.0180824,9.42629e-05,-0.000161398,0.00240446,98,66,1.96442,-0.000193421,-50.0356,84.0002
-47,84,2.05134,9.15527e-05,0.0181328,0.000119433,-4.76152e-05,0.0181329,0.000119307,-0.00264331,0.00249009,103,66,2.05134,-9.07176e-05,-44.9487,84.0001
-42,84,2.14275,-0.000465393,0.0188565,0.000113661,-6.60068e-05,0.0188568,0.000113428,-0.00352164,0.00327834,108,66,2.14275,0.000461757,-39.8572,83.9995
-37,84,2.2374,-4.57764e-05,0.0199724,7.92212e-05,-4.59677e-05,0.0199725,7.91159e-05,-0.0023107,0.00418439,113,66,2.23739,4.70569e-05,-34.7626,84
-32,84,2.34317,-0.000816345,0.0210137,3.0872e-05,-1.00749e-05,0.0210137,3.08668e-05,-0.000480149,0.00507423,118,66,2.34317,0.000815672,-29.6568,83.9992
-27,84,2.45592,-0.000946045,0.0215695,-6.122e-06,1.29161e-05,0.0215695,-6.12997e-06,0.000598641,0.00560309,123,66,2.45593,0.000942474,-24.5441,83.9991
-22,84,2.56941,-0.00063324,0.0214841,-1.19073e-05,7.82855e-06,0.0214841,-1.19107e-05,0.000364186,0.00565919,128,66,2.56941,0.000632491,-19.4306,83.9994
-17,84,2.67653,-7.62939e-06,0.0208258,1.32922e-05,-1.56904e-05,0.0208259,1.32797e-05,-0.000753892,0.00513668,133,66,2.67653,9.38286e-06,-14.3235,84
-12,84,2.78029,-0.000732422,0.019825,4.77811e-05,-2.10769e-05,0.019825,4.77582e-05,-0.00106572,0.00425192,138,66,2.78029,0.000729171,-9.21971,83.9993
-7,84,2.87939,-0.00087738,0.018793,6.07854e-05,9.92851e-06,0.018793,6.078e-05,0.000530023,0.00321217,143,66,2.8794,0.000873745,-4.12061,83.9991
-2,84,2.96782,0.000442505,0.0180836,3.52549e-05,6.86553e-05,0.0180838,3.49935e-05,0.0038039,0.00244573,148,66,2.96782,-0.000445941,0.967819,84.0004
3,84,3.05434,0.00161743,0.0179919,-9.80688e-06,0.000126771,0.0179928,-1.07e-05,0.00704172,0.00257084,153,66,3.05433,-0.00161622,6.05434,84.0016
8,84,3.14313,0.00111389,0.0185996,-4.44001e-05,0.000132068,0.0186006,-4.53349e-05,0.00708317,0.00344406,158,66,3.14313,-0.00111018,11.1431,84.0011
13,84,3.239,0.00252533,0.0196563,-4.63527e-05,6.85231e-05,0.0196566,-4.65903e-05,0.0034778,0.00463502,163,66,3.239,-0.00252372,16.239,84.0025
18,84,3.34183,0.00241089,0.0207305,-2.84237e-05,-2.78442e-05,0.0207305,-2.84612e-05,-0.00134131,0.00545511,168,66,3.34183,-0.00241261,21.3418,84.0024
23,84,3.45213,0.000686646,0.0214456,-9.96773e-06,-8.9368e-05,0.021446,-1.03395e-05,-0.00416516,0.00579172,173,66,3.45213,-0.000687643,26.4521,84.0007
28,84,3.56358,-0.000762939,0.0215331,-1.1173e-05,-6.75453e-05,0.0215334,-1.13836e-05,-0.00313514,0.00549824,178,66,3.56359,0.000761739,31.5636,83.9992
33,84,3.67459,-0.000785828,0.0209238,-2.88082e-05,3.11569e-06,0.0209238,-2.88077e-05,0.000148702,0.00481166,183,66,3.6746,0.000789176,36.6746,83.9992
38,84,3.78181,-6.10352e-05,0.0198331,-4.97925e-05,4.21658e-05,0.0198332,-4.98816e-05,0.00212069,0.00396668,188,66,3.78182,6.26698e-05,41.7818,83.9999
43,84,3.87584,0.000907898,0.0187059,-6.38142e-05,3.09195e-05,0.0187059,-6.38645e-05,0.0016473,0.00299794,193,66,3.87584,-0.000910677,46.8758,84.0009
48,84,3.96458,0.000282288,0.0180169,-8.24336e-05,-8.13753e-06,0.0180169,-8.24369e-05,-0.000449604,0.00254034,198,66,3.96458,-0.000280932,51.9646,84.0003
53,84,4.05106,-0.000160217,0.018066,-0.000118941,-3.42939e-05,0.0180661,-0.000119006,-0.00188583,0.0026382,203,66,4.05106,0.00016217,57.0511,83.9998
58,84,4.14122,9.15527e-05,0.0187896,-0.000177765,-2.48237e-05,0.0187897,-0.000177798,-0.00130875,0.00325405,208,66,4.14122,-8.89461e-05,62.1412,84.0001
63,84,4.23749,-0.000968933,0.0198528,-0.000231719,3.54659e-06,0.0198528,-0.00023172,0.000176583,0.00391696,213,66,4.23748,0.000972681,67.2375,83.999
68,84,4.34227,-0.000717163,0.0208506,-0.000235441,2.26834e-05,0.0208506,-0.000235466,0.00107575,0.00446057,218,66,4.34227,0.000713712,72.3423,83.9993
73,84,4.45187,-3.05176e-05,0.0214484,-0.000168428,9.58447e-06,0.0214484,-0.000168432,0.000443379,0.00473201,223,66,4.45188,3.1762e-05,77.4519,84
78,84,4.56458,0.000572205,0.0214489,-5.36427e-05,-4.18926e-05,0.021449,-5.37243e-05,-0.00194825,0.00466828,228,66,4.56458,-0.000575383,82.5646,84.0006
83,84,4.67355,0.00012207,0.0208171,4.70945e-05,-0.000105744,0.0208176,4.65568e-05,-0.00509102,0.00423199,233,66,4.67355,-0.000118827,87.6736,84.0001
88,84,4.77922,-0.000656128,0.019752,7.94845e-05,-0.000123696,0.0197528,7.8707e-05,-0.00628743,0.00359463,238,66,4.77922,0.000653982,92.7792,83.9993
93,84,4.87491,-0.00125122,0.0186777,5.0621e-05,-8.64593e-05,0.0186781,5.02197e-05,-0.00464147,0.00284815,243,66,4.87491,0.00125219,97.8749,83.9987
98,84,4.96223,-0.000518799,0.0180664,-3.0245e-08,-1.63458e-05,0.0180664,-4.47035e-08,-0.000904762,0.00234807,248,66,4.96224,0.000522398,102.962,83.9995
103,84,5.04904,0.00138855,0.0181986,-3.81573e-05,5.00378e-05,0.0181988,-3.82951e-05,0.00274375,0.00238595,253,66,5.04905,-0.0013909,108.049,84.0014
108,84,5.14032,0.000801086,0.0189782,-4.73646e-05,8.42146e-05,0.0189785,-4.77377e-05,0.00442628,0.00309274,258,66,5.14031,-0.000798818,113.14,84.0008
113,84,5.23917,0.00157166,0.0199861,-3.25858e-05,8.09927e-05,0.0199865,-3.29129e-05,0.00404576,0.00384422,263,66,5.23918,-0.00156811,118.239,84.0016
118,84,5.34579,0.00100708,0.0209476,-1.81241e-06,5.60461e-05,0.0209477,-1.9623e-06,0.00267528,0.00449162,268,66,5.34581,-0.0010106,123.346,84.001
123,84,5.45383,0.000900269,0.0215585,5.31753e-05,2.08993e-06,0.0215585,5.31748e-05,9.71822e-05,0.00493358,273,66,5.45383,-0.000900503,128.454,84.0009
128,84,5.56683,-0.000144958,0,0,0,0,0,0,-1,278,66,5.56683,0.000147656,133.567,83.9999
-132,79,0.338768,-0.00246429,0,0,0,0,0,0,-1,18,71,0.338768,0.00246562,-131.661,78.9975
-127,79,0.453629,-0.00105286,0.0222253,0.000196934,8.2544e-05,0.0222256,0.000196625,0.0037471,0.00514921,23,71,0.453628,0.00105414,-126.546,78.9989
-122,79,0.567369,0.000923157,0.021712,0.000249155,8.43931e-05,0.0217123,0.000248823,0.00393198,0.00504973,28,71,0.567369,-0.000926916,-121.433,79.0009
-117,79,0.677162,0.0019989,0.0208032,0.000211298,5.76164e-05,0.0208033,0.000211137,0.00279799,0.00446471,33,71,0.677161,-0.00200024,-116.323,79.002
-112,79,0.779831,0.00124359,0.0197095,0.000146632,2.50682e-05,0.0197095,0.000146599,0.00128142,0.00384537,38,71,0.779829,-0.0012439,-111.22,79.0012
-107,79,0.875301,0.000526428,0.0186815,8.99152e-05,-1.08093e-05,0.0186815,8.9909e-05,-0.000581408,0.00299946,43,71,0.8753,-0.000524844,-106.125,79.0005
-102,79,0.965275,0.000549316,0.0180825,5.46907e-05,-3.49619e-05,0.0180826,5.4623e-05,-0.00193932,0.00233752,48,71,0.965276,-0.000549414,-101.035,79.0005
-97,79,1.05177,-0.000183105,0.0181494,5.13965e-05,-3.60008e-05,0.0181495,5.13243e-05,-0.0019892,0.00254074,53,71,1.05177,0.000179906,-95.9482,78.9998
-92,79,1.14245,-0.000816345,0.0188575,8.41339e-05,-1.43645e-05,0.0188575,8.41226e-05,-0.000765149,0.00333139,58,71,1.14245,0.000818275,-90.8576,78.9992
-87,79,1.23826,-0.00012207,0.0199016,0.000136726,1.66795e-05,0.0199017,0.000136712,0.000843893,0.00420088,63,71,1.23826,0.000123739,-85.7617,78.9999
-82,79,1.34473,0.000305176,0.0208641,0.000165439,4.09808e-05,0.0208642,0.000165357,0.00197986,0.00494591,68,71,1.34474,-0.000307862,-80.6553,79.0003
-77,79,1.45411,-3.05176e-05,0.0214064,0.000146118,4.41334e-05,0.0214065,0.000146027,0.00207585,0.00534986,73,71,1.45411,3.16069e-05,-75.5459,79
-72,79,1.56496,0.000297546,0.0213571,9.16628e-05,3.47366e-05,0.0213571,9.16058e-05,0.00163347,0.00528008,78,71,1.56495,-0.000299908,-70.435,79.0003
-67,79,1.6745,0.000526428,0.020747,4.82469e-05,2.80038e-05,0.020747,4.82081e-05,0.00135292,0.00472827,83,71,1.6745,-0.000525027,-65.3255,79.0005
-62,79,1.77834,-0.000663757,0.0197773,3.92318e-05,1.33364e-05,0.0197773,3.92217e-05,0.00067567,0.00398506,88,71,1.77834,0.000667099,-60.2217,78.9993
-57,79,1.87433,-0.000289917,0.0187763,6.2527e-05,-1.35191e-05,0.0187763,6.25178e-05,-0.000722415,0.0031708,93,71,1.87433,0.000287761,-55.1257,78.9997
-52,79,1.96509,-0.000457764,0.0181458,9.23044e-05,-3.57005e-05,0.0181459,9.22345e-05,-0.00197748,0.00248567,98,71,1.96509,0.000456958,-50.0349,78.9995
-47,79,2.05225,-0.0012207,0.0181631,0.000106103,-5.06535e-05,0.0181633,0.000105961,-0.00280517,0.00258564,103,71,2.05226,0.00121922,-44.9477,78.9988
-42,79,2.14289,-0.00180054,0.0188405,9.33028e-05,-4.83153e-05,0.0188406,9.31788e-05,-0.00257718,0.00333321,108,71,2.14289,0.00179819,-39.8571,78.9982
-37,79,2.23949,-0.000816345,0.0199273,5.67445e-05,-1.99618e-05,0.0199273,5.67231e-05,-0.00100459,0.00421796,113,71,2.2395,0.000814087,-34.7605,78.9992
-32,79,2.34352,-0.00136566,0.0209736,9.2495e-06,1.91926e-05,0.0209736,9.2322e-06,0.000915488,0.00500861,118,71,2.34352,0.00136501,-29.6565,78.9986
-27,79,2.45504,-0.00112915,0.0215614,-2.68787e-05,4.32234e-05,0.0215615,-2.69646e-05,0.00200216,0.00547123,123,71,2.45504,0.00113192,-24.545,78.9989
-22,79,2.56924,-0.000282288,0.021515,-3.70655e-05,3.5972e-05,0.021515,-3.71253e-05,0.00166907,0.00555847,128,71,2.56925,0.00028091,-19.4308,78.9997
-17,79,2.6769,-3.05176e-05,0.0208685,-2.2184e-05,6.67699e-06,0.0208685,-2.2186e-05,0.000319615,0.00511446,133,71,2.67689,3.16331e-05,-14.3231,79
-12,79,2.78122,-0.00112152,0.0198352,3.68855e-06,-3.88732e-06,0.0198352,3.68711e-06,-0.000196018,0.0043042,138,71,2.78121,0.00112298,-9.21878,78.9989
-7,79,2.87946,-0.00151825,0.0187511,2.30678e-05,3.04589e-05,0.0187512,2.30176e-05,0.00162637,0.00336027,143,71,2.87946,0.00152062,-4.12054,78.9985
-2,79,2.96808,-0.000335693,0.0180074,1.82013e-05,9.3267e-05,0.0180079,1.77175e-05,0.00518441,0.00261939,148,71,2.96807,0.00033648,0.968079,78.9997
3,79,3.05392,0.00157166,0.0179332,-3.53898e-06,0.000140622,0.0179343,-4.64171e-06,0.00783926,0.00275374,153,71,3.05393,-0.00156943,6.05392,79.0016
8,79,3.14177,0.00208282,0.0186052,-2.94651e-05,0.000124431,0.018606,-3.02959e-05,0.006677,0.0035697,158,71,3.14177,-0.00207907,11.1418,79.0021
13,79,3.23714,0.00383759,0.0197257,-4.77809e-05,4.76656e-05,0.0197258,-4.78951e-05,0.00241056,0.00469724,163,71,3.23714,-0.00383535,16.2371,79.0038
18,79,3.34148,0.003685,0.0208126,-6.74102e-05,-5.16247e-05,0.0208127,-6.75386e-05,-0.00247243,0.00547102,168,71,3.34148,-0.00368767,21.3415,79.0037
23,79,3.453,0.0018158,0.0214691,-8.61712e-05,-0.00011119,0.0214697,-8.67452e-05,-0.00515817,0.00572783,173,71,3.453,-0.00181293,26.453,79.0018
28,79,3.56425,0.000999451,0.0214802,-0.000103656,-8.44438e-05,0.0214805,-0.000103987,-0.00391229,0.00537261,178,71,3.56426,-0.000997166,31.5643,79.001
33,79,3.67345,0.000747681,0.0208496,-0.000101945,-1.06227e-05,0.0208496,-0.00010195,-0.000507012,0.00459153,183,71,3.67345,-0.000749793,36.6734,79.0007
38,79,3.77914,0.00125885,0.0197969,-8.09876e-05,3.44013e-05,0.019797,-8.10474e-05,0.00173062,0.00373095,188,71,3.77915,-0.00126012,41.7791,79.0013
43,79,3.87479,0.00177765,0.0187282,-5.21139e-05,3.18181e-05,0.0187282,-5.21671e-05,0.00169422,0.00281415,193,71,3.87478,-0.00178097,46.8748,79.0018
48,79,3.96417,0.000648499,0.0180745,-4.09902e-05,2.52929e-06,0.0180745,-4.09894e-05,0.000139621,0.00233627,198,71,3.96417,-0.000650654,51.9642,79.0006
53,79,4.05074,-5.34058e-05,0.018111,-6.27719e-05,-1.55289e-05,0.018111,-6.27842e-05,-0.000854468,0.00248125,203,71,4.05073,5.18003e-05,57.0507,78.9999
58,79,4.14198,0.00063324,0.0188067,-0.000117137,-4.61285e-06,0.0188067,-0.000117137,-0.000243759,0.00317988,208,71,4.14199,-0.00063054,62.142,79.0006
63,79,4.23801,0.00063324,0.0198584,-0.000171517,4.38419e-06,0.0198584,-0.000171517,0.000218882,0.00402889,213,71,4.23801,-0.000634024,67.238,79.0006
68,79,4.34261,0.00149536,0.0208646,-0.000184282,-8.24361e-06,0.0208646,-0.000184285,-0.000391641,0.00466183,218,71,4.34261,-0.00149748,72.3426,79.0015
73,79,4.45251,0.00143433,0.0214836,-0.00013892,-4.77009e-05,0.0214837,-0.000139025,-0.00220606,0.00497701,223,71,4.45251,-0.0014345,77.4525,79.0014
78,79,4.56505,0.000976563,0.0215006,-5.74261e-05,-9.86035e-05,0.0215011,-5.78761e-05,-0.00457373,0.00486842,228,71,4.56504,-0.00097927,82.565,79.001
83,79,4.67464,-0.000289917,0.020859,1.18778e-05,-0.000132358,0.0208598,1.1038e-05,-0.00634862,0.00438449,233,71,4.67463,0.000289892,87.6746,78.9997
88,79,4.78052,-0.00148773,0.0197554,3.37616e-05,-0.000116305,0.0197561,3.30769e-05,-0.00589708,0.00367647,238,71,4.78051,0.00148961,92.7805,78.9985
93,79,4.87668,-0.00150299,0.0186299,2.15072e-05,-6.90221e-05,0.0186302,2.12518e-05,-0.00370912,0.00291018,243,71,4.87667,0.00150071,97.8767,78.9985
98,79,4.96321,-0.000152588,0.0179741,2.51668e-06,-1.4105e-05,0.0179741,2.50526e-06,-0.000784851,0.00237545,248,71,4.96322,0.000152129,102.963,78.9998
103,79,5.04871,0.00133514,0.0180941,-7.44676e-06,2.79544e-05,0.0180941,-7.4897e-06,0.00154431,0.00245425,253,71,5.04871,-0.001334,108.049,79.0013
108,79,5.13986,0.000480652,0.0189075,-9.42988e-06,5.01394e-05,0.0189077,-9.56375e-06,0.00265047,0.00327853,258,71,5.13987,-0.000482671,113.14,79.0005
113,79,5.23709,0.00138092,0.0199829,-9.69194e-06,4.68498e-05,0.019983,-9.80124e-06,0.00234334,0.00413309,263,71,5.23709,-0.00137711,118.237,79.0014
118,79,5.34439,0.00012207,0.0210259,-1.21811e-05,2.11252e-05,0.021026,-1.22031e-05,0.00100414,0.00482734,268,71,5.34438,-0.000121094,123.344,79.0001
123,79,5.45334,-0.00037384,0.0217198,2.99562e-06,-4.70552e-05,0.02172,2.89362e-06,-0.00216674,0.00517123,273,71,5.45334,0.000373174,128.453,78.9996
128,79,5.56686,-0.0013504,0,0,0,0,0,0,-1,278,71,5.56685,0.00135211,133.567,78.9986
-132,74,0.339947,-0.00283051,0,0,0,0,0,0,-1,18,76,0.339946,0.00282867,-131.66,73.9972
-127,74,0.453817,-0.00225067,0.0221329,0.000149754,6.94386e-07,0.0221329,0.000149755,3.15873e-05,0.00491268,23,76,0.453817,0.00224778,-126.546,73.9977
-122,74,0.565945,-0.00111389,0.021613,0.000214457,7.4178e-05,0.0216133,0.0002142,0.00346644,0.00482826,28,76,0.565945,0.00111657,-121.434,73.9989
-117,74,0.6758,0.000221252,0.02077,0.000199239,8.74411e-05,0.0207704,0.000198868,0.00425065,0.00426917,33,76,0.675801,-0.000218224,-116.324,74.0002
-112,74,0.778767,-0.000732422,0.0197307,0.000138019,6.53255e-05,0.0197309,0.0001378,0.00333413,0.00361135,38,76,0.778766,0.0007327,-111.221,73.9993
-107,74,0.874878,-0.000595093,0.0187344,6.53154e-05,2.22666e-05,0.0187344,6.52894e-05,0.0011927,0.00285788,43,76,0.874878,0.000594279,-106.125,73.9994
-102,74,0.965008,-3.8147e-05,0.0181312,7.46998e-06,-1.93673e-05,0.0181313,7.44872e-06,-0.00106861,0.00229067,48,76,0.965007,4.04091e-05,-101.035,74
-97,74,1.05222,-0.000335693,0.0181691,-1.41428e-05,-4.52251e-05,0.0181692,-1.42558e-05,-0.00248716,0.00252515,53,76,1.05222,0.000338232,-95.9478,73.9997
-92,74,1.14297,-0.000823975,0.0188401,9.06011e-06,-4.96331e-05,0.0188403,8.92859e-06,-0.00263568,0.0033092,58,76,1.14297,0.000824922,-90.857,73.9992
-87,74,1.23814,-0.000602722,0.0198574,6.94704e-05,-3.0382e-05,0.0198574,6.94245e-05,-0.00153538,0.0041301,63,76,1.23814,0.000599975,-85.7619,73.9994
-82,74,1.34418,-0.000205994,0.0208162,0.000133532,-4.00117e-08,0.0208162,0.000133533,-1.93456e-06,0.00486301,68,76,1.34418,0.000202241,-80.6558,73.9998
-77,74,1.45336,-0.000114441,0.0213779,0.000170317,1.4043e-05,0.021378,0.000170307,0.000662166,0.00520997,73,76,1.45336,0.000116739,-75.5466,73.9999
-72,74,1.56391,0.00119781,0.021355,0.000166363,5.80587e-06,0.021355,0.00016636,0.000274008,0.0051349,78,76,1.56391,-0.00119622,-70.4361,74.0012
-67,74,1.67321,0.00126648,0.0207703,0.000140242,-1.03696e-05,0.0207703,0.000140237,-0.000502647,0.00460533,83,76,1.67321,-0.00126771,-65.3268,74.0013
-62,74,1.77788,-0.000175476,0.019821,0.000111091,-2.94944e-05,0.019821,0.000111048,-0.00149642,0.00387079,88,76,1.77788,0.000171689,-60.2221,73.9998
-57,74,1.87383,-0.00037384,0.0188187,9.16987e-05,-4.62143e-05,0.0188188,9.15835e-05,-0.00246777,0.0030599,93,76,1.87382,0.000372506,-55.1262,73.9996
-52,74,1.96577,-0.000762939,0.0181713,7.70573e-05,-4.58619e-05,0.0181715,7.69412e-05,-0.00253458,0.00247081,98,76,1.96576,0.000765961,-50.0342,73.9992
-47,74,2.05297,-0.00148773,0.0181711,6.21529e-05,-3.63532e-05,0.0181711,6.20801e-05,-0.00200746,0.00258888,103,76,2.05297,0.00148881,-44.947,73.9985
-42,74,2.14214,-0.00206757,0.0188264,4.138e-05,-2.17153e-05,0.0188264,4.13554e-05,-0.00115599,0.00325819,108,76,2.14214,0.00207074,-39.8579,73.9979
-37,74,2.24015,-0.000869751,0.0198889,2.08189e-05,4.83173e-06,0.0198889,2.08179e-05,0.000243191,0.00407681,113,76,2.24015,0.000866949,-34.7598,73.9991
-32,74,2.34401,-0.00109863,0.0209238,4.91144e-06,3.84855e-05,0.0209239,4.84101e-06,0.00183974,0.00471156,118,76,2.34401,0.00109687,-29.656,73.9989
-27,74,2.45403,-0.000183105,0.0215264,-3.74315e-06,6.04937e-05,0.0215266,-3.91435e-06,0.00280969,0.00506652,123,76,2.45403,0.000184938,-24.546,73.9998
-22,74,2.56776,0.000648499,0.0215178,-1.10365e-05,5.79927e-05,0.021518,-1.11926e-05,0.00269369,0.00519345,128,76,2.56777,-0.000647423,-19.4322,74.0006
-17,74,2.67641,0.00012207,0.0209006,-1.91772e-05,3.7753e-05,0.0209006,-1.92458e-05,0.00180465,0.00498244,133,76,2.6764,-0.000123905,-14.3236,74.0001
-12,74,2.78221,-0.00128937,0.0198577,-2.56195e-05,3.07242e-05,0.0198577,-2.56663e-05,0.00154522,0.00431544,138,76,2.78222,0.00129269,-9.21779,73.9987
-7,74,2.87985,-0.00138855,0.0187388,-1.81483e-05,6.05502e-05,0.018739,-1.83433e-05,0.00322811,0.00348613,143,76,2.87985,0.00138778,-4.12015,73.9986
-2,74,2.96794,-0.000320435,0.0179756,-1.6749e-06,0.000110631,0.0179763,-2.35531e-06,0.00615361,0.00278986,148,76,2.96794,0.000317754,0.967941,73.9997
3,74,3.05399,0.00132751,0.0179232,1.88343e-05,0.000134187,0.0179242,1.78292e-05,0.00749409,0.00281606,153,76,3.05398,-0.00133077,6.05399,74.0013
8,74,3.14099,0.00240326,0.0186385,3.02391e-05,9.70392e-05,0.018639,2.97325e-05,0.00521467,0.00351253,158,76,3.141,-0.00240118,11.141,74.0024
13,74,3.2372,0.00385284,0.0197925,2.15068e-05,1.89194e-05,0.0197926,2.14884e-05,0.000956922,0.00462076,163,76,3.23719,-0.00385341,16.2372,74.0039
18,74,3.34198,0.00370026,0.0208782,-1.9316e-05,-6.68628e-05,0.0208784,-1.95289e-05,-0.00319951,0.00545883,168,76,3.34198,-0.00369715,21.342,74.0037
23,74,3.45322,0.00146484,0.0214794,-7.17723e-05,-0.000116144,0.02148,-7.23973e-05,-0.00538899,0.00577257,173,76,3.45321,-0.00146225,26.4532,74.0015
28,74,3.56555,0.00122833,0.0214228,-0.000109595,-9.66559e-05,0.0214233,-0.000110028,-0.00448874,0.00549593,178,76,3.56554,-0.00122649,31.5656,74.0012
33,74,3.6743,0.000701904,0.0207719,-0.000101016,-4.33199e-05,0.020772,-0.000101105,-0.0020754,0.0047744,183,76,3.6743,-0.000700856,36.6743,74.0007
38,74,3.77776,0.00167084,0.0197512,-5.7889e-05,-9.24257e-06,0.0197512,-5.78938e-05,-0.000466582,0.00387615,188,76,3.77775,-0.00166729,41.7778,74.0017
43,74,3.87476,0.00172424,0.0187402,-1.16085e-05,-3.85421e-06,0.0187402,-1.16089e-05,-0.000205538,0.00280768,193,76,3.87475,-0.00172109,46.8748,74.0017
48,74,3.96428,0.000328064,0.018128,7.69714e-06,-9.25559e-06,0.018128,7.69179e-06,-0.000510786,0.00217866,198,76,3.96429,-0.000324344,51.9643,74.0003
53,74,4.05048,-0.000274658,0.0181588,-6.22398e-06,-2.92916e-06,0.0181588,-6.22403e-06,-0.000161253,0.00234952,203,76,4.05048,0.000272406,57.0505,73.9997
58,74,4.14253,0.000656128,0.0188311,-4.20483e-05,1.85434e-05,0.0188311,-4.2065e-05,0.000982526,0.00319462,208,76,4.14253,-0.000655809,62.1425,74.0007
63,74,4.23819,0.00192261,0.0198704,-7.31234e-05,1.61951e-05,0.0198704,-7.31368e-05,0.000812047,0.00413067,213,76,4.2382,-0.00191908,67.2382,74.0019
68,74,4.34239,0.00300598,0.0208754,-8.00788e-05,-1.84261e-05,0.0208754,-8.00947e-05,-0.000879297,0.00482615,218,76,4.34239,-0.00300506,72.3424,74.003
73,74,4.4529,0.00270081,0.0215001,-6.26041e-05,-7.21141e-05,0.0215003,-6.28447e-05,-0.00334434,0.00516257,223,76,4.4529,-0.00270193,77.4529,74.0027
78,74,4.5649,0.00183105,0.0215216,-3.8905e-05,-0.000112537,0.0215222,-3.94927e-05,-0.00521941,0.00503328,228,76,4.5649,-0.00183031,82.5649,74.0018
83,74,4.67586,-0.000175476,0.0208765,-2.77495e-05,-0.000117844,0.0208771,-2.84137e-05,-0.0056371,0.0045051,233,76,4.67586,0.000177049,87.6759,73.9998
88,74,4.7812,-0.00144958,0.0197612,-3.10735e-05,-8.13242e-05,0.0197615,-3.1407e-05,-0.00410879,0.00374755,238,76,4.7812,0.0014494,92.7812,73.9986
93,74,4.87726,-0.00157928,0.0186156,-3.1336e-05,-3.98418e-05,0.0186157,-3.142e-05,-0.00213662,0.00301562,243,76,4.87726,0.00157888,97.8773,73.9984
98,74,4.9639,5.34058e-05,0.0179307,-2.05224e-05,-1.11391e-05,0.0179307,-2.05291e-05,-0.00062052,0.00244338,248,76,4.96389,-5.07637e-05,102.964,74.0001
103,74,5.04935,0.000549316,0.0180271,-5.3413e-06,2.57164e-06,0.0180271,-5.34207e-06,0.000142612,0.00252277,253,76,5.04934,-0.000551501,108.049,74.0005
108,74,5.14035,-0.000549316,0.0188494,-2.34679e-06,1.0039e-05,0.0188494,-2.35252e-06,0.000532524,0.0034952,258,76,5.14035,0.000548566,113.14,73.9995
113,74,5.23605,0.00127411,0.0199821,-1.66511e-05,5.14084e-06,0.0199821,-1.66511e-05,0.000257059,0.00447731,263,76,5.23605,-0.00127282,118.236,74.0013
118,74,5.34335,0.000404358,0.021122,-4.80248e-05,-2.08299e-05,0.021122,-4.80451e-05,-0.000983934,0.00522265,268,76,5.34337,-0.000401442,123.343,74.0004
123,74,5.45377,4.57764e-05,0.0219443,-7.40894e-05,-9.51749e-05,0.0219447,-7.45002e-05,-0.00432241,0.00549969,273,76,5.45377,-4.61353e-05,128.454,74
128,74,5.56812,-0.00109863,0,0,0,0,0,0,-1,278,76,5.56813,0.00110201,133.568,73.9989
-132,69,0.344141,-0.00376129,0.0220984,-0.000185862,-0.00022676,0.0221007,-0.000188169,-0.0101744,0.00455729,18,81,0.344141,0.00376153,-131.656,68.9962
-127,69,0.45561,-0.00437927,0.0219025,7.12183e-07,-7.08699e-05,0.0219027,4.82425e-07,-0.00323576,0.00463161,23,81,0.455611,0.00437587,-126.544,68.9956
-122,69,0.565519,-0.00333405,0.0214596,8.41914e-05,3.25852e-05,0.0214597,8.41422e-05,0.00152442,0.00446275,28,81,0.565519,0.00333219,-121.434,68.9967
-117,69,0.674931,-0.00161743,0.0207242,9.92954e-05,8.00372e-05,0.0207245,9.89856e-05,0.00388052,0.00409981,33,81,0.67493,0.00161847,-116.325,68.9984
-112,69,0.778732,-0.00102997,0.0197513,5.93949e-05,7.79901e-05,0.0197516,5.9085e-05,0.00396043,0.00352767,38,81,0.778731,0.00102804,-111.221,68.999
-107,69,0.874603,-0.000488281,0.0187879,-1.99821e-06,3.98965e-05,0.018788,-2.08337e-06,0.00212328,0.00283098,43,81,0.874602,0.000491942,-106.125,68.9995
-102,69,0.965096,0.00050354,0.0181803,-5.61643e-05,-8.75162e-06,0.0181803,-5.6169e-05,-0.000479898,0.00233561,48,81,0.965095,-0.000502311,-101.035,69.0005
-97,69,1.05307,0.00063324,0.0181932,-7.97924e-05,-4.79702e-05,0.0181933,-7.99177e-05,-0.00262517,0.00253333,53,81,1.05307,-0.000630971,-95.9469,69.0006
-92,69,1.1438,-4.57764e-05,0.0188361,-6.53658e-05,-7.05639e-05,0.0188363,-6.56294e-05,-0.00373319,0.00331074,58,81,1.1438,4.79707e-05,-90.8562,69
-87,69,1.23927,-0.000808716,0.0198348,-7.0853e-06,-7.09681e-05,0.0198351,-7.33882e-06,-0.00357662,0.00409689,63,81,1.23928,0.000811697,-85.7607,68.9992
-82,69,1.34456,-0.000991821,0.0207957,8.15327e-05,-5.6199e-05,0.0207959,8.13808e-05,-0.00271304,0.00483016,68,81,1.34456,0.00099194,-80.6554,68.999
-77,69,1.45348,-0.00162506,0.0213759,0.000169975,-5.0808e-05,0.0213761,0.000169854,-0.00239591,0.00516737,73,81,1.45347,0.00162276,-75.5465,68.9984
-72,69,1.56354,-0.000801086,0.0213673,0.000219658,-5.91204e-05,0.0213675,0.000219493,-0.00279557,0.00504076,78,81,1.56354,0.000801484,-70.4365,68.9992
-67,69,1.67357,-0.000602722,0.020783,0.000218371,-6.84311e-05,0.0207832,0.000218143,-0.00332756,0.0045342,83,81,1.67357,0.000605042,-65.3264,68.9994
-62,69,1.77881,-0.00141144,0.0198263,0.000177328,-6.81532e-05,0.0198266,0.000177091,-0.00346848,0.00382656,88,81,1.77881,0.00141088,-60.2212,68.9986
-57,69,1.87434,-0.00104523,0.0188114,0.000121946,-5.74797e-05,0.0188116,0.000121769,-0.00307548,0.00301681,93,81,1.87433,0.00104818,-55.1257,68.999
-52,69,1.96628,-0.0011673,0.0181554,6.56355e-05,-3.32533e-05,0.0181554,6.55744e-05,-0.00183823,0.00250077,98,81,1.96628,0.00116742,-50.0337,68.9988
-47,69,2.05315,-0.00163269,0.0181594,2.02e-05,-1.17752e-05,0.0181594,2.01929e-05,-0.00064916,0.00263418,103,81,2.05316,0.00163158,-44.9468,68.9984
-42,69,2.14172,-0.00204468,0.0188179,-9.27169e-06,-7.05029e-07,0.0188179,-9.27225e-06,-3.74475e-05,0.00323999,108,81,2.14173,0.00204123,-39.8583,68.998
-37,69,2.23952,-0.00114441,0.0198672,-9.22201e-06,8.71006e-06,0.0198672,-9.22568e-06,0.00043821,0.00391869,113,81,2.23952,0.00114281,-34.7605,68.9989
-32,69,2.34404,-0.00125122,0.0208828,1.62384e-05,2.70743e-05,0.0208828,1.62032e-05,0.0012975,0.00445909,118,81,2.34404,0.00125236,-29.656,68.9987
-27,69,2.4533,-0.000793457,0.021482,4.54031e-05,4.65856e-05,0.0214821,4.53023e-05,0.00217317,0.00481921,123,81,2.4533,0.000791255,-24.5467,68.9992
-22,69,2.56625,0.000297546,0.0214917,4.89118e-05,5.79347e-05,0.0214919,4.87547e-05,0.0027018,0.00487831,128,81,2.56626,-0.000300092,-19.4337,69.0003
-17,69,2.67517,0.000289917,0.0208994,2.21278e-05,6.01894e-05,0.0208996,2.1955e-05,0.00288297,0.00471793,133,81,2.67518,-0.000288632,-14.3248,69.0003
-12,69,2.78175,-0.000808716,0.0198674,-1.77375e-05,6.47283e-05,0.0198676,-1.79484e-05,0.00325506,0.00415536,138,81,2.78176,0.000808117,-9.21825,68.9992
-7,69,2.87883,-0.000793457,0.0187458,-3.0021e-05,8.4636e-05,0.0187461,-3.04021e-05,0.0045076,0.00345916,143,81,2.87883,0.000795572,-4.12117,68.9992
-2,69,2.96764,-6.10352e-05,0.0179934,-2.00337e-06,0.000110567,0.0179941,-2.68314e-06,0.00614383,0.00285307,148,81,2.96764,6.00264e-05,0.967636,68.9999
3,69,3.05362,0.000976563,0.017973,5.67475e-05,0.000107195,0.0179736,5.61066e-05,0.00598282,0.00277373,153,81,3.05361,-0.000974546,6.05362,69.001
8,69,3.14066,0.00221252,0.0187089,0.000113091,5.88108e-05,0.0187091,0.000112905,0.00316254,0.00334832,158,81,3.14066,-0.00221094,11.1407,69.0022
13,69,3.23877,0.00389862,0.0198583,0.000133169,-6.15925e-06,0.0198583,0.000133166,-0.000312255,0.00443074,163,81,3.23877,-0.00389537,16.2388,69.0039
18,69,3.34386,0.00418091,0.0209175,9.61984e-05,-6.52454e-05,0.0209177,9.59942e-05,-0.00313355,0.00529149,168,81,3.34385,-0.00418386,21.3439,69.0042
23,69,3.45386,0.0033493,0.0214685,2.84931e-05,-0.000100914,0.021469,2.80179e-05,-0.00470668,0.00566445,173,81,3.45385,-0.00335126,26.4539,69.0033
28,69,3.56709,0.00408173,0.0213679,-2.70842e-05,-0.000100094,0.0213683,-2.75532e-05,-0.00467824,0.00549343,178,81,3.56709,-0.00408187,31.5671,69.0041
33,69,3.67453,0.00222015,0.0207087,-3.10865e-05,-8.18725e-05,0.020709,-3.14089e-05,-0.00394753,0.00488405,183,81,3.67453,-0.0022206,36.6745,69.0022
38,69,3.77673,0.00189972,0.019711,9.3244e-07,-6.5971e-05,0.0197112,7.12462e-07,-0.00334702,0.00398114,188,81,3.77673,-0.00189819,41.7767,69.0019
43,69,3.87428,0.00118256,0.0187377,3.18773e-05,-5.06425e-05,0.0187379,3.17404e-05,-0.00270728,0.00279417,193,81,3.87428,-0.00118545,46.8743,69.0012
48,69,3.96428,-6.86646e-05,0.0181541,3.81407e-05,-2.4702e-05,0.0181541,3.81079e-05,-0.00136355,0.00206034,198,81,3.96427,7.19892e-05,51.9643,68.9999
53,69,4.0509,-0.00038147,0.0181849,2.58072e-05,9.83902e-06,0.0181849,2.58023e-05,0.000541823,0.00228907,203,81,4.05091,0.000377659,57.0509,68.9996
58,69,4.14322,0.000511169,0.0188497,1.56102e-05,4.11873e-05,0.0188498,1.55205e-05,0.00218683,0.0031668,208,81,4.14322,-0.000508068,62.1432,69.0005
63,69,4.23926,0.00244904,0.0198876,2.10275e-05,3.35168e-05,0.0198876,2.09715e-05,0.00168709,0.00406446,213,81,4.23925,-0.00244766,67.2393,69.0024
68,69,4.34291,0.00315857,0.020889,3.35086e-05,-9.80558e-06,0.020889,3.35043e-05,-0.000470168,0.00475413,218,81,4.34291,-0.00315979,72.3429,69.0032
73,69,4.45416,0.00247192,0.021502,3.25822e-05,-6.38953e-05,0.0215021,3.23914e-05,-0.00297608,0.00509195,223,81,4.45416,-0.00247183,77.4542,69.0025
78,69,4.56548,0.00217438,0.0215099,2.8173e-06,-9.00146e-05,0.0215103,2.441e-06,-0.00418524,0.0049773,228,81,4.56548,-0.0021721,82.5655,69.0022
83,69,4.67609,0.000663757,0.0208648,-4.57302e-05,-7.80931e-05,0.0208651,-4.60213e-05,-0.00373456,0.00446662,233,81,4.67609,-0.000663132,87.6761,69.0007
88,69,4.78084,-0.000274658,0.0197651,-8.28442e-05,-3.77779e-05,0.0197652,-8.29166e-05,-0.00190336,0.00366788,238,81,4.78084,0.000272018,92.7808,68.9997
93,69,4.87753,-0.000823975,0.0186345,-8.73602e-05,-9.84154e-06,0.0186345,-8.73655e-05,-0.000525671,0.00300029,243,81,4.87753,0.000824636,97.8775,68.9992
98,69,4.96463,0.000793457,0.0179431,-6.52589e-05,-4.21821e-06,0.0179431,-6.52606e-05,-0.000234237,0.00244269,248,81,4.96463,-0.000792672,102.965,69.0008
103,69,5.05002,0.000930786,0.0180159,-3.7709e-05,-1.23621e-05,0.0180159,-3.77176e-05,-0.000684745,0.00249125,253,81,5.05001,-0.000933976,108.05,69.0009
108,69,5.14145,-0.000450134,0.0188287,-2.77796e-05,-1.95969e-05,0.0188287,-2.78e-05,-0.00103927,0.00350669,258,81,5.14145,0.000449406,113.141,68.9995
113,69,5.23636,0.00157166,0.0199946,-3.97131e-05,-2.85009e-05,0.0199946,-3.97544e-05,-0.0014226,0.00455266,263,81,5.23635,-0.00157424,118.236,69.0016
118,69,5.34317,0.00115204,0.0212078,-7.18844e-05,-5.29682e-05,0.0212079,-7.20173e-05,-0.00248913,0.00528002,268,81,5.34317,-0.00114901,123.343,69.0012
123,69,5.4548,0.000923157,0.0221344,-0.000110669,-0.000116431,0.022135,-0.000111278,-0.00523383,0.00545754,273,81,5.4548,-0.000926577,128.455,69.0009
128,69,5.56979,-0.000267029,0,0,0,0,0,0,-1,278,81,5.56979,0.000266992,133.57,68.9997
-132,64,0.346407,-0.00177002,0.0219047,-0.000235738,-0.000254686,0.0219077,-0.000238667,-0.0115012,0.00455198,18,86,0.346406,0.00177237,-131.654,63.9982
-127,64,0.456972,-0.00256348,0.0217198,-0.000122143,-0.000122474,0.0217205,-0.000122829,-0.00560704,0.00463206,23,86,0.456972,0.00256364,-126.543,63.9974
-122,64,0.56621,-0.00267792,0.0213296,-5.46804e-05,-1.58851e-05,0.0213296,-5.46919e-05,-0.000742841,0.00450546,28,86,0.56621,0.00268014,-121.434,63.9973
-117,64,0.67411,-0.00174713,0.0206738,-2.26022e-05,5.04832e-05,0.0206739,-2.27243e-05,0.0024392,0.00412735,33,86,0.674112,0.00174515,-116.326,63.9983
-112,64,0.778957,-0.000518799,0.0197612,-2.78944e-05,6.91111e-05,0.0197614,-2.81362e-05,0.00349233,0.00354121,38,86,0.778958,0.000521613,-111.221,63.9995
-107,64,0.874821,0.000236511,0.0188246,-5.43593e-05,4.50915e-05,0.0188247,-5.44665e-05,0.00238844,0.00288843,43,86,0.874822,-0.000234572,-106.125,64.0002
-102,64,0.965553,0.00137329,0.0182055,-8.51712e-05,3.9466e-06,0.0182055,-8.51722e-05,0.000215771,0.00242032,48,86,0.965552,-0.00137416,-101.034,64.0014
-97,64,1.05371,0.00164795,0.0181917,-0.000103187,-2.85774e-05,0.0181918,-0.000103232,-0.00156203,0.00256968,53,86,1.05371,-0.00164998,-95.9463,64.0016
-92,64,1.14499,0.000930786,0.0188194,-9.97218e-05,-4.81173e-05,0.0188195,-9.98443e-05,-0.0025433,0.0033942,58,86,1.14499,-0.000934029,-90.855,64.0009
-87,64,1.24026,0.000114441,0.0198273,-5.63165e-05,-6.11505e-05,0.0198275,-5.65052e-05,-0.00307539,0.00417614,63,86,1.24027,-0.000114555,-85.7597,64.0001
-82,64,1.34566,-0.000762939,0.0208211,3.29456e-05,-7.42779e-05,0.0208214,3.2681e-05,-0.00357302,0.00477771,68,86,1.34566,0.000759141,-80.6543,63.9992
-77,64,1.45456,-0.00247192,0.0214335,0.000142983,-9.92201e-05,0.021434,0.000142522,-0.00466016,0.00504224,73,86,1.45456,0.00247049,-75.5454,63.9975
-72,64,1.56532,-0.00265503,0.0214253,0.000222097,-0.000124138,0.021426,0.00022137,-0.00585441,0.00495685,78,86,1.56533,0.00265294,-70.4347,63.9973
-67,64,1.67534,-0.00236511,0.0208008,0.000238949,-0.000131377,0.0208017,0.00023811,-0.00638899,0.00450129,83,86,1.67534,0.00236297,-65.3247,63.9976
-62,64,1.77977,-0.00253296,0.0197915,0.00019852,-0.000107007,0.0197921,0.000197936,-0.00546128,0.00378707,88,86,1.77977,0.00253485,-60.2202,63.9975
-57,64,1.87496,-0.00186157,0.0187465,0.000131952,-6.14027e-05,0.0187467,0.000131749,-0.00329859,0.00295394,93,86,1.87496,0.00185784,-55.125,63.9981
-52,64,1.96621,-0.0016098,0.018096,6.15529e-05,-1.00482e-05,0.018096,6.15474e-05,-0.000557166,0.00244126,98,86,1.96621,0.00161201,-50.0338,63.9984
-47,64,2.05331,-0.00154877,0.0181307,5.11233e-06,1.77767e-05,0.0181307,5.09527e-06,0.000980751,0.00257639,103,86,2.05332,0.00155111,-44.9467,63.9985
-42,64,2.1416,-0.00138092,0.0188173,-2.50724e-05,1.45348e-05,0.0188173,-2.50842e-05,0.000771386,0.00314834,108,86,2.14161,0.00138071,-39.8584,63.9986
-37,64,2.23948,-0.000694275,0.019868,-1.03034e-05,-4.3568e-06,0.019868,-1.03051e-05,-0.000219174,0.00380241,113,86,2.23948,0.000692417,-34.7605,63.9993
-32,64,2.34456,-0.000785828,0.020864,4.1886e-05,-7.94287e-06,0.020864,4.18825e-05,-0.000381462,0.00448689,118,86,2.34456,0.000784676,-29.6554,63.9992
-27,64,2.45291,-0.00110626,0.021446,9.6047e-05,8.43685e-06,0.021446,9.60436e-05,0.00039517,0.00484259,123,86,2.45291,0.00110449,-24.5471,63.9989
-22,64,2.56517,-0.000495911,0.02145,0.000112727,3.65678e-05,0.0214501,0.000112665,0.00171379,0.00490007,128,86,2.56517,0.000497535,-19.4348,63.9995
-17,64,2.67453,0.000198364,0.0208658,8.46583e-05,6.34256e-05,0.020866,8.44654e-05,0.00305204,0.00460512,133,86,2.67453,-0.000198844,-14.3255,64.0002
-12,64,2.78006,0.000289917,0.0198509,3.33242e-05,8.0491e-05,0.0198513,3.29977e-05,0.0040615,0.00394782,138,86,2.78006,-0.000287144,-9.21994,64.0003
-7,64,2.87689,0.000305176,0.0187516,8.50264e-06,8.88427e-05,0.018752,8.08202e-06,0.00473988,0.00328548,143,86,2.87689,-0.000306661,-4.12311,64.0003
-2,64,2.96646,0.000442505,0.0180352,3.31632e-05,8.94122e-05,0.0180357,3.27183e-05,0.00496661,0.00282466,148,86,2.96646,-0.000439437,0.966461,64.0004
3,64,3.05305,0.000511169,0.018055,0.000102387,6.75573e-05,0.0180553,0.000102133,0.00376302,0.00278218,153,86,3.05305,-0.000507576,6.05305,64.0005
8,64,3.14037,0.00115967,0.0187999,0.000180342,2.39807e-05,0.0187999,0.000180311,0.00128793,0.00323812,158,86,3.14037,-0.00115641,11.1404,64.0012
13,64,3.2397,0.00201416,0.0199211,0.000224883,-1.39781e-05,0.0199211,0.000224872,-0.000709683,0.00423953,163,86,3.23971,-0.00201261,16.2397,64.002
18,64,3.34497,0.00224304,0.0209388,0.000206908,-3.93745e-05,0.0209389,0.000206834,-0.00189922,0.00508248,168,86,3.34496,-0.0022459,21.345,64.0022
23,64,3.45448,0.00255585,0.0214534,0.000143783,-6.18155e-05,0.0214536,0.000143604,-0.0029008,0.0055062,173,86,3.45448,-0.00255437,26.4545,64.0026
28,64,3.5675,0.00388336,0.0213335,7.6678e-05,-8.42189e-05,0.0213338,7.63442e-05,-0.00396189,0.00546229,178,86,3.5675,-0.00388248,31.5675,64.0039
33,64,3.67499,0.00204468,0.0206706,4.55212e-05,-0.000103415,0.0206711,4.50024e-05,-0.00501386,0.00494951,183,86,3.67499,-0.00204321,36.675,64.002
38,64,3.77731,0.00123596,0.0196775,4.40155e-05,-0.000106714,0.0196781,4.3436e-05,-0.00543511,0.00411128,188,86,3.77732,-0.00123702,41.7773,64.0012
43,64,3.87392,0.000389099,0.018712,4.60325e-05,-8.48165e-05,0.0187124,4.56478e-05,-0.00454379,0.00287642,193,86,3.87392,-0.000388479,46.8739,64.0004
48,64,3.96442,-5.34058e-05,0.0181386,3.81777e-05,-3.50734e-05,0.0181386,3.81088e-05,-0.00193771,0.00207605,198,86,3.96441,5.45452e-05,51.9644,63.9999
53,64,4.05118,-0.000617981,0.0181775,3.00058e-05,1.71365e-05,0.0181776,2.99895e-05,0.000944289,0.00231534,203,86,4.05118,0.000620354,57.0512,63.9994
58,64,4.14284,7.62939e-06,0.0188532,4.20922e-05,5.08066e-05,0.0188533,4.19552e-05,0.00270086,0.00317709,208,86,4.14283,-7.98358e-06,62.1428,64
63,64,4.23943,0.00151825,0.0199052,7.45618e-05,4.32835e-05,0.0199053,7.44676e-05,0.00218264,0.00401924,213,86,4.23943,-0.00152148,67.2394,64.0015
68,64,4.34299,0.00134277,0.0209116,0.000103232,6.81998e-06,0.0209116,0.00010323,0.000327751,0.00466951,218,86,4.34299,-0.00134407,72.343,64.0013
73,64,4.45496,0.00062561,0.0215072,9.48729e-05,-3.32335e-05,0.0215073,9.48226e-05,-0.00155207,0.00496392,223,86,4.45496,-0.000625362,77.455,64.0006
78,64,4.5659,0.000640869,0.0214869,3.76037e-05,-4.50115e-05,0.021487,3.7509e-05,-0.00209849,0.00476085,228,86,4.56591,-0.000637252,82.5659,64.0006
83,64,4.67616,0.000267029,0.0208347,-4.50653e-05,-2.80004e-05,0.0208348,-4.5103e-05,-0.00134102,0.00424963,233,86,4.67616,-0.000267074,87.6762,64.0003
88,64,4.78009,-9.91821e-05,0.0197583,-0.000105871,4.14973e-06,0.0197583,-0.000105872,0.000208905,0.00350741,238,86,4.78009,9.98688e-05,92.7801,63.9999
93,64,4.87756,-0.0012207,0.0186617,-0.000123229,1.89617e-05,0.0186617,-0.000123248,0.00100941,0.00293534,243,86,4.87756,0.00122308,97.8776,63.9988
98,64,4.96556,0.000434875,0.0179868,-0.000106099,1.09624e-05,0.0179868,-0.000106107,0.000605893,0.00248401,248,86,4.96556,-0.00043602,102.966,64.0004
103,64,5.0509,0.00088501,0.0180524,-7.72476e-05,-9.29116e-06,0.0180524,-7.72523e-05,-0.000512483,0.00253303,253,86,5.0509,-0.000884832,108.051,64.0009
108,64,5.14096,-0.000320435,0.0188513,-5.59247e-05,-2.78271e-05,0.0188514,-5.5965e-05,-0.00147176,0.00355015,258,86,5.14096,0.000323425,113.141,63.9997
113,64,5.23682,0.00167084,0.0200199,-4.7768e-05,-3.8762e-05,0.02002,-4.7843e-05,-0.00193155,0.00454771,263,86,5.23683,-0.00167331,118.237,64.0017
118,64,5.34418,0.00177765,0.0212522,-5.24363e-05,-5.54711e-05,0.0212523,-5.25815e-05,-0.00260369,0.00509513,268,86,5.34419,-0.00177409,123.344,64.0018
123,64,5.45667,0.00199127,0.0222099,-7.22491e-05,-9.13157e-05,0.0222103,-7.26227e-05,-0.00409806,0.00523264,273,86,5.45665,-0.00198761,128.457,64.002
128,64,5.57254,0.00063324,0,0,0,0,0,0,-1,278,86,5.57253,-0.000631943,133.573,64.0006
-132,59,0.348148,-0.001091,0.0217779,-0.000207556,-0.00021453,0.02178,-0.000209649,-0.00975654,0.00444331,18,91,0.348149,0.00109243,-131.652,58.9989
-127,59,0.458002,-0.00177002,0.0216038,-0.000189918,-0.00012759,0.0216046,-0.000190666,-0.00585416,0.00454392,23,91,0.458002,0.00176698,-126.542,58.9982
-122,59,0.567118,-0.00199127,0.021239,-0.00015951,-4.80131e-05,0.0212391,-0.000159618,-0.00224375,0.00446294,28,91,0.567119,0.00198957,-121.433,58.998
-117,59,0.674068,-0.00136566,0.0206299,-0.00012103,1.18435e-05,0.0206299,-0.000121037,0.000570743,0.00409455,33,91,0.67407,0.00136877,-116.326,58.9986
-112,59,0.778835,-0.000320435,0.0197581,-8.42503e-05,4.07987e-05,0.0197582,-8.4335e-05,0.00205613,0.00351441,38,91,0.778834,0.00031825,-111.221,58.9997
-107,59,0.875771,0.000526428,0.0188316,-6.30904e-05,3.68582e-05,0.0188317,-6.31614e-05,0.00195071,0.0028979,43,91,0.875772,-0.00052406,-106.124,59.0005
-102,59,0.966339,0.00200653,0.0181838,-6.21748e-05,1.96428e-05,0.0181838,-6.21965e-05,0.00107655,0.00243604,48,91,0.96634,-0.00200881,-101.034,59.002
-97,59,1.05412,0.00187683,0.0181299,-7.45762e-05,1.29944e-05,0.0181299,-7.45859e-05,0.000713806,0.00254452,53,91,1.05411,-0.00187879,-95.9459,59.0019
-92,59,1.14462,0.00123596,0.0187531,-8.50793e-05,1.60215e-05,0.0187531,-8.5094e-05,0.000850476,0.00352076,58,91,1.14462,-0.00123896,-90.8554,59.0012
-87,59,1.23987,0.000488281,0.019815,-6.67334e-05,3.12759e-06,0.019815,-6.67339e-05,0.00015731,0.00453471,63,91,1.23987,-0.000491614,-85.7601,59.0005
-82,59,1.34528,-0.000770569,0.0209009,-7.95464e-07,-3.78963e-05,0.020901,-8.64267e-07,-0.00181307,0.00515281,68,91,1.34529,0.00077267,-80.6547,58.9992
-77,59,1.45538,-0.00389099,0.0215853,9.52063e-05,-0.000104476,0.0215858,9.46997e-05,-0.00486143,0.00525095,73,91,1.45538,0.00389428,-75.5446,58.9961
-72,59,1.56657,-0.00500488,0.0215732,0.000171752,-0.000163343,0.0215744,0.000170506,-0.00763173,0.00509628,78,91,1.56656,0.00500788,-70.4334,58.995
-67,59,1.6775,-0.00428009,0.0208584,0.000192706,-0.000183313,0.02086,0.00019108,-0.00886945,0.00465372,83,91,1.6775,0.00427905,-65.3225,58.9957
-62,59,1.78139,-0.00354767,0.0197324,0.000160714,-0.00014503,0.0197335,0.00015964,-0.00740965,0.00388293,88,91,1.78139,0.0035443,-60.2186,58.9965
-57,59,1.87584,-0.00252533,0.0186247,0.000106475,-6.96754e-05,0.018625,0.000106213,-0.00376246,0.00299248,93,91,1.87584,0.00252429,-55.1242,58.9975
-52,59,1.96601,-0.00177002,0.0179893,5.3048e-05,8.78797e-06,0.0179893,5.30435e-05,0.000489957,0.00238715,98,91,1.96601,0.00177345,-50.034,58.9982
-47,59,2.05324,-0.000976563,0.0180823,1.32746e-05,4.57305e-05,0.0180824,1.31596e-05,0.00253086,0.00245818,103,91,2.05324,0.000973509,-44.9468,58.999
-42,59,2.14189,-0.000106812,0.0188214,-2.66815e-06,3.07558e-05,0.0188215,-2.7176e-06,0.00163385,0.0030387,108,91,2.14189,0.00010365,-39.8581,58.9999
-37,59,2.24026,-0.000274658,0.0198884,1.96588e-05,-1.28423e-05,0.0198884,1.965e-05,-0.000646357,0.00378693,113,91,2.24026,0.000276547,-34.7597,58.9997
-32,59,2.34526,-0.000946045,0.0208705,7.4227e-05,-3.6462e-05,0.0208705,7.41621e-05,-0.00175329,0.00450535,118,91,2.34526,0.000948357,-29.6547,58.9991
-27,59,2.45462,-0.00218964,0.0214304,0.000128882,-2.43791e-05,0.0214305,0.000128854,-0.00114447,0.00493372,123,91,2.45462,0.00219236,-24.5454,58.9978
-22,59,2.56566,-0.00210571,0.0214123,0.000154,1.40378e-05,0.0214123,0.00015399,0.000660344,0.00499308,128,91,2.56567,0.00210465,-19.4343,58.9979
-17,59,2.67493,-0.000900269,0.0208169,0.000141378,5.55097e-05,0.0208171,0.000141229,0.00268478,0.00468483,133,91,2.67493,0.000901882,-14.3251,58.9991
-12,59,2.78026,-7.62939e-06,0.0198122,0.000105434,7.82305e-05,0.0198125,0.000105123,0.00396965,0.00394036,138,91,2.78026,3.93736e-06,-9.21974,59
-7,59,2.8757,0.000343323,0.0187436,8.25854e-05,7.70462e-05,0.0187439,8.22684e-05,0.00412863,0.00319856,143,91,2.8757,-0.000344288,-4.1243,59.0003
-2,59,2.96541,0.000679016,0.0180701,9.41435e-05,6.07667e-05,0.0180703,9.39379e-05,0.00338039,0.00281261,148,91,2.96541,-0.000678979,0.965408,59.0007
3,59,3.0529,-0.000350952,0.018127,0.000144967,3.52573e-05,0.0181271,0.000144899,0.00196068,0.00288901,153,91,3.0529,0.000353165,6.0529,58.9996
8,59,3.14119,-0.000465393,0.0188774,0.000212834,1.04111e-05,0.0188774,0.00021283,0.000557801,0.00340824,158,91,3.14119,0.000467153,11.1412,58.9995
13,59,3.24135,-0.000694275,0.019971,0.000263476,6.67568e-06,0.019971,0.000263474,0.000338737,0.00432233,163,91,3.24135,0.000695904,16.2413,58.9993
18,59,3.34641,-0.000190735,0.0209544,0.000264325,1.44367e-05,0.0209544,0.000264314,0.00069776,0.00507319,168,91,3.3464,0.000189849,21.3464,58.9998
23,59,3.45567,0.000930786,0.021453,0.000214815,3.90517e-06,0.021453,0.000214814,0.000183875,0.00544863,173,91,3.45568,-0.000932849,26.4557,59.0009
28,59,3.56798,0.00288391,0.021333,0.000140742,-3.81449e-05,0.0213331,0.000140673,-0.00179993,0.00543979,178,91,3.56798,-0.00288644,31.568,59.0029
33,59,3.67636,0.00160217,0.0206648,7.93053e-05,-9.05078e-05,0.0206652,7.89082e-05,-0.00439657,0.00499413,183,91,3.67636,-0.00160108,36.6764,59.0016
38,59,3.77832,0.000419617,0.0196573,4.3839e-05,-0.000116508,0.019658,4.31472e-05,-0.00593994,0.00421118,188,91,3.77832,-0.000417105,41.7783,59.0004
43,59,3.87502,0,0.0186727,2.6211e-05,-0.000100168,0.0186732,2.56728e-05,-0.00537175,0.00302515,193,91,3.87502,-1.46843e-06,46.875,59
48,59,3.96443,0.000106812,0.0180911,1.81468e-05,-4.43156e-05,0.0180912,1.80369e-05,-0.00245202,0.00216769,198,91,3.96444,-0.000104538,51.9644,59.0001
53,59,4.05151,-0.000686646,0.0181411,1.91034e-05,1.19196e-05,0.0181411,1.90949e-05,0.000657738,0.00238831,203,91,4.05151,0.000684982,57.0515,58.9993
58,59,4.14098,0.000198364,0.0188381,3.97357e-05,4.33281e-05,0.0188382,3.96362e-05,0.00230487,0.00318341,208,91,4.14098,-0.000197962,62.141,59.0002
63,59,4.23903,0.001297,0.0199143,7.28527e-05,4.08289e-05,0.0199144,7.2768e-05,0.00205775,0.00397777,213,91,4.23903,-0.00129643,67.239,59.0013
68,59,4.34259,0.000831604,0.0209382,9.92321e-05,2.06413e-05,0.0209383,9.92119e-05,0.000990513,0.00461604,218,91,4.34259,-0.000832998,72.3426,59.0008
73,59,4.45512,0.000114441,0.0215256,8.98143e-05,2.41792e-07,0.0215256,8.98149e-05,1.12798e-05,0.00488257,223,91,4.45513,-0.000110665,77.4551,59.0001
78,59,4.56586,0.000946045,0.0214724,4.00049e-05,-2.42828e-06,0.0214724,4.0004e-05,-0.0001133,0.00465986,228,91,4.56586,-0.000947008,82.5659,59.0009
83,59,4.67584,0.00153351,0.0207983,-3.2633e-05,1.08372e-05,0.0207983,-3.26391e-05,0.000520245,0.00415669,233,91,4.67585,-0.00153195,87.6758,59.0015
88,59,4.77917,0.00152588,0.019734,-8.64878e-05,3.13668e-05,0.019734,-8.65376e-05,0.00158254,0.00341895,238,91,4.77917,-0.00152501,92.7792,59.0015
93,59,4.8763,0.000442505,0.0186749,-0.000106752,3.90588e-05,0.018675,-0.000106834,0.00207962,0.00280754,243,91,4.8763,-0.000439457,97.8763,59.0004
98,59,4.96533,0.00139618,0.0180337,-9.78155e-05,2.75474e-05,0.0180338,-9.78569e-05,0.0015193,0.00236513,248,91,4.96533,-0.00139659,102.965,59.0014
103,59,5.05121,0.00153351,0.0181095,-7.31831e-05,6.43412e-06,0.0181095,-7.31861e-05,0.00035386,0.00241503,253,91,5.0512,-0.00153543,108.051,59.0015
108,59,5.14255,2.28882e-05,0.0188933,-4.21591e-05,-1.22434e-05,0.0188933,-4.21675e-05,-0.000646588,0.00324552,258,91,5.14253,-2.62527e-05,113.143,59
113,59,5.23886,0.00189209,0.0200372,-1.39387e-05,-1.5509e-05,0.0200372,-1.39503e-05,-0.000773473,0.00406792,263,91,5.23885,-0.00189145,118.239,59.0019
118,59,5.34607,0.00234222,0.0212394,1.00044e-05,-1.61653e-05,0.0212394,9.99216e-06,-0.000761459,0.00456935,268,91,5.34607,-0.00234433,123.346,59.0023
123,59,5.45782,0.00248718,0.0221563,1.09961e-05,-2.4708e-05,0.0221563,1.09673e-05,-0.00111572,0.00487567,273,91,5.45783,-0.00248715,128.458,59.0025
128,59,5.57272,0.0010376,0,0,0,0,0,0,-1,278,91,5.57271,-0.00103742,133.573,59.001
-132,54,0.349962,-0.000244141,0.0216951,-0.000143409,-0.000130134,0.0216959,-0.000144185,-0.00595866,0.00430413,18,96,0.349963,0.000246783,-131.65,53.9998
-127,54,0.459129,-0.001091,0.02155,-0.000197297,-8.98508e-05,0.0215504,-0.000197669,-0.00413148,0.00443461,23,96,0.459129,0.00109234,-126.541,53.9989
-122,54,0.568165,-0.00110626,0.0211934,-0.000203516,-6.22245e-05,0.0211935,-0.000203697,-0.00290808,0.00437682,28,96,0.568164,0.00110402,-121.432,53.9989
-117,54,0.674412,-0.000663757,0.0205995,-0.000167172,-3.47741e-05,0.0205995,-0.00016723,-0.00167451,0.00401898,33,96,0.674411,0.00066749,-116.326,53.9993
-112,54,0.778427,-5.34058e-05,0.0197392,-9.82033e-05,-8.3275e-06,0.0197392,-9.8208e-05,-0.000419787,0.0034472,38,96,0.778428,5.4266e-05,-111.222,53.9999
-107,54,0.875748,0.000610352,0.0188005,-3.65069e-05,1.36897e-05,0.0188005,-3.65181e-05,0.000726744,0.00282626,43,96,0.875747,-0.000607805,-106.124,54.0006
-102,54,0.967125,0.00240326,0.0181088,-5.96625e-06,3.43328e-05,0.0181089,-6.03124e-06,0.00189529,0.0023793,48,96,0.967125,-0.00240563,-101.033,54.0024
-97,54,1.05426,0.00248718,0.0180019,-9.9594e-06,6.24947e-05,0.0180021,-1.01766e-05,0.0034696,0.00248463,53,96,1.05426,-0.00248998,-95.9457,54.0025
-92,54,1.14249,0.00191498,0.0186245,-2.71218e-05,9.05822e-05,0.0186249,-2.75616e-05,0.00485638,0.00359341,58,96,1.14249,-0.00191717,-90.8575,54.0019
-87,54,1.23724,0.00149536,0.0197805,-3.05304e-05,8.1509e-05,0.0197809,-3.08659e-05,0.00411422,0.00486692,63,96,1.23723,-0.00149297,-85.7628,54.0015
-82,54,1.34229,0.000289917,0.0210244,-1.26307e-07,1.7512e-05,0.0210244,-1.41561e-07,0.000832932,0.00567953,68,96,1.34229,-0.000289665,-80.6577,54.0003
-77,54,1.45392,-0.00388336,0.0218368,5.25645e-05,-8.60801e-05,0.0218371,5.22239e-05,-0.00395141,0.00584343,73,96,1.45392,0.00388026,-75.5461,53.9961
-72,54,1.56861,-0.00600433,0.02183,9.43244e-05,-0.000177943,0.0218314,9.28678e-05,-0.00818594,0.00556277,78,96,1.56861,0.00600276,-70.4314,53.994
-67,54,1.68161,-0.00545502,0.0209789,9.87487e-05,-0.000213237,0.0209811,9.65707e-05,-0.010211,0.0050931,83,96,1.68161,0.00545623,-65.3184,53.9945
-62,54,1.78516,-0.00428772,0.0196693,7.37003e-05,-0.000171594,0.0196708,7.21989e-05,-0.00875588,0.00419195,88,96,1.78516,0.00429123,-60.2148,53.9957
-57,54,1.87792,-0.00370026,0.0184558,4.55617e-05,-8.19976e-05,0.0184561,4.51971e-05,-0.0044538,0.00315558,93,96,1.87792,0.0036969,-55.1221,53.9963
-52,54,1.96537,-0.00249481,0.0178306,3.06427e-05,1.3028e-05,0.0178306,3.06331e-05,0.000731911,0.00242641,98,96,1.96537,0.00249764,-50.0346,53.9975
-47,54,2.05309,-0.00109863,0.0179999,2.92794e-05,6.20937e-05,0.0180001,2.90638e-05,0.00345524,0.00248257,103,96,2.05309,0.00109726,-44.9469,53.9989
-42,54,2.14147,-0.000320435,0.0188127,4.01527e-05,4.88232e-05,0.0188129,4.00255e-05,0.00260075,0.00303751,108,96,2.14147,0.000316733,-39.8585,53.9997
-37,54,2.2402,-0.000549316,0.0199152,6.43704e-05,-1.8801e-06,0.0199152,6.43712e-05,-9.47113e-05,0.00373827,113,96,2.24019,0.000550926,-34.7598,53.9995
-32,54,2.34513,-0.0016861,0.0208991,0.000100778,-3.63866e-05,0.0208992,0.000100715,-0.00174949,0.00442031,118,96,2.34513,0.0016828,-29.6549,53.9983
-27,54,2.45522,-0.0031662,0.021444,0.000134366,-3.20118e-05,0.021444,0.000134317,-0.00150222,0.0048774,123,96,2.45522,0.00316759,-24.5448,53.9968
-22,54,2.56593,-0.003479,0.0213998,0.000158715,2.37007e-06,0.0213998,0.000158714,0.00011158,0.00494109,128,96,2.56593,0.00347645,-19.4341,53.9965
-17,54,2.67474,-0.0019989,0.0207809,0.000167348,4.25293e-05,0.0207809,0.000167259,0.00206316,0.00465542,133,96,2.67474,0.00199948,-14.3253,53.998
-12,54,2.78035,-0.00131226,0.0197706,0.000162216,6.22858e-05,0.0197708,0.000162018,0.00317644,0.00396525,138,96,2.78035,0.00130858,-9.21965,53.9987
-7,54,2.87584,-0.000549316,0.0187209,0.000155392,5.79892e-05,0.0187211,0.00015521,0.00312345,0.00316689,143,96,2.87585,0.000549051,-4.12416,53.9995
-2,54,2.96477,0.000144958,0.0180761,0.000159926,3.91845e-05,0.0180762,0.000159841,0.00218708,0.00274441,148,96,2.96478,-0.000147038,0.964767,54.0001
3,54,3.05275,-0.00106049,0.0181554,0.000186923,2.35457e-05,0.0181554,0.000186891,0.00131039,0.00300794,153,96,3.05276,0.00105931,6.05275,53.9989
8,54,3.14183,-0.00088501,0.0189124,0.000230691,2.30208e-05,0.0189124,0.000230662,0.00123226,0.00368386,158,96,3.14183,0.000886697,11.1418,53.9991
13,54,3.24139,-0.00175476,0.019997,0.000268924,5.16226e-05,0.0199971,0.000268788,0.00261669,0.00452784,163,96,3.24139,0.00175339,16.2414,53.9982
18,54,3.34674,-0.00141907,0.020972,0.000272039,8.69498e-05,0.0209724,0.000271674,0.00420038,0.00517333,168,96,3.34674,0.00142048,21.3467,53.9986
23,54,3.45616,-0.000564575,0.0214799,0.000225999,8.87866e-05,0.0214803,0.000225628,0.00417733,0.00544366,173,96,3.45616,0.000564496,26.4562,53.9994
28,54,3.56808,0.00138855,0.0213734,0.000143945,3.68506e-05,0.0213735,0.000143881,0.00173581,0.00540466,178,96,3.56809,-0.00138535,31.5681,54.0014
33,54,3.67688,0.000686646,0.0206953,6.08399e-05,-4.11831e-05,0.0206954,6.07576e-05,-0.00199583,0.00503109,183,96,3.67687,-0.000683457,36.6769,54.0007
38,54,3.78024,0.000205994,0.0196585,8.69433e-06,-9.51662e-05,0.0196589,8.23382e-06,-0.00484296,0.0043129,188,96,3.78024,-0.000206881,41.7802,54.0002
43,54,3.87514,-7.62939e-05,0.0186382,-9.41865e-06,-9.96581e-05,0.0186387,-9.95211e-06,-0.00534409,0.00322225,193,96,3.87513,7.49232e-05,46.8751,53.9999
48,54,3.96417,-0.00012207,0.0180359,-4.37504e-06,-5.68602e-05,0.0180361,-4.55417e-06,-0.0031518,0.00234577,198,96,3.96417,0.000119175,51.9642,53.9999
53,54,4.05174,-0.000694275,0.0180921,8.40078e-06,-7.13914e-06,0.0180921,8.39774e-06,-0.000394783,0.00242794,203,96,4.05175,0.000695415,57.0517,53.9993
58,54,4.14056,-1.52588e-05,0.0188074,2.62752e-05,2.22488e-05,0.0188075,2.62484e-05,0.00118463,0.00314751,208,96,4.14056,1.82701e-05,62.1406,54
63,54,4.23857,0.00062561,0.0199075,4.10733e-05,2.76346e-05,0.0199075,4.1035e-05,0.00139102,0.00397316,213,96,4.23857,-0.00062936,67.2386,54.0006
68,54,4.34219,-0.000556946,0.0209608,4.99388e-05,2.33584e-05,0.0209609,4.99133e-05,0.00111704,0.00464504,218,96,4.3422,0.000557052,72.3422,53.9994
73,54,4.45494,-0.00106812,0.0215602,4.18636e-05,1.7818e-05,0.0215602,4.1848e-05,0.000828037,0.00501568,223,96,4.45495,0.00106837,77.4549,53.9989
78,54,4.56635,0,0.0214805,2.2409e-05,1.69874e-05,0.0214805,2.23955e-05,0.000791655,0.00480413,228,96,4.56635,3.41458e-06,82.5663,54
83,54,4.67619,0.00170898,0.0207681,-5.38931e-06,2.23722e-05,0.0207681,-5.41285e-06,0.00107696,0.00426303,233,96,4.6762,-0.00171162,87.6762,54.0017
88,54,4.77942,0.002388,0.0196923,-2.24916e-05,3.3591e-05,0.0196924,-2.25483e-05,0.00170384,0.0035496,238,96,4.77942,-0.00238956,92.7794,54.0024
93,54,4.87488,0.00198364,0.0186586,-2.73515e-05,4.08976e-05,0.0186587,-2.74405e-05,0.00218867,0.00282458,243,96,4.87488,-0.00198491,97.8749,54.002
98,54,4.96486,0.00263977,0.0180528,-2.11226e-05,3.50202e-05,0.0180529,-2.11904e-05,0.0019376,0.00232006,248,96,4.96486,-0.00263772,102.965,54.0026
103,54,5.05096,0.0026474,0.0181431,-4.29429e-06,2.45631e-05,0.0181432,-4.32692e-06,0.00135353,0.00234767,253,96,5.05095,-0.00264593,108.051,54.0026
108,54,5.14233,0.00102997,0.0189116,2.44909e-05,2.0819e-05,0.0189116,2.44668e-05,0.00110228,0.00304287,258,96,5.14234,-0.00103122,113.142,54.001
113,54,5.23969,0.0016861,0.0200249,5.41754e-05,3.6936e-05,0.020025,5.41061e-05,0.0018495,0.00378319,263,96,5.23969,-0.00168809,118.24,54.0017
118,54,5.34659,0.0013504,0.0211918,8.26462e-05,5.98165e-05,0.0211919,8.24761e-05,0.00283365,0.0042749,268,96,5.34659,-0.00135351,123.347,54.0014
123,54,5.45706,0.000999451,0.0220536,7.91448e-05,7.07312e-05,0.0220538,7.89175e-05,0.00321875,0.00469641,273,96,5.45707,-0.000995853,128.457,54.001
128,54,5.5712,-0.000335693,0,0,0,0,0,0,-1,278,96,5.57119,0.000333588,133.571,53.9997
-132,49,0.350172,0.000778198,0.0216549,-8.41845e-05,-1.75373e-05,0.0216549,-8.41981e-05,-0.000806717,0.00421784,18,101,0.350172,-0.0007803,-131.65,49.0008
-127,49,0.459352,0.000663757,0.02156,-0.0001688,-1.89373e-05,0.02156,-0.000168817,-0.00087153,0.00440342,23,101,0.459352,-0.000665851,-126.541,49.0007
-122,49,0.569471,0.0013504,0.021204,-0.000198483,-5.48723e-05,0.0212042,-0.000198624,-0.0025638,0.00440639,28,101,0.569471,-0.001353,-121.431,49.0014
-117,49,0.675716,0.00159454,0.0205956,-0.000172307,-7.66313e-05,0.0205959,-0.000172591,-0.00368982,0.00406829,33,101,0.675715,-0.0015976,-116.324,49.0016
-112,49,0.778889,0.00062561,0.0197072,-9.44561e-05,-6.53801e-05,0.0197074,-9.46727e-05,-0.0033017,0.00353999,38,101,0.77889,-0.000627011,-111.221,49.0006
-107,49,0.877174,0.000526428,0.0187288,-1.08747e-05,-1.9886e-05,0.0187288,-1.08955e-05,-0.00106117,0.00288541,43,101,0.877173,-0.000526375,-106.123,49.0005
-102,49,0.967476,0.00162506,0.0179871,4.58205e-05,3.86306e-05,0.0179872,4.57382e-05,0.00215315,0.0023837,48,101,0.967476,-0.00162666,-101.033,49.0016
-97,49,1.05365,0.00235748,0.0178301,6.18627e-05,9.39168e-05,0.0178306,6.13658e-05,0.00528546,0.00248356,53,101,1.05365,-0.00235739,-95.9464,49.0024
-92,49,1.14005,0.00167084,0.018459,5.71523e-05,0.000129868,0.0184599,5.62351e-05,0.00705688,0.00377953,58,101,1.14005,-0.00166865,-90.86,49.0017
-87,49,1.23339,0.00166321,0.0197337,4.75251e-05,0.000115412,0.0197343,4.68493e-05,0.00586234,0.00538181,63,101,1.23339,-0.00166178,-85.7666,49.0017
-82,49,1.33726,0.000915527,0.0211757,4.0924e-05,3.75529e-05,0.0211757,4.08571e-05,0.00177683,0.00633677,68,101,1.33726,-0.000915682,-80.6627,49.0009
-77,49,1.45168,-0.00328064,0.0221493,2.85045e-05,-7.63402e-05,0.0221496,2.82414e-05,-0.003451,0.00659466,73,101,1.45168,0.00328412,-75.5483,48.9967
-72,49,1.56929,-0.00559998,0.0221516,5.23663e-06,-0.000169212,0.0221529,3.94322e-06,-0.00764003,0.00639817,78,101,1.56929,0.00559791,-70.4307,48.9944
-67,49,1.68526,-0.00502014,0.0211382,-2.99341e-05,-0.00020005,0.0211401,-3.18252e-05,-0.00944939,0.00587555,83,101,1.68526,0.00501836,-65.3147,48.995
-62,49,1.78992,-0.00372314,0.0196117,-5.40037e-05,-0.000163114,0.0196131,-5.53569e-05,-0.00829358,0.00473066,88,101,1.78993,0.00372567,-60.2101,48.9963
-57,49,1.88049,-0.00325012,0.0182689,-4.92578e-05,-8.83162e-05,0.0182694,-4.96833e-05,-0.00482108,0.00341186,93,101,1.88048,0.00325184,-55.1195,48.9967
-52,49,1.96511,-0.00267029,0.017641,-1.52371e-05,-5.84429e-06,0.017641,-1.52383e-05,-0.000331005,0.00244312,98,101,1.96511,0.00267051,-50.0349,48.9973
-47,49,2.05235,-0.00138092,0.017883,3.1097e-05,4.5436e-05,0.0178831,3.09814e-05,0.00254515,0.0024799,103,101,2.05235,0.00138119,-44.9477,48.9986
-42,49,2.14128,-0.00115967,0.0187759,7.25252e-05,4.5781e-05,0.018776,7.24141e-05,0.00244773,0.00302997,108,101,2.14128,0.00115783,-39.8587,48.9988
-37,49,2.2393,-0.00111389,0.019932,9.43966e-05,1.07004e-05,0.019932,9.43914e-05,0.000539397,0.00373777,113,101,2.2393,0.0011169,-34.7607,48.9989
-32,49,2.34441,-0.00240326,0.020941,0.00010217,-1.80863e-05,0.020941,0.000102154,-0.000867912,0.0043902,118,101,2.34441,0.00240375,-29.6556,48.9976
-27,49,2.45532,-0.003685,0.021487,0.000104941,-1.99662e-05,0.021487,0.000104923,-0.000933784,0.00485085,123,101,2.45532,0.00368396,-24.5447,48.9963
-22,49,2.56647,-0.00403595,0.021422,0.000119654,-6.09338e-07,0.021422,0.000119654,-2.86043e-05,0.00491229,128,101,2.56647,0.00403501,-19.4335,48.996
-17,49,2.6749,-0.00274658,0.0207735,0.0001436,2.54729e-05,0.0207735,0.000143569,0.00123475,0.00462442,133,101,2.67489,0.00274477,-14.3251,48.9973
-12,49,2.78029,-0.00229645,0.0197394,0.000168229,3.69606e-05,0.0197394,0.000168159,0.00188852,0.00395921,138,101,2.78029,0.00229383,-9.21971,48.9977
-7,49,2.87558,-0.00179291,0.0186841,0.000185607,3.60981e-05,0.0186842,0.000185536,0.0019514,0.00316348,143,101,2.87558,0.00179603,-4.12442,48.9982
-2,49,2.9644,-0.000930786,0.0180429,0.000201195,2.77898e-05,0.018043,0.000201151,0.00155757,0.00271005,148,101,2.9644,0.000931485,0.964401,48.9991
3,49,3.05194,-0.00205994,0.0181262,0.000223822,3.23866e-05,0.0181262,0.000223764,0.00180906,0.00301452,153,101,3.05195,0.00206025,6.05194,48.9979
8,49,3.14107,-0.00180817,0.0188935,0.000253124,5.99589e-05,0.0188937,0.000252931,0.00321656,0.00384326,158,101,3.14107,0.00180441,11.1411,48.9982
13,49,3.23982,-0.0029068,0.019996,0.000270981,0.000118798,0.0199967,0.000270266,0.0060224,0.00471394,163,101,3.23982,0.00290713,16.2398,48.9971
18,49,3.34576,-0.00271606,0.0209961,0.000256595,0.000175268,0.0209976,0.000255113,0.00845014,0.0053188,168,101,3.34577,0.00271599,21.3458,48.9973
23,49,3.4559,-0.00163269,0.0215346,0.000196703,0.000185394,0.0215362,0.000195092,0.00868761,0.00553893,173,101,3.4559,0.00163101,26.4559,48.9984
28,49,3.56801,0.00114441,0.0214482,0.000106229,0.000126104,0.0214489,0.000105483,0.00590849,0.00542455,178,101,3.568,-0.00114723,31.568,49.0011
33,49,3.67737,0.00127411,0.0207575,1.81838e-05,2.5777e-05,0.0207575,1.81515e-05,0.0012429,0.00505796,183,101,3.67736,-0.00127645,36.6774,49.0013
38,49,3.78183,0.000862122,0.0196865,-2.94712e-05,-5.97842e-05,0.0196867,-2.96524e-05,-0.00303224,0.00435261,188,101,3.78182,-0.000862732,41.7818,49.0009
43,49,3.87682,0.000717163,0.0186282,-3.5363e-05,-9.25151e-05,0.0186286,-3.58205e-05,-0.00495684,0.00339264,193,101,3.87682,-0.00071366,46.8768,49.0007
48,49,3.96417,-7.62939e-05,0.0179996,-1.58637e-05,-7.11562e-05,0.0179999,-1.61454e-05,-0.00394965,0.00249898,198,101,3.96417,7.65072e-05,51.9642,48.9999
53,49,4.0524,-0.000419617,0.01805,5.67004e-06,-3.04684e-05,0.01805,5.61867e-06,-0.00168853,0.00249751,203,101,4.0524,0.000419854,57.0524,48.9996
58,49,4.14095,0.000167847,0.0187713,1.67638e-05,-2.21261e-06,0.0187713,1.67638e-05,-0.000117977,0.00318066,208,101,4.14094,-0.000164726,62.1409,49.0002
63,49,4.23828,0.001091,0.0198875,1.10458e-05,6.91407e-06,0.0198875,1.10427e-05,0.000347852,0.00404238,213,101,4.23828,-0.00109194,67.2383,49.0011
68,49,4.34146,8.39233e-05,0.0209727,-8.41449e-07,8.08081e-06,0.0209727,-8.4471e-07,0.000385285,0.00459895,218,101,4.34147,-8.46714e-05,72.3415,49.0001
73,49,4.45392,-0.000289917,0.0215977,-8.25517e-06,8.36875e-06,0.0215977,-8.25897e-06,0.000387336,0.00494972,223,101,4.45392,0.000290084,77.4539,48.9997
78,49,4.56706,0.000175476,0.0215033,3.03833e-06,7.32618e-06,0.0215033,3.03611e-06,0.000340749,0.00485693,228,101,4.56706,-0.000179047,82.5671,49.0002
83,49,4.67714,0.00183868,0.0207484,2.61757e-05,7.16498e-06,0.0207484,2.6173e-05,0.000345762,0.0044595,233,101,4.67714,-0.00183952,87.6771,49.0018
88,49,4.7795,0.00166321,0.0196445,5.45808e-05,1.23422e-05,0.0196445,5.45727e-05,0.000630028,0.00391396,238,101,4.7795,-0.0016608,92.7795,49.0017
93,49,4.87349,0.00186157,0.0186183,7.60888e-05,2.23231e-05,0.0186183,7.6062e-05,0.0012039,0.00304817,243,101,4.87349,-0.00186259,97.8735,49.0019
98,49,4.96413,0.00198364,0.0180335,8.70724e-05,2.88485e-05,0.0180336,8.70265e-05,0.00160747,0.00249806,248,101,4.96413,-0.00198541,102.964,49.002
103,49,5.05103,0.00263977,0.018128,9.64486e-05,3.70423e-05,0.0181281,9.63714e-05,0.00205429,0.0025536,253,101,5.05101,-0.00263942,108.051,49.0026
108,49,5.14127,0.00140381,0.018881,0.000111637,5.6733e-05,0.0188812,0.000111466,0.0030226,0.00318249,258,101,5.14125,-0.00140668,113.141,49.0014
113,49,5.23834,0.00127411,0.0199771,0.000123443,9.46054e-05,0.0199775,0.000122992,0.004765,0.00383343,263,101,5.23835,-0.0012778,118.238,49.0013
118,49,5.34552,0.00128937,0.021138,0.000130453,0.000140346,0.021139,0.000129514,0.00668031,0.00435799,268,101,5.34552,-0.00128933,123.346,49.0013
123,49,5.45547,0.0010376,0.0219831,9.76238e-05,0.000164335,0.0219844,9.63891e-05,0.00750828,0.00471076,273,101,5.45548,-0.00103594,128.455,49.001
128,49,5.56943,-2.28882e-05,0,0,0,0,0,0,-1,278,101,5.56942,2.55133e-05,133.569,49
-132,44,0.350193,0.000778198,0.021637,-4.11775e-05,8.94707e-05,0.0216373,-4.15463e-05,0.00412714,0.00424866,18,106,0.350192,-0.000776188,-131.65,44.0008
-127,44,0.459478,0.00131989,0.0216131,-0.000117444,6.32113e-05,0.0216133,-0.000117629,0.00290883,0.00443945,23,106,0.459479,-0.0013231,-126.541,44.0013
-122,44,0.570251,0.00269318,0.0212635,-0.000154511,-2.49556e-05,0.0212635,-0.000154539,-0.00116517,0.00442658,28,106,0.570251,-0.00268964,-121.43,44.0027
-117,44,0.677425,0.00244904,0.0206182,-0.000145145,-9.5545e-05,0.0206186,-0.000145584,-0.0046015,0.00415242,33,106,0.677424,-0.00244976,-116.323,44.0024
-112,44,0.779881,0.000740051,0.0196667,-8.46351e-05,-0.000108771,0.0196673,-8.52337e-05,-0.00550679,0.00370179,38,106,0.779879,-0.000736408,-111.22,44.0007
-107,44,0.877094,0.000183105,0.01863,-4.21405e-06,-5.44101e-05,0.0186302,-4.37256e-06,-0.00291987,0.00303034,43,106,0.877096,-0.000186084,-106.123,44.0002
-102,44,0.967468,0.000602722,0.01785,6.85257e-05,2.53362e-05,0.01785,6.84895e-05,0.00142486,0.00245233,48,106,0.967467,-0.000604826,-101.033,44.0006
-97,44,1.0522,0.00219727,0.0176691,0.000110267,8.79786e-05,0.0176696,0.000109825,0.00501032,0.00248646,53,106,1.0522,-0.0021984,-95.9478,44.0022
-92,44,1.13829,0.00118256,0.0183182,0.000129162,0.000106411,0.0183188,0.000128539,0.00585,0.00410466,58,106,1.13829,-0.00118145,-90.8617,44.0012
-87,44,1.22993,0.00157166,0.019706,0.000121909,7.44287e-05,0.0197063,0.000121625,0.0038004,0.00591079,63,106,1.22992,-0.00157285,-85.7701,44.0016
-82,44,1.33223,0.000511169,0.0213275,7.87478e-05,6.83909e-07,0.0213275,7.8747e-05,3.21859e-05,0.00682513,68,106,1.33223,-0.00051487,-80.6678,44.0005
-77,44,1.44878,-0.00444031,0.0224386,-4.16501e-06,-7.84652e-05,0.0224389,-4.43868e-06,-0.00349617,0.00732738,73,106,1.44878,0.0044406,-75.5512,43.9956
-72,44,1.57116,-0.00653076,0.0224387,-9.84084e-05,-0.000122358,0.0224394,-9.90741e-05,-0.00542895,0.00735352,78,106,1.57116,0.00653171,-70.4288,43.9935
-67,44,1.68942,-0.00610352,0.0212801,-0.000173683,-0.000123058,0.0212808,-0.000174388,-0.00573569,0.00677217,83,106,1.68942,0.00610321,-65.3106,43.9939
-62,44,1.79385,-0.00373077,0.0195727,-0.000194132,-0.00010422,0.0195732,-0.000194682,-0.00527228,0.0053512,88,106,1.79385,0.00372731,-60.2061,43.9963
-57,44,1.88248,-0.00244904,0.0181208,-0.000158341,-8.18123e-05,0.0181211,-0.000158708,-0.00447561,0.00371055,93,106,1.88248,0.00244694,-55.1175,43.9976
-52,44,1.9653,-0.00245667,0.0174756,-8.68714e-05,-5.06862e-05,0.0174757,-8.70181e-05,-0.00288602,0.0025245,98,106,1.9653,0.00245706,-50.0347,43.9975
-47,44,2.05188,-0.0013504,0.0177582,-8.52713e-06,-1.85691e-05,0.0177582,-8.54675e-06,-0.00104516,0.00253925,103,106,2.05188,0.00134773,-44.9481,43.9986
-42,44,2.13926,-0.00149536,0.0187092,4.9798e-05,-1.94248e-06,0.0187092,4.97969e-05,-0.000104102,0.00308024,108,106,2.13926,0.00149433,-39.8607,43.9985
-37,44,2.23794,-0.00139618,0.0199206,6.46249e-05,-4.16367e-06,0.0199206,6.46235e-05,-0.000209693,0.00380333,113,106,2.23794,0.00139272,-34.7621,43.9986
-32,44,2.3433,-0.00288391,0.0209749,4.48394e-05,-9.11795e-06,0.0209749,4.48357e-05,-0.000435638,0.0044567,118,106,2.3433,0.00288447,-29.6567,43.9971
-27,44,2.45425,-0.00402069,0.0215448,2.0859e-05,-9.78423e-06,0.0215448,2.08551e-05,-0.000454574,0.00486558,123,106,2.45425,0.00402195,-24.5458,43.996
-22,44,2.56676,-0.00408936,0.0214727,2.31785e-05,-7.73718e-06,0.0214727,2.3176e-05,-0.000360716,0.00487064,128,106,2.56676,0.00409162,-19.4332,43.9959
-17,44,2.67482,-0.00344849,0.0207939,5.42727e-05,-2.01866e-06,0.0207939,5.42719e-05,-9.73333e-05,0.00453842,133,106,2.67482,0.0034502,-14.3252,43.9966
-12,44,2.78035,-0.00341034,0.0197177,9.97433e-05,-9.64316e-07,0.0197177,9.97428e-05,-4.91547e-05,0.00388062,138,106,2.78034,0.00341301,-9.21965,43.9966
-7,44,2.87537,-0.00278473,0.0186299,0.000142296,3.35816e-06,0.0186299,0.000142296,0.000181644,0.00308676,143,106,2.87536,0.00278594,-4.12463,43.9972
-2,44,2.96413,-0.00189209,0.0179676,0.000182043,1.19571e-05,0.0179676,0.000182035,0.000672292,0.00266371,148,106,2.96413,0.00189309,0.964127,43.9981
3,44,3.05084,-0.0031662,0.0180398,0.000221188,4.28029e-05,0.0180399,0.000221084,0.00240212,0.00300015,153,106,3.05084,0.0031626,6.05084,43.9968
8,44,3.14046,-0.00299835,0.0188237,0.000252927,0.000104447,0.0188243,0.000252339,0.00562401,0.00397,158,106,3.14045,0.00299579,11.1405,43.997
13,44,3.23779,-0.00426483,0.0199746,0.000256036,0.000195916,0.0199765,0.000254089,0.00993432,0.00489739,163,106,3.23779,0.00426158,16.2378,43.9957
18,44,3.34386,-0.00442505,0.0210355,0.00022167,0.000270145,0.021039,0.000218164,0.0129762,0.00547218,168,106,3.34386,0.00442436,21.3439,43.9956
23,44,3.45453,-0.00289917,0.0216215,0.000149497,0.000279135,0.0216251,0.000145869,0.012997,0.00566597,173,106,3.45453,0.00290121,26.4545,43.9971
28,44,3.56714,0.000679016,0.0215508,6.5451e-05,0.000203783,0.0215527,6.3519e-05,0.00948359,0.00545924,178,106,3.56713,-0.000680645,31.5671,44.0007
33,44,3.67673,0.00196075,0.0208402,-4.76848e-06,7.88093e-05,0.0208405,-5.06639e-06,0.00378066,0.00508185,183,106,3.67673,-0.00195852,36.6767,44.002
38,44,3.7816,0.00143433,0.0197346,-3.45271e-05,-3.53426e-05,0.0197347,-3.45912e-05,-0.00178775,0.00437501,188,106,3.7816,-0.00143688,41.7816,44.0014
43,44,3.87758,0.000953674,0.0186434,-3.12251e-05,-8.95636e-05,0.0186439,-3.16547e-05,-0.00479585,0.00349449,193,106,3.87758,-0.000955471,46.8776,44.001
48,44,3.96428,-0.000213623,0.0179897,-1.04074e-05,-8.21039e-05,0.0179901,-1.0781e-05,-0.00456117,0.00261452,198,106,3.96427,0.000214064,51.9643,43.9998
53,44,4.05286,-0.000686646,0.0180293,1.01933e-05,-4.43642e-05,0.0180294,1.00844e-05,-0.00246205,0.00252195,203,106,4.05286,0.000685545,57.0529,43.9993
58,44,4.14163,-0.000366211,0.0187518,1.50611e-05,-1.49739e-05,0.0187518,1.50492e-05,-0.000799169,0.00316371,208,106,4.14164,0.000365974,62.1416,43.9996
63,44,4.23827,0.000457764,0.0198758,-2.03548e-06,-7.72261e-06,0.0198759,-2.03867e-06,-0.000388502,0.00407975,213,106,4.23827,-0.000455245,67.2383,44.0005
68,44,4.34135,0.000198364,0.0209772,-2.72564e-05,-1.26818e-05,0.0209772,-2.72635e-05,-0.000603767,0.00463276,218,106,4.34136,-0.00020064,72.3414,44.0002
73,44,4.45386,0.000106812,0.0216166,-3.49192e-05,-1.53421e-05,0.0216166,-3.49302e-05,-0.000708595,0.00488644,223,106,4.45386,-0.000107875,77.4539,44.0001
78,44,4.56787,0.000175476,0.0215149,-8.27293e-06,-1.66732e-05,0.0215149,-8.28505e-06,-0.000774663,0.00498023,228,106,4.56787,-0.000178476,82.5679,44.0002
83,44,4.6783,0.00114441,0.0207336,4.44362e-05,-1.92896e-05,0.0207336,4.44176e-05,-0.000932352,0.00469845,233,106,4.6783,-0.00114512,87.6783,44.0011
88,44,4.77997,0.000434875,0.019606,0.000100025,-1.83844e-05,0.019606,0.000100009,-0.000942498,0.00419063,238,106,4.77996,-0.000438331,92.78,44.0004
93,44,4.87379,0.000617981,0.0185696,0.000140139,-6.58802e-06,0.0185696,0.000140137,-0.000357471,0.003143,243,106,4.87379,-0.000615731,97.8738,44.0006
98,44,4.9637,0.000297546,0.0179797,0.000157744,1.15028e-05,0.0179797,0.000157736,0.000645428,0.00249954,248,106,4.9637,-0.000293998,102.964,44.0003
103,44,5.05066,0.000976563,0.0180627,0.000163918,3.51191e-05,0.0180628,0.000163849,0.00196209,0.00262753,253,106,5.05065,-0.000977373,108.051,44.001
108,44,5.14041,4.57764e-05,0.0188075,0.000164523,7.25602e-05,0.0188078,0.000164241,0.003892,0.00331842,258,106,5.1404,-4.82149e-05,113.14,44
113,44,5.23508,-0.000587463,0.0199141,0.000153757,0.000124786,0.0199149,0.00015297,0.00631465,0.00397998,263,106,5.23508,0.000588496,118.235,43.9994
118,44,5.34259,-0.00038147,0.0211111,0.000132234,0.0001888,0.0211128,0.000130536,0.00899855,0.00449834,268,106,5.3426,0.00038165,123.343,43.9996
123,44,5.45322,0.000404358,0.0219984,7.01395e-05,0.000227863,0.0220007,6.77723e-05,0.0103898,0.00479273,273,106,5.45322,-0.000402173,128.453,44.0004
128,44,5.56805,0.000770569,0,0,0,0,0,0,-1,278,106,5.56804,-0.00077235,133.568,44.0008
-132,39,0.349142,0.000457764,0.0216164,-1.77144e-05,0.000156755,0.0216175,-1.8849e-05,0.00724521,0.00436145,18,111,0.349143,-0.000459343,-131.651,39.0005
-127,39,0.458244,0.00161743,0.0216769,-5.00671e-05,0.000131614,0.0216777,-5.08651e-05,0.00605732,0.00459182,23,111,0.458244,-0.0016201,-126.542,39.0016
-122,39,0.570459,0.00347137,0.0213524,-7.75472e-05,2.40571e-05,0.0213525,-7.75745e-05,0.00112259,0.00450704,28,111,0.570459,-0.00347422,-121.43,39.0035
-117,39,0.679188,0.00327301,0.0206666,-8.66764e-05,-7.58354e-05,0.0206669,-8.69529e-05,-0.00365407,0.00430912,33,111,0.679187,-0.00327243,-116.321,39.0033
-112,39,0.782219,0.00087738,0.0196346,-6.43876e-05,-0.000115675,0.0196353,-6.50669e-05,-0.00587189,0.00384927,38,111,0.782218,-0.000876629,-111.218,39.0009
-107,39,0.878101,3.8147e-05,0.0185317,-1.31134e-05,-7.60163e-05,0.018532,-1.3425e-05,-0.00409896,0.00314293,43,111,0.878101,-3.75885e-05,-106.122,39
-102,39,0.967285,-9.91821e-05,0.0177322,5.41432e-05,-4.44066e-06,0.0177322,5.41424e-05,-0.000251195,0.0024905,48,111,0.967285,9.5898e-05,-101.033,38.9999
-97,39,1.05132,0.000968933,0.0175679,0.00010761,4.06496e-05,0.017568,0.000107517,0.0023281,0.00252353,53,111,1.05132,-0.000967956,-95.9487,39.001
-92,39,1.13682,-0.000656128,0.0182576,0.000137684,2.41774e-05,0.0182577,0.000137651,0.00133429,0.00434546,58,111,1.13682,0.000656075,-90.8632,38.9993
-87,39,1.22749,1.52588e-05,0.0197223,0.000124287,-2.60995e-05,0.0197223,0.000124251,-0.00133174,0.00620995,63,111,1.22749,-1.68945e-05,-85.7725,39
-82,39,1.32954,-0.00131989,0.0214403,5.1181e-05,-7.16714e-05,0.0214405,5.09415e-05,-0.00335079,0.00712196,68,111,1.32954,0.00132243,-80.6705,38.9987
-77,39,1.44888,-0.00517273,0.0226077,-7.35439e-05,-7.74944e-05,0.0226079,-7.38101e-05,-0.00341662,0.00802585,73,111,1.44888,0.00517598,-75.5511,38.9948
-72,39,1.57465,-0.00504303,0.0225885,-0.000199362,-3.93759e-05,0.0225886,-0.000199432,-0.00172792,0.00811856,78,111,1.57465,0.00504148,-70.4253,38.995
-67,39,1.69207,-0.00404358,0.0213555,-0.000280543,-4.58761e-07,0.0213555,-0.000280542,-2.12035e-05,0.00741616,83,111,1.69207,0.00404679,-65.3079,38.996
-62,39,1.79502,-0.00196075,0.0195733,-0.000286109,-1.17036e-05,0.0195733,-0.000286115,-0.000589321,0.005803,88,111,1.79502,0.00196395,-60.205,38.998
-57,39,1.88383,-0.0010376,0.0180759,-0.000233723,-6.08641e-05,0.0180761,-0.000233925,-0.00332412,0.00389867,93,111,1.88383,0.00103634,-55.1162,38.999
-52,39,1.9665,-0.00229645,0.0174054,-0.000155795,-0.000101041,0.017406,-0.000156377,-0.00575336,0.00255004,98,111,1.9665,0.00229808,-50.0335,38.9977
-47,39,2.05217,-0.00189209,0.0176749,-7.89378e-05,-0.00010589,0.0176755,-7.95685e-05,-0.00596408,0.00250369,103,111,2.05217,0.00189107,-44.9478,38.9981
-42,39,2.13856,-0.00260162,0.0186317,-2.82929e-05,-8.25694e-05,0.018632,-2.86587e-05,-0.00442484,0.00304635,108,111,2.13855,0.00260071,-39.8614,38.9974
-37,39,2.23709,-0.00274658,0.0198723,-2.39767e-05,-5.18219e-05,0.0198724,-2.4111e-05,-0.00260458,0.00384576,113,111,2.23709,0.00274576,-34.7629,38.9973
-32,39,2.34264,-0.0042038,0.0209745,-6.01363e-05,-2.48558e-05,0.0209745,-6.01653e-05,-0.00118166,0.00450257,118,111,2.34265,0.00420388,-29.6574,38.9958
-27,39,2.45337,-0.00429535,0.02159,-9.80972e-05,-1.38832e-05,0.02159,-9.81065e-05,-0.000640129,0.00485829,123,111,2.45337,0.00429226,-24.5466,38.9957
-22,39,2.56726,-0.00449371,0.021534,-0.000107138,-2.18082e-05,0.021534,-0.000107159,-0.00100772,0.00482334,128,111,2.56727,0.00449056,-19.4327,38.9955
-17,39,2.6754,-0.00443268,0.0208328,-7.88354e-05,-3.5069e-05,0.0208329,-7.88933e-05,-0.001677,0.00447343,133,111,2.6754,0.00443048,-14.3246,38.9956
-12,39,2.78152,-0.00460815,0.0197021,-2.72022e-05,-4.56458e-05,0.0197022,-2.73073e-05,-0.00231359,0.00386116,138,111,2.78153,0.00460772,-9.21848,38.9954
-7,39,2.87596,-0.00373077,0.0185561,2.96384e-05,-4.07828e-05,0.0185562,2.95481e-05,-0.00220131,0.00306133,143,111,2.87597,0.00373023,-4.12404,38.9963
-2,39,2.96452,-0.00337219,0.0178487,8.49465e-05,-1.65725e-05,0.0178487,8.49301e-05,-0.000932939,0.00265549,148,111,2.96453,0.00337342,0.964523,38.9966
3,39,3.04968,-0.00517273,0.0178986,0.000134439,4.25817e-05,0.0178987,0.000134337,0.00239704,0.00293373,153,111,3.04969,0.00517058,6.04968,38.9948
8,39,3.13889,-0.00579834,0.0187074,0.000165342,0.000143358,0.0187085,0.000164233,0.0077309,0.00399074,158,111,3.13888,0.00580062,11.1389,38.9942
13,39,3.23552,-0.00606537,0.0199382,0.00015801,0.000268495,0.0199418,0.000154367,0.0135706,0.00492513,163,111,3.23552,0.00606786,16.2355,38.9939
18,39,3.34081,-0.00634766,0.0210988,0.000117873,0.000354689,0.0211048,0.000111878,0.0168988,0.0055155,168,111,3.34081,0.00634807,21.3408,38.9937
23,39,3.45265,-0.00402832,0.0217526,6.04084e-05,0.000347033,0.0217582,5.48586e-05,0.0159926,0.00569985,173,111,3.45265,0.00402607,26.4527,38.996
28,39,3.56639,0.000411987,0.0216892,1.70316e-05,0.000240725,0.0216919,1.43582e-05,0.0111057,0.00540665,178,111,3.56639,-0.000409864,31.5664,39.0004
33,39,3.67639,0.00215912,0.0209395,-6.01598e-06,8.88227e-05,0.0209399,-6.3926e-06,0.00424056,0.00496268,183,111,3.67639,-0.00215919,36.6764,39.0022
38,39,3.78157,0.00196075,0.0197863,-6.97442e-06,-4.10074e-05,0.0197864,-7.05849e-06,-0.00207178,0.00423631,188,111,3.78157,-0.00196006,41.7816,39.002
43,39,3.87802,0.00127411,0.0186593,-1.67059e-06,-9.80283e-05,0.0186599,-2.18581e-06,-0.00525292,0.00344284,193,111,3.87802,-0.00127555,46.878,39.0013
48,39,3.96515,-3.05176e-05,0.0179838,5.61537e-06,-8.83729e-05,0.0179843,5.18188e-06,-0.0049154,0.00262252,198,111,3.96515,3.10237e-05,51.9651,39
53,39,4.05325,-0.000564575,0.0180186,1.45811e-05,-4.5294e-05,0.0180187,1.44662e-05,-0.00251576,0.00252569,203,111,4.05326,0.000563193,57.0533,38.9994
58,39,4.14212,-0.000343323,0.0187512,1.37023e-05,-1.12263e-05,0.0187512,1.36951e-05,-0.000599135,0.0031797,208,111,4.14212,0.000343332,62.1421,38.9997
63,39,4.2381,0.000312805,0.0198833,-5.02553e-06,-5.57895e-06,0.0198833,-5.02728e-06,-0.000280513,0.00408461,213,111,4.2381,-0.000314816,67.2381,39.0003
68,39,4.34171,0.00075531,0.0209816,-3.17659e-05,-2.04528e-05,0.0209816,-3.17851e-05,-0.000973324,0.00466245,218,111,4.34171,-0.000754786,72.3417,39.0008
73,39,4.45413,0.000610352,0.0216114,-3.80346e-05,-3.14616e-05,0.0216115,-3.80808e-05,-0.00145322,0.00507249,223,111,4.45413,-0.000608705,77.4541,39.0006
78,39,4.56776,0.000526428,0.0215036,-1.18482e-05,-3.51083e-05,0.0215037,-1.19051e-05,-0.00163176,0.00529187,228,111,4.56776,-0.000528858,82.5678,39.0005
83,39,4.67839,0.000717163,0.0207196,4.04081e-05,-3.87899e-05,0.0207197,4.03356e-05,-0.00187578,0.00501391,233,111,4.67839,-0.000719968,87.6784,39.0007
88,39,4.78021,-0.000160217,0.0195855,9.16282e-05,-4.06521e-05,0.0195856,9.15444e-05,-0.00208536,0.00428611,238,111,4.78021,0.000157682,92.7802,38.9998
93,39,4.87425,-0.000587463,0.0185342,0.000127661,-3.04775e-05,0.0185343,0.000127612,-0.00165579,0.00321342,243,111,4.87425,0.000589885,97.8743,38.9994
98,39,4.96338,-0.00112152,0.0179249,0.000143977,-1.03623e-05,0.0179249,0.00014397,-0.000582776,0.00256506,248,111,4.96338,0.00112519,102.963,38.9989
103,39,5.05017,-0.00025177,0.0179891,0.000149669,1.45209e-05,0.0179891,0.000149657,0.000813979,0.00266166,253,111,5.05016,0.000251782,108.05,38.9997
108,39,5.13959,-0.000839233,0.0187303,0.000145736,5.39616e-05,0.0187304,0.000145579,0.00290354,0.00345144,258,111,5.13958,0.000841918,113.14,38.9992
113,39,5.2334,-0.00163269,0.0198583,0.000128523,0.000109129,0.0198589,0.000127919,0.00553096,0.00413784,263,111,5.23341,0.00163162,118.233,38.9984
118,39,5.34052,-0.00131226,0.0211051,0.000100604,0.000185505,0.0211067,9.89651e-05,0.00883079,0.0046621,268,111,5.34051,0.00131155,123.341,38.9987
123,39,5.45111,-0.000106812,0.0220713,4.32506e-05,0.000245462,0.0220741,4.05153e-05,0.0111413,0.00491657,273,111,5.4511,0.000107719,128.451,38.9999
128,39,5.56552,0.000747681,0,0,0,0,0,0,-1,278,111,5.56553,-0.000744367,133.566,39.0007
-132,34,0.34844,0.000785828,0.0215817,-2.21869e-05,0.000171645,0.0215831,-2.35513e-05,0.00794443,0.00440608,18,116,0.348441,-0.000784464,-131.652,34.0008
-127,34,0.457457,0.00185394,0.021717,6.57764e-07,0.000168914,0.0217183,-6.55651e-07,0.00777758,0.0046813,23,116,0.457457,-0.00185069,-126.543,34.0019
-122,34,0.569654,0.00361633,0.021434,-2.4723e-06,8.10244e-05,0.0214343,-2.77814e-06,0.00377968,0.00462918,28,116,0.569654,-0.00361622,-121.43,34.0036
-117,34,0.679886,0.00431061,0.0207232,-1.88884e-05,-1.80535e-05,0.0207232,-1.89049e-05,-0.000870382,0.00448721,33,116,0.679885,-0.0043141,-116.32,34.0043
-112,34,0.783512,0.00231171,0.0196247,-3.23197e-05,-7.74346e-05,0.019625,-3.26233e-05,-0.0039392,0.00397749,38,116,0.78351,-0.00231309,-111.216,34.0023
-107,34,0.877132,0.000617981,0.0184715,-2.03026e-05,-7.23657e-05,0.0184718,-2.0586e-05,-0.00391331,0.00325001,43,116,0.877132,-0.000618581,-106.123,34.0006
-102,34,0.965858,-8.39233e-05,0.0176781,1.96748e-05,-3.71121e-05,0.0176782,1.95969e-05,-0.00210165,0.00249406,48,116,0.965858,8.52503e-05,-101.034,33.9999
-97,34,1.05044,0.000244141,0.0175649,5.88305e-05,-2.81036e-05,0.017565,5.87841e-05,-0.00160535,0.00254069,53,116,1.05044,-0.000241512,-95.9496,34.0002
-92,34,1.13625,-0.00165558,0.0183003,7.38791e-05,-7.95123e-05,0.0183006,7.35335e-05,-0.00436237,0.00430012,58,116,1.13625,0.00165939,-90.8638,33.9983
-87,34,1.22688,-0.001091,0.0197773,4.05148e-05,-0.000137678,0.0197783,3.95542e-05,-0.00697524,0.00597537,63,116,1.22688,0.00109406,-85.7731,33.9989
-82,34,1.33066,-0.00296783,0.0214776,-4.43492e-05,-0.000142178,0.0214785,-4.52884e-05,-0.00660579,0.00729047,68,116,1.33066,0.00296569,-80.6693,33.997
-77,34,1.45009,-0.0045166,0.0226068,-0.000157917,-7.09052e-05,0.022607,-0.000158138,-0.00311466,0.00835468,73,116,1.45009,0.00451867,-75.5499,33.9955
-72,34,1.57438,-0.00200653,0.0225657,-0.000252363,4.07616e-05,0.0225658,-0.000252435,0.00178637,0.00836593,78,116,1.57438,0.00200277,-70.4256,33.998
-67,34,1.69081,0.000114441,0.0213546,-0.00029535,0.000108022,0.0213552,-0.00029589,0.00498931,0.00747933,83,116,1.69081,-0.000110914,-65.3092,34.0001
-62,34,1.79436,0.00106812,0.0196187,-0.000279665,6.99025e-05,0.0196189,-0.000279911,0.00351293,0.00581192,88,116,1.79436,-0.00106549,-60.2056,34.0011
-57,34,1.88501,0.00144196,0.0181454,-0.000233547,-3.28427e-05,0.0181454,-0.000233605,-0.00178697,0.00382535,93,116,1.88501,-0.00144536,-55.115,34.0014
-52,34,1.9683,-0.000671387,0.0174493,-0.000181304,-0.000127108,0.0174502,-0.000182221,-0.00720904,0.0024932,98,116,1.9683,0.000671063,-50.0317,33.9993
-47,34,2.05415,-0.00152588,0.0176599,-0.000134964,-0.000166058,0.0176614,-0.000136513,-0.00933074,0.00242455,103,116,2.05415,0.00152294,-44.9459,33.9985
-42,34,2.13954,-0.00272369,0.01857,-0.000111571,-0.00014803,0.0185711,-0.000112743,-0.00792319,0.00297719,108,116,2.13954,0.00272477,-39.8605,33.9973
-37,34,2.2374,-0.00257111,0.0198001,-0.000119634,-0.000100442,0.0198006,-0.000120141,-0.00504214,0.00382658,113,116,2.2374,0.00257031,-34.7626,33.9974
-32,34,2.34242,-0.00319672,0.0209304,-0.000159124,-5.11735e-05,0.0209306,-0.000159248,-0.00242647,0.00455259,118,116,2.34243,0.0031943,-29.6576,33.9968
-27,34,2.45258,-0.0027771,0.0215974,-0.000198103,-2.51445e-05,0.0215975,-0.000198132,-0.00115365,0.0049375,123,116,2.45257,0.00277809,-24.5474,33.9972
-22,34,2.56673,-0.00247192,0.0215806,-0.000217185,-3.17737e-05,0.0215806,-0.000217231,-0.00145765,0.00492357,128,116,2.56672,0.00247169,-19.4333,33.9975
-17,34,2.67734,-0.00354767,0.020875,-0.000204232,-5.3563e-05,0.0208752,-0.000204368,-0.00254101,0.0045592,133,116,2.67734,0.00354993,-14.3227,33.9965
-12,34,2.78227,-0.00382996,0.0196915,-0.000166516,-7.2293e-05,0.0196918,-0.00016678,-0.00364043,0.00393771,138,116,2.78227,0.00383267,-9.21773,33.9962
-7,34,2.87614,-0.00331879,0.0184713,-0.000116812,-7.21092e-05,0.0184716,-0.000117091,-0.00387924,0.00310017,143,116,2.87614,0.00332125,-4.12386,33.9967
-2,34,2.9642,-0.00357819,0.0176959,-6.89988e-05,-4.06702e-05,0.017696,-6.90911e-05,-0.00228934,0.00266518,148,116,2.9642,0.00357788,0.964203,33.9964
3,34,3.04839,-0.005867,0.0177123,-3.11344e-05,3.78342e-05,0.0177124,-3.12151e-05,0.00213228,0.00287875,153,116,3.04839,0.00586535,6.04839,33.9941
8,34,3.13673,-0.00710297,0.0185576,-1.32932e-05,0.000167877,0.0185591,-1.48108e-05,0.00903881,0.0039662,158,116,3.13674,0.0071011,11.1367,33.9929
13,34,3.23059,-0.00753021,0.0199008,-2.35165e-05,0.000313923,0.0199057,-2.84603e-05,0.0157505,0.00492645,163,116,3.23059,0.00753259,16.2306,33.9925
18,34,3.33839,-0.00717163,0.0211993,-4.45754e-05,0.000398708,0.0212068,-5.20553e-05,0.0187593,0.00553125,168,116,3.3384,0.0071729,21.3384,33.9928
23,34,3.45099,-0.00382996,0.0219399,-5.50653e-05,0.000361309,0.0219459,-6.09988e-05,0.016421,0.00569945,173,116,3.451,0.00382761,26.451,33.9962
28,34,3.56636,0.000587463,0.0218689,-3.36828e-05,0.00021886,0.0218711,-3.5869e-05,0.00999111,0.00534307,178,116,3.56636,-0.000586218,31.5664,34.0006
33,34,3.67674,0.00217438,0.021049,2.83319e-07,4.82556e-05,0.0210491,1.72295e-07,0.00229256,0.00476992,183,116,3.67674,-0.00217354,36.6767,34.0022
38,34,3.78172,0.0016098,0.0198238,2.56069e-05,-7.63901e-05,0.0198241,2.53133e-05,-0.00385836,0.00400117,188,116,3.78173,-0.00160951,41.7817,34.0016
43,34,3.87814,0.00106812,0.0186529,2.54468e-05,-0.000115383,0.0186536,2.47331e-05,-0.00619394,0.00329923,193,116,3.87814,-0.00106905,46.8781,34.0011
48,34,3.96576,-0.000312805,0.0179608,1.34203e-05,-9.04352e-05,0.0179613,1.29649e-05,-0.00503873,0.00261666,198,116,3.96575,0.000313854,51.9658,33.9997
53,34,4.05307,-0.000785828,0.0180037,7.66918e-06,-3.81449e-05,0.0180038,7.58749e-06,-0.00211962,0.00255349,203,116,4.05307,0.000784004,57.0531,33.9992
58,34,4.14261,-0.000488281,0.0187594,3.63173e-06,2.79006e-06,0.0187594,3.63123e-06,0.000148757,0.00317752,208,116,4.14262,0.000488522,62.1426,33.9995
63,34,4.23869,0.000167847,0.019904,-8.8615e-06,1.20295e-05,0.019904,-8.86805e-06,0.000604106,0.00402964,213,116,4.23869,-0.000165779,67.2387,34.0002
68,34,4.34505,0.00125122,0.0209872,-2.59602e-05,-8.3792e-06,0.0209872,-2.59634e-05,-0.000398759,0.0046015,218,116,4.34505,-0.0012475,72.345,34.0013
73,34,4.4559,0.00126648,0.0215887,-2.79835e-05,-2.87933e-05,0.0215888,-2.80226e-05,-0.00133199,0.00503033,223,116,4.4559,-0.00126831,77.4559,34.0013
78,34,4.56792,0.00128174,0.0214724,-9.94014e-06,-3.84924e-05,0.0214724,-1.00099e-05,-0.00179181,0.00523775,228,116,4.56792,-0.00128328,82.5679,34.0013
83,34,4.67796,0.000823975,0.020704,2.23175e-05,-4.31884e-05,0.020704,2.22279e-05,-0.00208824,0.00496136,233,116,4.67796,-0.000824486,87.678,34.0008
88,34,4.78026,-0.0001297,0.019584,4.73158e-05,-4.55285e-05,0.0195841,4.72087e-05,-0.0023304,0.00426162,238,116,4.78026,0.000129443,92.7803,33.9999
93,34,4.87515,-0.000869751,0.018525,6.00185e-05,-4.05514e-05,0.0185251,5.99297e-05,-0.00219611,0.00331869,243,116,4.87516,0.000866416,97.8752,33.9991
98,34,4.96339,-0.00162506,0.0178969,6.37474e-05,-3.05507e-05,0.0178969,6.3695e-05,-0.00171314,0.00271693,248,116,4.9634,0.00162481,102.963,33.9984
103,34,5.04962,-0.000953674,0.0179433,6.5763e-05,-2.05858e-05,0.0179433,6.57393e-05,-0.00115149,0.0027145,253,116,5.04961,0.000954313,108.05,33.999
108,34,5.13791,-0.00167084,0.0186796,6.57842e-05,5.74018e-06,0.0186796,6.5783e-05,0.000308383,0.00360127,258,116,5.13791,0.00166878,113.138,33.9983
113,34,5.23312,-0.00247955,0.0198229,6.12783e-05,5.34367e-05,0.019823,6.11348e-05,0.00270405,0.00432076,263,116,5.23313,0.00247956,118.233,33.9975
118,34,5.33878,-0.00150299,0.0211077,5.605e-05,0.000132686,0.0211086,5.52144e-05,0.00630252,0.00486063,268,116,5.33877,0.00150019,123.339,33.9985
123,34,5.45038,0.000236511,0.0221616,4.33791e-05,0.000209883,0.0221636,4.1388e-05,0.00948803,0.00511323,273,116,5.45039,-0.000239353,128.45,34.0002
128,34,5.5665,0.00167084,0,0,0,0,0,0,-1,278,116,5.5665,-0.00166705,133.566,34.0017
-132,29,0.347635,0.000961304,0.0215487,-4.53555e-05,0.000156127,0.0215498,-4.64842e-05,0.00722962,0.00451114,18,121,0.347635,-0.000962043,-131.652,29.001
-127,29,0.456352,0.00139618,0.021728,1.86516e-05,0.000174458,0.0217294,1.7249e-05,0.00803537,0.00482436,23,121,0.456353,-0.00139351,-126.544,29.0014
-122,29,0.568506,0.00266266,0.0214888,4.6649e-05,0.000125545,0.0214895,4.59151e-05,0.00585481,0.00469906,28,121,0.568507,-0.00266589,-121.431,29.0027
-117,29,0.679157,0.00363159,0.0207773,4.01556e-05,4.96959e-05,0.0207774,4.00357e-05,0.00239645,0.00449479,33,121,0.679157,-0.00362907,-116.321,29.0036
-112,29,0.785175,0.00218964,0.0196477,1.13042e-05,-1.58723e-05,0.0196478,1.12914e-05,-0.000808306,0.00393184,38,121,0.785176,-0.00218649,-111.215,29.0022
-107,29,0.877514,0.000907898,0.0184753,-8.66686e-06,-4.82124e-05,0.0184754,-8.79262e-06,-0.00260832,0.00322172,43,121,0.877516,-0.000910101,-106.122,29.0009
-102,29,0.965244,8.39233e-05,0.0177089,-6.44747e-06,-5.97856e-05,0.0177091,-6.64871e-06,-0.00337475,0.00247709,48,121,0.965245,-8.17797e-05,-101.035,29.0001
-97,29,1.05021,-9.15527e-05,0.0176573,5.8781e-07,-8.88738e-05,0.0176578,1.41561e-07,-0.00503325,0.00250301,53,121,1.05021,9.23254e-05,-95.9498,28.9999
-92,29,1.13714,-0.00218201,0.0184197,-1.44889e-05,-0.000159085,0.0184211,-1.58623e-05,-0.008629,0.00408767,58,121,1.13714,0.00218254,-90.8629,28.9978
-87,29,1.22884,-0.00109863,0.0198412,-6.79377e-05,-0.00021112,0.0198434,-7.01761e-05,-0.0106026,0.00586466,63,121,1.22884,0.00109829,-85.7712,28.9989
-82,29,1.33469,-0.00238037,0.0214315,-0.0001399,-0.00018236,0.0214331,-0.000141441,-0.00845297,0.00751692,68,121,1.33468,0.00238102,-80.6653,28.9976
-77,29,1.45123,-0.00301361,0.022465,-0.000197468,-6.77492e-05,0.0224652,-0.00019767,-0.00298945,0.00837531,73,121,1.45123,0.00300985,-75.5488,28.997
-72,29,1.57328,3.05176e-05,0.0224164,-0.000217183,7.57258e-05,0.0224166,-0.000217436,0.00334568,0.00817645,78,121,1.57328,-2.78503e-05,-70.4267,29
-67,29,1.68779,0.001297,0.0212989,-0.000200538,0.000152922,0.0213,-0.000201626,0.00711237,0.00715191,83,121,1.68779,-0.00129379,-65.3122,29.0013
-62,29,1.79174,0.0015564,0.0196837,-0.000170187,0.00010965,0.0196843,-0.000170792,0.00552261,0.00554298,88,121,1.79174,-0.0015572,-60.2083,29.0016
-57,29,1.88516,0.00201416,0.0182771,-0.000150773,-1.31592e-06,0.0182771,-0.000150774,-7.14092e-05,0.00363719,93,121,1.88516,-0.00201491,-55.1148,29.002
-52,29,1.96987,0.000785828,0.0175664,-0.000142585,-0.000108758,0.017567,-0.000143253,-0.00614108,0.00242031,98,121,1.96987,-0.000783752,-50.0301,29.0008
-47,29,2.05648,0.0001297,0.0177065,-0.000138042,-0.000163084,0.0177079,-0.000139533,-0.00913815,0.00235399,103,121,2.05648,-0.000133165,-44.9435,29.0001
-42,29,2.14346,-0.000869751,0.018545,-0.000145876,-0.000157938,0.0185463,-0.000147211,-0.0084492,0.00293694,108,121,2.14346,0.00086937,-39.8565,28.9991
-37,29,2.23931,-0.000968933,0.0197342,-0.000163577,-0.000116141,0.0197348,-0.000164254,-0.00583665,0.00385218,113,121,2.23931,0.000967444,-34.7607,28.999
-32,29,2.34301,-0.000946045,0.0208618,-0.000195499,-6.79953e-05,0.020862,-0.000195719,-0.00322902,0.00465831,118,121,2.34301,0.000945768,-29.657,28.9991
-27,29,2.45297,-0.000823975,0.0215639,-0.000227105,-3.58836e-05,0.0215639,-0.000227164,-0.00164671,0.00505148,123,121,2.45297,0.000825058,-24.547,28.9992
-22,29,2.56636,0.000228882,0.0215914,-0.000255529,-3.39045e-05,0.0215915,-0.000255582,-0.00155191,0.00503162,128,121,2.56636,-0.000229134,-19.4336,29.0002
-17,29,2.67801,-0.00118256,0.0208975,-0.000268426,-4.86502e-05,0.0208976,-0.000268538,-0.0022985,0.00457855,133,121,2.67801,0.00117979,-14.322,28.9988
-12,29,2.78325,-0.00170898,0.0196804,-0.000262135,-6.57244e-05,0.0196806,-0.000262353,-0.00329565,0.00385539,138,121,2.78325,0.00170919,-9.21675,28.9983
-7,29,2.87811,-0.00193787,0.0183942,-0.000239489,-7.26259e-05,0.0183945,-0.000239773,-0.00389748,0.00302637,143,121,2.87811,0.00193938,-4.12189,28.9981
-2,29,2.96436,-0.00285339,0.0175449,-0.000217253,-4.92542e-05,0.0175451,-0.000217389,-0.00277295,0.00259104,148,121,2.96435,0.00285026,0.964355,28.9971
3,29,3.04724,-0.00478363,0.0175197,-0.000205032,2.40478e-05,0.0175197,-0.000205065,0.00135673,0.00291958,153,121,3.04725,0.00478044,6.04724,28.9952
8,29,3.13416,-0.00627899,0.0184026,-0.000204743,0.000154823,0.0184039,-0.000206032,0.00831975,0.00404924,158,121,3.13415,0.00627842,11.1342,28.9937
13,29,3.22639,-0.00672913,0.0198706,-0.000208433,0.000298161,0.019875,-0.000212858,0.014845,0.00503849,163,121,3.2264,0.00672728,16.2264,28.9933
18,29,3.33328,-0.0061264,0.0213261,-0.000194143,0.000371153,0.0213325,-0.000200543,0.0172399,0.00560704,168,121,3.33329,0.00612883,21.3333,28.9939
23,29,3.44858,-0.00252533,0.022166,-0.000148186,0.000310694,0.0221703,-0.000152512,0.01392,0.00570972,173,121,3.44858,0.00252373,26.4486,28.9975
28,29,3.56631,0.00113678,0.0220785,-7.19025e-05,0.000151648,0.0220795,-7.29393e-05,0.00684585,0.0052766,178,121,3.56631,-0.00113718,31.5663,29.0011
33,29,3.67827,0.00176239,0.0211626,-1.7516e-06,-1.4622e-05,0.0211626,-1.76113e-06,-0.000690876,0.00458723,183,121,3.67826,-0.00176339,36.6783,29.0018
38,29,3.78339,0.000648499,0.0198397,3.27996e-05,-0.000113753,0.0198404,3.21465e-05,-0.00574282,0.00392846,188,121,3.78339,-0.000652213,41.7834,29.0006
43,29,3.87872,0.00088501,0.0186131,2.31814e-05,-0.000124171,0.0186139,2.23508e-05,-0.00667912,0.00333811,193,121,3.87872,-0.000885962,46.8787,29.0009
48,29,3.96617,-0.000389099,0.0179084,-2.80832e-06,-8.32436e-05,0.0179088,-3.19537e-06,-0.00464744,0.00270576,198,121,3.96618,0.000389138,51.9662,28.9996
53,29,4.0528,-0.000732422,0.0179707,-1.77232e-05,-2.70952e-05,0.0179708,-1.7764e-05,-0.00150625,0.00260978,203,121,4.0528,0.000730444,57.0528,28.9993
58,29,4.14185,-0.000442505,0.0187575,-2.00028e-05,1.72488e-05,0.0187575,-2.00188e-05,0.000918588,0.00322267,208,121,4.14184,0.000439051,62.1418,28.9996
63,29,4.23862,-0.000419617,0.0199194,-1.95216e-05,3.27626e-05,0.0199195,-1.95764e-05,0.00164314,0.00398242,213,121,4.23862,0.00042127,67.2386,28.9996
68,29,4.34418,0.0010376,0.0209915,-1.8141e-05,1.32558e-05,0.0209915,-1.81487e-05,0.000630938,0.00449333,218,121,4.34417,-0.00103843,72.3442,29.001
73,29,4.45615,0.00106049,0.021566,-1.17534e-05,-1.4448e-05,0.021566,-1.17635e-05,-0.000669579,0.00489917,223,121,4.45615,-0.00106249,77.4561,29.0011
78,29,4.56779,0.000602722,0.0214414,-1.03138e-06,-3.24444e-05,0.0214414,-1.08127e-06,-0.00151309,0.0051865,228,121,4.56779,-0.000602302,82.5678,29.0006
83,29,4.67763,-0.000267029,0.0206928,7.36581e-06,-3.80846e-05,0.0206929,7.29505e-06,-0.00184112,0.00506585,233,121,4.67763,0.000270484,87.6776,28.9997
88,29,4.78004,-0.000587463,0.0195979,2.48187e-06,-3.71781e-05,0.019598,2.41026e-06,-0.00189727,0.00443689,238,121,4.78004,0.000587362,92.78,28.9994
93,29,4.87566,-0.000984192,0.0185452,-1.23772e-05,-3.67096e-05,0.0185453,-1.24499e-05,-0.00197813,0.0033607,243,121,4.87566,0.000980608,97.8757,28.999
98,29,4.96327,-0.00195313,0.0179105,-2.578e-05,-4.30063e-05,0.0179106,-2.58842e-05,-0.00239771,0.00267659,248,121,4.96327,0.00195025,102.963,28.998
103,29,5.04926,-0.000823975,0.0179431,-3.19904e-05,-5.63784e-05,0.0179433,-3.21679e-05,-0.00313643,0.00272397,253,121,5.04925,0.000823385,108.049,28.9992
108,29,5.13995,-0.0015564,0.0186665,-2.90059e-05,-5.11583e-05,0.0186666,-2.91448e-05,-0.00273638,0.00368375,258,121,5.13995,0.00156,113.14,28.9984
113,29,5.23291,-0.00210571,0.0198109,-1.85338e-05,-1.79856e-05,0.0198109,-1.85492e-05,-0.000907015,0.00442509,263,121,5.23292,0.00210705,118.233,28.9979
118,29,5.33887,-0.00152588,0.021117,3.94264e-06,5.19335e-05,0.0211171,3.81563e-06,0.00245976,0.00493208,268,121,5.33886,0.00152869,123.339,28.9985
123,29,5.45062,0.00038147,0.0222532,4.27336e-05,0.000132392,0.022254,4.1944e-05,0.00596049,0.00517231,273,121,5.45063,-0.000383398,128.451,29.0004
128,29,5.5661,0.00164032,0,0,0,0,0,0,-1,278,121,5.56611,-0.00164051,133.566,29.0016
-132,24,0.346432,0.000915527,0.0215409,-6.77929e-05,0.000127106,0.0215417,-6.85398e-05,0.00588187,0.00457303,18,126,0.346431,-0.00091186,-131.654,24.0009
-127,24,0.45504,0.000938416,0.0217229,1.61929e-05,0.000150166,0.021724,1.51535e-05,0.00691751,0.00488792,23,126,0.455039,-0.000941021,-126.545,24.0009
-122,24,0.5669,0.00171661,0.0215109,7.21168e-05,0.000138031,0.0215118,7.12276e-05,0.00643802,0.004761,28,126,0.566901,-0.00171847,-121.433,24.0017
-117,24,0.677429,0.00274658,0.0208168,8.63145e-05,9.52161e-05,0.0208172,8.58773e-05,0.00459292,0.00444177,33,126,0.677428,-0.00274833,-116.323,24.0027
-112,24,0.784237,0.00229645,0.0196968,6.14809e-05,4.02364e-05,0.0196969,6.13974e-05,0.00204917,0.00381054,38,126,0.784235,-0.00229539,-111.216,24.0023
-107,24,0.876621,0.00131989,0.0185432,2.36312e-05,-1.3395e-05,0.0185432,2.36221e-05,-0.000723287,0.00312727,43,126,0.876623,-0.0013163,-106.123,24.0013
-102,24,0.964626,0.000511169,0.017819,-8.31487e-06,-5.9513e-05,0.0178192,-8.51322e-06,-0.00333825,0.00244286,48,126,0.964626,-0.000511801,-101.035,24.0005
-97,24,1.05096,0.0001297,0.0178147,-3.26857e-05,-0.000111639,0.0178154,-3.33842e-05,-0.0062549,0.00247858,53,126,1.05096,-0.000131969,-95.949,24.0001
-92,24,1.1393,-0.00127411,0.0185671,-7.13004e-05,-0.000179429,0.0185688,-7.30269e-05,-0.00962568,0.00395781,58,126,1.1393,0.00127639,-90.8607,23.9987
-87,24,1.23368,0.000907898,0.0198854,-0.000129969,-0.000219941,0.0198878,-0.000132386,-0.0109868,0.00584625,63,126,1.23368,-0.000904839,-85.7663,24.0009
-82,24,1.33823,-0.0001297,0.0213298,-0.0001752,-0.000185401,0.0213314,-0.000176799,-0.00862047,0.00727677,68,126,1.33822,0.000129532,-80.6618,23.9999
-77,24,1.45281,-0.000213623,0.022264,-0.000171648,-7.79784e-05,0.0222642,-0.000171919,-0.0034756,0.00785833,73,126,1.45281,0.000213243,-75.5472,23.9998
-72,24,1.57291,0.000732422,0.0222261,-0.000122085,5.33457e-05,0.0222262,-0.000122213,0.00238701,0.00759546,78,126,1.57291,-0.000732836,-70.4271,24.0007
-67,24,1.68535,0.00170135,0.0212188,-5.70861e-05,0.000131626,0.0212196,-5.79003e-05,0.00618631,0.00660818,83,126,1.68535,-0.00169869,-65.3147,24.0017
-62,24,1.78965,0.00256348,0.0197279,-1.98592e-05,0.000111295,0.0197285,-2.04863e-05,0.0056356,0.00513042,88,126,1.78965,-0.00256108,-60.2104,24.0026
-57,24,1.88476,0.00241089,0.0183923,-2.55492e-05,3.38917e-05,0.0183923,-2.56123e-05,0.00184015,0.00349026,93,126,1.88476,-0.00241128,-55.1152,24.0024
-52,24,1.97057,0.00149536,0.0176856,-5.28764e-05,-5.05581e-05,0.0176858,-5.30211e-05,-0.00285016,0.00235816,98,126,1.97058,-0.00149233,-50.0294,24.0015
-47,24,2.05708,0.00075531,0.0177805,-7.96548e-05,-9.8916e-05,0.017781,-8.02018e-05,-0.00553814,0.002288,103,126,2.05708,-0.00075335,-44.9429,24.0008
-42,24,2.14433,-0.000152588,0.0185627,-0.000107481,-0.000105836,0.0185633,-0.000108082,-0.00566844,0.00290956,108,126,2.14433,0.000156364,-39.8557,23.9998
-37,24,2.24137,-1.52588e-05,0.0197094,-0.000128595,-8.69391e-05,0.0197098,-0.000128976,-0.00438235,0.00385947,113,126,2.24137,1.74994e-05,-34.7586,24
-32,24,2.34416,0.000221252,0.0208122,-0.000147522,-6.38791e-05,0.0208124,-0.000147716,-0.00304767,0.00473348,118,126,2.34416,-0.000224035,-29.6558,24.0002
-27,24,2.45353,-0.000205994,0.0215158,-0.000169098,-4.18058e-05,0.0215159,-0.000169179,-0.00192786,0.00518916,123,126,2.45353,0.000202806,-24.5465,23.9998
-22,24,2.56679,0.00105286,0.0215631,-0.000203922,-2.97013e-05,0.0215631,-0.000203962,-0.00136451,0.00517164,128,126,2.56679,-0.00105395,-19.4332,24.0011
-17,24,2.67676,0.00025177,0.0208787,-0.000243165,-2.40467e-05,0.0208787,-0.000243192,-0.00113847,0.00462909,133,126,2.67676,-0.000249434,-14.3232,24.0003
-12,24,2.78467,4.57764e-05,0.0196551,-0.000272376,-2.87384e-05,0.0196551,-0.000272418,-0.00144214,0.00385182,138,126,2.78468,-4.26935e-05,-9.21533,24
-7,24,2.87805,-0.000534058,0.0183396,-0.000283234,-4.26837e-05,0.0183397,-0.000283332,-0.00229199,0.00302069,143,126,2.87805,0.000535442,-4.12195,23.9995
-2,24,2.96373,-0.0013504,0.0174394,-0.000288444,-4.27303e-05,0.0174395,-0.000288547,-0.00241033,0.00258388,148,126,2.96373,0.00135095,0.96373,23.9986
3,24,3.04648,-0.00252533,0.0173743,-0.000298869,-4.6943e-06,0.0173743,-0.00029887,-0.000265617,0.00305193,153,126,3.04648,0.00252304,6.04648,23.9975
8,24,3.13046,-0.00353241,0.0182817,-0.000310109,9.00259e-05,0.0182822,-0.000310544,0.00484208,0.00421987,158,126,3.13046,0.0035286,11.1305,23.9965
13,24,3.22209,-0.00366211,0.019856,-0.000302363,0.000201876,0.019858,-0.000304385,0.0100132,0.00530164,163,126,3.22209,0.00366242,16.2221,23.9963
18,24,3.32944,-0.00306702,0.0214529,-0.000255174,0.000257522,0.0214559,-0.000258228,0.0118607,0.00587307,168,126,3.32943,0.0030706,21.3294,23.9969
23,24,3.44833,9.91821e-05,0.0223823,-0.000171265,0.000199347,0.0223841,-0.000173027,0.00883792,0.00593811,173,126,3.44834,-9.88702e-05,26.4483,24.0001
28,24,3.56702,0.00231934,0.0222724,-7.78549e-05,6.50632e-05,0.0222726,-7.80448e-05,0.00291104,0.00543445,178,126,3.56701,-0.00231705,31.567,24.0023
33,24,3.68033,0.00135803,0.0212547,-1.15205e-05,-6.19929e-05,0.0212549,-1.17011e-05,-0.00291506,0.00484865,183,126,3.68033,-0.00135618,36.6803,24.0014
38,24,3.78555,-0.000183105,0.0198295,7.89203e-06,-0.00011902,0.0198302,7.1777e-06,-0.00600427,0.00412103,188,126,3.78556,0.000184761,41.7856,23.9998
43,24,3.87976,0.000930786,0.0185493,-1.28354e-05,-0.000101664,0.0185498,-1.33924e-05,-0.00547672,0.00345153,193,126,3.87977,-0.000927742,46.8798,24.0009
48,24,3.96727,-0.000679016,0.0178407,-4.20372e-05,-5.48491e-05,0.0178409,-4.22057e-05,-0.00306711,0.00277573,198,126,3.96727,0.000682721,51.9673,23.9993
53,24,4.05334,-0.00075531,0.0179301,-5.61427e-05,-8.11797e-06,0.0179301,-5.61457e-05,-0.000451344,0.00265857,203,126,4.05334,0.000757199,57.0533,23.9992
58,24,4.1424,-0.000106812,0.0187464,-5.02536e-05,2.74457e-05,0.0187465,-5.02942e-05,0.00146013,0.0032572,208,126,4.14239,0.000107826,62.1424,23.9999
63,24,4.23785,-0.000175476,0.0199242,-3.00048e-05,4.17272e-05,0.0199243,-3.00929e-05,0.00209114,0.00396467,213,126,4.23786,0.000178681,67.2379,23.9998
68,24,4.34459,0.00180054,0.0209941,-2.59124e-06,2.3321e-05,0.0209941,-2.61702e-06,0.0011107,0.00439581,218,126,4.34459,-0.00180165,72.3446,24.0018
73,24,4.45634,0.00154114,0.0215535,1.90866e-05,-7.95149e-06,0.0215535,1.90837e-05,-0.000369246,0.00466295,223,126,4.45634,-0.00153964,77.4563,24.0015
78,24,4.56743,0.00111389,0.0214213,2.86648e-05,-3.09084e-05,0.0214213,2.86195e-05,-0.00144481,0.00489616,228,126,4.56743,-0.00111466,82.5674,24.0011
83,24,4.67699,-9.15527e-05,0.0206854,1.83606e-05,-3.4349e-05,0.0206854,1.83033e-05,-0.00166202,0.00472804,233,126,4.67699,8.81197e-05,87.677,23.9999
88,24,4.77959,-0.000663757,0.0196167,-1.0663e-05,-2.58483e-05,0.0196168,-1.06981e-05,-0.00131695,0.00413537,238,126,4.77959,0.000666833,92.7796,23.9993
93,24,4.8752,-0.000465393,0.0185846,-4.79505e-05,-2.56419e-05,0.0185846,-4.79855e-05,-0.00137618,0.00317968,243,126,4.8752,0.000465566,97.8752,23.9995
98,24,4.96391,-0.00141144,0.0179579,-7.63817e-05,-4.56661e-05,0.017958,-7.6497e-05,-0.00253216,0.00249099,248,126,4.96392,0.0014105,102.964,23.9986
103,24,5.05042,-0.00038147,0.0179794,-9.13886e-05,-7.96302e-05,0.0179797,-9.17399e-05,-0.00440646,0.00260336,253,126,5.05041,0.00038421,108.05,23.9996
108,24,5.14005,-0.00132751,0.0186799,-8.9532e-05,-9.47091e-05,0.0186803,-9.00095e-05,-0.00504576,0.00361136,258,126,5.14005,0.00132738,113.14,23.9987
113,24,5.23495,-0.0018692,0.0198114,-7.18168e-05,-7.71739e-05,0.0198117,-7.2116e-05,-0.00388128,0.00441696,263,126,5.23496,0.00186628,118.235,23.9981
118,24,5.3389,-0.00186157,0.0211234,-3.49625e-05,-2.35564e-05,0.0211234,-3.49879e-05,-0.00111334,0.00498023,268,126,5.3389,0.00186368,123.339,23.9981
123,24,5.45126,-0.000648499,0.0223187,3.29178e-05,5.09915e-05,0.0223188,3.28012e-05,0.00228806,0.00521333,273,126,5.45126,0.000646689,128.451,23.9994
128,24,5.56631,0.000274658,0,0,0,0,0,0,-1,278,126,5.56631,-0.000276132,133.566,24.0003
-132,19,0.345081,0.00154114,0.0215739,-7.78786e-05,9.15473e-05,0.0215743,-7.82665e-05,0.00422806,0.00456557,18,131,0.345082,-0.00154837,-131.655,19.0015
-127,19,0.453836,0.0014801,0.0217256,9.92154e-06,9.81662e-05,0.0217261,9.479e-06,0.0045204,0.00487419,23,131,0.453837,-0.00148027,-126.546,19.0015
-122,19,0.565479,0.00157166,0.0215138,8.27916e-05,0.000106746,0.0215144,8.22591e-05,0.00498076,0.00474894,28,131,0.56548,-0.00157268,-121.435,19.0016
-117,19,0.67522,0.00175476,0.0208394,0.000117527,9.54931e-05,0.0208398,0.000117088,0.0046082,0.00433697,33,131,0.675219,-0.00175723,-116.325,19.0018
-112,19,0.782627,0.00178528,0.0197524,0.000106567,6.68644e-05,0.0197526,0.00010634,0.00340344,0.00363637,38,131,0.782627,-0.00179151,-111.217,19.0018
-107,19,0.875935,0.000930786,0.0186412,6.50929e-05,1.87647e-05,0.0186413,6.50734e-05,0.00101015,0.00297767,43,131,0.875935,-0.0009282,-106.124,19.0009
-102,19,0.964401,0.000198364,0.017961,1.35461e-05,-3.49226e-05,0.0179611,1.34772e-05,-0.00194581,0.00240012,48,131,0.964403,-0.000198904,-101.036,19.0002
-97,19,1.05192,0.000167847,0.01798,-2.74451e-05,-8.78522e-05,0.0179804,-2.78726e-05,-0.00487851,0.00247122,53,131,1.05192,-0.000160651,-95.9481,19.0002
-92,19,1.14212,-0.000823975,0.0186973,-6.93269e-05,-0.000138323,0.0186984,-7.03475e-05,-0.00737011,0.00378999,58,131,1.14212,0.000826182,-90.8579,18.9992
-87,19,1.23694,0.000991821,0.0199086,-0.000115607,-0.000170339,0.01991,-0.000117056,-0.00850585,0.00541902,63,131,1.23694,-0.000988475,-85.7631,19.001
-82,19,1.34064,0.00050354,0.0212251,-0.000139945,-0.000154767,0.0212262,-0.000141066,-0.00724343,0.00668612,68,131,1.34064,-0.000510414,-80.6594,19.0005
-77,19,1.45397,0.000335693,0.0220849,-0.000112214,-8.75944e-05,0.0220853,-0.000112559,-0.00394612,0.00723104,73,131,1.45397,-0.000341765,-75.546,19.0003
-72,19,1.57265,-6.10352e-05,0.022059,-4.33473e-05,9.70498e-06,0.022059,-4.33512e-05,0.000439092,0.00697971,78,131,1.57265,5.77826e-05,-70.4273,18.9999
-67,19,1.68571,0.000289917,0.0211322,3.3111e-05,8.72787e-05,0.0211326,3.2749e-05,0.00413652,0.00615589,83,131,1.6857,-0.000288271,-65.3143,19.0003
-62,19,1.78922,0.00172424,0.0197277,7.2298e-05,0.000101354,0.0197282,7.17761e-05,0.00515636,0.00484903,88,131,1.78923,-0.0017268,-60.2108,19.0017
-57,19,1.88353,0.00170898,0.0184454,6.25157e-05,6.93728e-05,0.0184457,6.22543e-05,0.0037737,0.00346388,93,131,1.88353,-0.00170618,-55.1165,19.0017
-52,19,1.97058,0.00140381,0.0177575,2.83949e-05,1.92893e-05,0.0177575,2.83727e-05,0.001088,0.00235173,98,131,1.97058,-0.00140595,-50.0294,19.0014
-47,19,2.05649,0.000854492,0.017845,-6.43442e-06,-1.13232e-05,0.017845,-6.44103e-06,-0.000634301,0.00225304,103,131,2.05648,-0.000860168,-44.9435,19.0009
-42,19,2.14497,0.000213623,0.0186119,-3.63729e-05,-2.25583e-05,0.0186119,-3.64017e-05,-0.00120967,0.00289702,108,131,2.14498,-0.00021329,-39.855,19.0002
-37,19,2.2417,3.05176e-05,0.0197438,-5.2984e-05,-2.85421e-05,0.0197439,-5.30258e-05,-0.00144174,0.00382486,113,131,2.2417,-2.74213e-05,-34.7583,19
-32,19,2.34458,0.000854492,0.0208199,-5.72256e-05,-3.97048e-05,0.02082,-5.73015e-05,-0.00190183,0.00473195,118,131,2.34458,-0.000847614,-29.6554,19.0009
-27,19,2.45439,0.000610352,0.0214861,-6.63107e-05,-3.88388e-05,0.0214861,-6.638e-05,-0.00180206,0.00523747,123,131,2.45439,-0.000611521,-24.5456,19.0006
-22,19,2.56682,0.00128174,0.0215033,-9.74476e-05,-1.9687e-05,0.0215034,-9.74657e-05,-0.000911399,0.00524076,128,131,2.56682,-0.00128147,-19.4332,19.0013
-17,19,2.67627,0.00123596,0.0208093,-0.000147498,1.00419e-05,0.0208093,-0.000147502,0.000479172,0.00472916,133,131,2.67627,-0.00123809,-14.3237,19.0012
-12,19,2.78365,0.00201416,0.0196077,-0.000196175,2.10128e-05,0.0196077,-0.000196196,0.00106105,0.00392368,138,131,2.78365,-0.00201635,-9.21635,19.002
-7,19,2.87694,0.00154114,0.0183183,-0.000227867,-2.91775e-07,0.0183183,-0.000227867,-1.57324e-05,0.00301428,143,131,2.87693,-0.0015439,-4.12306,19.0015
-2,19,2.9631,0.000350952,0.0174177,-0.000247165,-3.19187e-05,0.0174177,-0.000247223,-0.0018069,0.00253587,148,131,2.96311,-0.000355871,0.963104,19.0004
3,19,3.04607,-0.000534058,0.0173305,-0.000264909,-4.64905e-05,0.0173306,-0.000265032,-0.00264217,0.00317699,153,131,3.04606,0.000528097,6.04607,18.9995
8,19,3.1301,-0.00138855,0.0182392,-0.000276584,-1.35559e-05,0.0182392,-0.000276594,-0.000732122,0.00439127,158,131,3.1301,0.00139582,11.1301,18.9986
13,19,3.22075,-0.00270081,0.0198667,-0.00026019,4.57885e-05,0.0198668,-0.000260293,0.00227497,0.00553078,163,131,3.22075,0.00270006,16.2207,18.9973
18,19,3.32759,-0.00273132,0.0215421,-0.00020003,8.45687e-05,0.0215424,-0.00020036,0.00388955,0.00610857,168,131,3.32759,0.0027336,21.3276,18.9973
23,19,3.44771,0.000137329,0.0225185,-0.000114158,6.10494e-05,0.0225187,-0.000114323,0.00269737,0.00621262,173,131,3.44771,-0.000131191,26.4477,19.0001
28,19,3.5675,0.00135803,0.0223817,-4.57368e-05,-3.93351e-06,0.0223817,-4.57382e-05,-0.000175388,0.00590976,178,131,3.56751,-0.00135352,31.5675,19.0014
33,19,3.68208,0.000457764,0.0212846,-1.64048e-05,-6.07562e-05,0.0212847,-1.65775e-05,-0.00285225,0.00520948,183,131,3.68208,-0.000453894,36.6821,19.0005
38,19,3.78726,1.52588e-05,0.0197853,-2.78526e-05,-7.12779e-05,0.0197856,-2.81082e-05,-0.00359744,0.00439192,188,131,3.78725,-8.26992e-06,41.7873,19
43,19,3.88019,0.0014801,0.018476,-5.88765e-05,-3.90185e-05,0.0184761,-5.89583e-05,-0.00210512,0.00358028,193,131,3.88019,-0.00147801,46.8802,19.0015
48,19,3.96744,-0.000335693,0.0177819,-8.36274e-05,-2.81993e-06,0.0177819,-8.36272e-05,-0.000157842,0.00285687,198,131,3.96743,0.000329439,51.9674,18.9997
53,19,4.05296,6.10352e-05,0.0179056,-9.17792e-05,1.86724e-05,0.0179056,-9.17995e-05,0.0010375,0.00269904,203,131,4.05296,-5.76893e-05,57.053,19.0001
58,19,4.14209,0.000442505,0.0187453,-7.69666e-05,2.83577e-05,0.0187453,-7.70092e-05,0.0015066,0.00331698,208,131,4.14208,-0.000449976,62.1421,19.0004
63,19,4.23772,-6.10352e-05,0.0199317,-3.79236e-05,2.4723e-05,0.0199318,-3.79542e-05,0.00123802,0.00398952,213,131,4.23771,5.6686e-05,67.2377,18.9999
68,19,4.34457,0.00125122,0.0210037,1.39846e-05,1.69022e-07,0.0210037,1.39847e-05,8.05259e-06,0.00440664,218,131,4.34457,-0.00125379,72.3446,19.0013
73,19,4.45589,0.00112915,0.0215574,5.39044e-05,-2.98412e-05,0.0215575,5.3864e-05,-0.00138773,0.0046057,223,131,4.45589,-0.00113495,77.4559,19.0011
78,19,4.56723,0.00135803,0.0214167,6.8723e-05,-4.66478e-05,0.0214168,6.86208e-05,-0.0021851,0.00478006,228,131,4.56722,-0.00135883,82.5672,19.0014
83,19,4.677,0.00038147,0.0206807,4.91559e-05,-3.89493e-05,0.0206808,4.90816e-05,-0.00188784,0.00455014,233,131,4.677,-0.000382832,87.677,19.0004
88,19,4.77924,-0.000198364,0.01963,7.20823e-06,-1.78828e-05,0.01963,7.19167e-06,-0.000911324,0.00395178,238,131,4.77923,0.000204794,92.7792,18.9998
93,19,4.87534,0.000869751,0.0186258,-4.01689e-05,-1.25964e-05,0.0186258,-4.01763e-05,-0.00067483,0.00306053,243,131,4.87533,-0.000871689,97.8753,19.0009
98,19,4.96443,-0.000183105,0.0180191,-7.44684e-05,-3.84817e-05,0.0180192,-7.45505e-05,-0.00212681,0.00231154,248,131,4.96442,0.000180108,102.964,18.9998
103,19,5.05136,0.00062561,0.0180349,-9.27559e-05,-8.42041e-05,0.0180353,-9.31472e-05,-0.00464492,0.00246987,253,131,5.05138,-0.000621596,108.051,19.0006
108,19,5.14117,-0.000183105,0.0187083,-9.52695e-05,-0.000114853,0.018709,-9.597e-05,-0.00610777,0.00344607,258,131,5.14117,0.000184273,113.141,18.9998
113,19,5.23663,-0.000579834,0.0198138,-8.29112e-05,-0.000112495,0.0198144,-8.3548e-05,-0.00565371,0.00428557,263,131,5.23663,0.000583076,118.237,18.9994
118,19,5.33984,-0.00135803,0.0211099,-5.48836e-05,-7.77986e-05,0.0211102,-5.51688e-05,-0.00367578,0.0048951,268,131,5.33984,0.00136492,123.34,18.9986
123,19,5.45306,-0.00108337,0.0223182,2.28639e-06,-1.28597e-05,0.0223182,2.27802e-06,-0.000576256,0.00511843,273,131,5.45306,0.00108974,128.453,18.9989
128,19,5.56854,-0.00062561,0,0,0,0,0,0,-1,278,131,5.56854,0.000620835,133.569,18.9994
-132,14,0.343637,0.00212097,0.021664,-4.21975e-05,4.50418e-05,0.0216641,-4.22914e-05,0.00207505,0.00450601,18,136,0.343637,-0.00211353,-131.656,14.0021
-127,14,0.452827,0.0015564,0.0217569,3.66906e-05,2.43362e-05,0.0217569,3.66634e-05,0.00112044,0.00482467,23,136,0.452828,-0.00154899,-126.547,14.0016
-122,14,0.564451,0.00106812,0.0215105,0.000105139,3.92968e-05,0.0215106,0.000105067,0.00183583,0.00471916,28,136,0.564452,-0.00106769,-121.436,14.0011
-117,14,0.673889,0.000823975,0.0208391,0.000143254,5.39325e-05,0.0208392,0.000143114,0.00260594,0.00425959,33,136,0.673891,-0.000827611,-116.326,14.0008
-112,14,0.780994,0.00132751,0.0197861,0.000137769,6.10006e-05,0.0197863,0.00013758,0.00310458,0.00350948,38,136,0.780995,-0.00133459,-111.219,14.0013
-107,14,0.87537,0.000686646,0.0187245,9.74073e-05,4.07566e-05,0.0187245,9.73186e-05,0.00218802,0.002845,43,136,0.87537,-0.000685099,-106.125,14.0007
-102,14,0.964386,0.000335693,0.0180851,4.04748e-05,5.53606e-06,0.0180851,4.04734e-05,0.000306798,0.0023411,48,136,0.964385,-0.000336148,-101.036,14.0003
-97,14,1.05288,0.00050354,0.0181136,-2.68057e-06,-3.06268e-05,0.0181136,-2.7325e-06,-0.00169056,0.00245,53,136,1.05288,-0.000500599,-95.9471,14.0005
-92,14,1.14427,-0.000274658,0.0187952,-3.22097e-05,-5.91799e-05,0.0187954,-3.23951e-05,-0.00314325,0.00350271,58,136,1.14427,0.000275416,-90.8557,13.9997
-87,14,1.23911,0.00123596,0.019924,-5.61334e-05,-8.60885e-05,0.0199244,-5.65033e-05,-0.0043086,0.00487653,63,136,1.2391,-0.00122925,-85.7609,14.0012
-82,14,1.34264,0.00170898,0.021146,-7.01154e-05,-9.48017e-05,0.0211464,-7.05393e-05,-0.00446827,0.00605997,68,136,1.34264,-0.00170992,-80.6574,14.0017
-77,14,1.45471,0.00175476,0.0219519,-5.63244e-05,-6.95603e-05,0.0219521,-5.65443e-05,-0.00316061,0.00661459,73,136,1.45471,-0.00175166,-75.5453,14.0018
-72,14,1.57273,-0.000137329,0.0219286,-1.7823e-05,-5.01595e-06,0.0219286,-1.78246e-05,-0.000228554,0.00636035,78,136,1.57273,0.000144346,-70.4273,13.9999
-67,14,1.68552,-0.000686646,0.0210503,3.23577e-05,6.67888e-05,0.0210505,3.21455e-05,0.00317766,0.0058127,83,136,1.68553,0.000681217,-65.3145,13.9993
-62,14,1.78849,0.000854492,0.0196996,6.51687e-05,0.000101205,0.0197002,6.46468e-05,0.00515429,0.0047745,88,136,1.78849,-0.000861576,-60.2115,14.0009
-57,14,1.88268,0.00088501,0.018452,6.59203e-05,9.58435e-05,0.0184525,6.54208e-05,0.00521263,0.00357894,93,136,1.88268,-0.000878588,-55.1173,14.0009
-52,14,1.97028,0.000473022,0.0177812,4.49082e-05,6.76745e-05,0.0177815,4.46504e-05,0.00381552,0.00240909,98,136,1.97028,-0.000473496,-50.0297,14.0005
-47,14,2.0548,0.000640869,0.0178809,1.6074e-05,5.20462e-05,0.0178811,1.59228e-05,0.0029133,0.00224059,103,136,2.0548,-0.000644284,-44.9452,14.0006
-42,14,2.14586,0.000228882,0.0186688,-6.57044e-06,4.35552e-05,0.0186689,-6.67106e-06,0.00233221,0.00293178,108,136,2.14586,-0.00023415,-39.8541,14.0002
-37,14,2.24158,-0.000183105,0.019824,-1.40655e-05,2.43222e-05,0.019824,-1.40946e-05,0.00122603,0.00384828,113,136,2.24158,0.000180662,-34.7584,13.9998
-32,14,2.34529,0.000762939,0.0208911,-3.39825e-06,-8.15296e-06,0.0208911,-3.40026e-06,-0.000390196,0.00477527,118,136,2.34529,-0.000759037,-29.6547,14.0008
-27,14,2.45599,0.000701904,0.0214959,5.98372e-06,-2.28602e-05,0.0214959,5.9586e-06,-0.00106376,0.00529104,123,136,2.456,-0.000701043,-24.544,14.0007
-22,14,2.56868,0.00137329,0.0214345,-4.35476e-06,5.07119e-07,0.0214345,-4.35486e-06,2.36542e-05,0.00526194,128,136,2.56869,-0.00136762,-19.4313,14.0014
-17,14,2.67755,0.00218201,0.0207037,-3.7596e-05,4.42825e-05,0.0207038,-3.76906e-05,0.00213498,0.0047654,133,136,2.67755,-0.00218815,-14.3224,14.0022
-12,14,2.78246,0.00326538,0.0195395,-7.62873e-05,6.18337e-05,0.0195397,-7.64811e-05,0.0031522,0.00391137,138,136,2.78245,-0.00326758,-9.21754,14.0033
-7,14,2.87582,0.00280762,0.0183228,-0.00010485,3.09914e-05,0.0183229,-0.000104902,0.00168178,0.00302247,143,136,2.87583,-0.00280297,-4.12418,14.0028
-2,14,2.96284,0.00141907,0.0174746,-0.000121475,-2.96401e-05,0.0174747,-0.000121526,-0.00168446,0.00251406,148,136,2.96284,-0.00142437,0.962845,14.0014
3,14,3.04689,0.000640869,0.0173964,-0.000133351,-9.30347e-05,0.0173969,-0.000133844,-0.00530706,0.00320992,153,136,3.04689,-0.00064278,6.04689,14.0006
8,14,3.12996,0.000747681,0.0182943,-0.000139106,-0.000121426,0.0182951,-0.000139905,-0.0065869,0.00436421,158,136,3.12996,-0.000746467,11.13,14.0007
13,14,3.22086,-0.000579834,0.0199147,-0.000123181,-0.000113093,0.0199153,-0.000123818,-0.00564371,0.00549385,163,136,3.22085,0.000578626,16.2209,13.9994
18,14,3.32764,-0.000549316,0.02158,-7.61182e-05,-8.1406e-05,0.0215803,-7.64253e-05,-0.00375896,0.00621638,168,136,3.32763,0.000550788,21.3276,13.9995
23,14,3.44881,0.00141907,0.0225349,-2.16075e-05,-5.02868e-05,0.022535,-2.17194e-05,-0.00222936,0.00662876,173,136,3.4488,-0.00141456,26.4488,14.0014
28,14,3.56931,0.00215149,0.0223607,1.38516e-06,-2.74616e-05,0.0223607,1.35228e-06,-0.00122819,0.00644455,178,136,3.5693,-0.00214688,31.5693,14.0022
33,14,3.68291,0.000900269,0.0212254,-9.10522e-06,-8.90421e-06,0.0212255,-9.10833e-06,-0.000419326,0.0055509,183,136,3.68291,-0.000892681,36.6829,14.0009
38,14,3.78857,0.000762939,0.0197084,-4.26002e-05,1.70837e-05,0.0197084,-4.26155e-05,0.000864953,0.00457167,188,136,3.78858,-0.000766347,41.7886,14.0008
43,14,3.87994,0.00186157,0.0184119,-7.60186e-05,4.6541e-05,0.018412,-7.61356e-05,0.00251735,0.00357409,193,136,3.87994,-0.00186817,46.8799,14.0019
48,14,3.96721,0.000320435,0.0177578,-9.46256e-05,5.80237e-05,0.017758,-9.48142e-05,0.00325015,0.00283609,198,136,3.96721,-0.00032244,51.9672,14.0003
53,14,4.05257,0.000686646,0.0179257,-0.000100353,4.411e-05,0.0179258,-0.000100462,0.002447,0.00269869,203,136,4.05256,-0.000684232,57.0526,14.0007
58,14,4.14212,0.00131226,0.0187851,-8.38507e-05,1.7237e-05,0.0187851,-8.38665e-05,0.000913507,0.0033892,208,136,4.14212,-0.00130933,62.1421,14.0013
63,14,4.23853,0.000579834,0.0199698,-3.92747e-05,-1.72511e-05,0.0199698,-3.92888e-05,-0.000862163,0.00407688,213,136,4.23852,-0.000585724,67.2385,14.0006
68,14,4.3443,0.000961304,0.0210321,1.91685e-05,-5.45013e-05,0.0210322,1.90269e-05,-0.00259368,0.00445018,218,136,4.34431,-0.000966223,72.3443,14.001
73,14,4.45587,0.000579834,0.0215703,6.53036e-05,-7.87152e-05,0.0215705,6.50156e-05,-0.00366027,0.00463908,223,136,4.45586,-0.000572431,77.4559,14.0006
78,14,4.56798,9.15527e-05,0.0214116,8.30191e-05,-7.72494e-05,0.0214119,8.27406e-05,-0.00362181,0.00481693,228,136,4.56798,-9.32402e-05,82.568,14.0001
83,14,4.67752,-0.000259399,0.0206653,6.4526e-05,-5.0149e-05,0.0206654,6.44038e-05,-0.00243431,0.0045331,233,136,4.67752,0.000265525,87.6775,13.9997
88,14,4.77898,-0.000793457,0.0196259,2.8057e-05,-1.54048e-05,0.0196259,2.80449e-05,-0.000786045,0.00386191,238,136,4.77897,0.000799186,92.779,13.9992
93,14,4.87442,0.000732422,0.0186509,-7.66441e-06,-4.07203e-06,0.0186509,-7.66572e-06,-0.000218239,0.00297136,243,136,4.87442,-0.000738004,97.8744,14.0007
98,14,4.96492,0.000198364,0.0180704,-3.03814e-05,-2.97575e-05,0.0180704,-3.043e-05,-0.00164399,0.00225554,248,136,4.96492,-0.000202252,102.965,14.0002
103,14,5.05231,0.00105286,0.0180891,-4.02586e-05,-7.63963e-05,0.0180894,-4.05814e-05,-0.00421386,0.00237691,253,136,5.05231,-0.00104693,108.052,14.0011
108,14,5.14227,0.000350952,0.0187403,-4.44432e-05,-0.000110767,0.0187409,-4.50956e-05,-0.0058964,0.00327796,258,136,5.14226,-0.000350552,113.142,14.0004
113,14,5.2374,0.000305176,0.0198137,-4.43564e-05,-0.000113595,0.0198143,-4.50071e-05,-0.00572013,0.00414704,263,136,5.2374,-0.000299399,118.237,14.0003
118,14,5.34137,6.10352e-05,0.0210743,-4.09531e-05,-8.73229e-05,0.0210746,-4.13153e-05,-0.00413545,0.0047502,268,136,5.34136,-6.78198e-05,123.341,14.0001
123,14,5.45334,0.000289917,0.0222495,-2.63605e-05,-2.80767e-05,0.0222496,-2.63955e-05,-0.00126041,0.00497774,273,136,5.45333,-0.000296178,128.453,14.0003
128,14,5.5675,0.000976563,0,0,0,0,0,0,-1,278,136,5.56752,-0.000976801,133.568,14.001
-132,9,0.342854,0.00230408,0.0218177,6.44994e-05,-9.7096e-06,0.0218177,6.4495e-05,-0.000446353,0.00443367,18,141,0.342853,-0.00229917,-131.657,9.0023
-127,9,0.452679,0.0014801,0.0218255,0.00011054,-4.89661e-05,0.0218256,0.00011043,-0.00225494,0.00473802,23,141,0.452678,-0.00147734,-126.547,9.00148
-122,9,0.564322,0.000289917,0.0215123,0.000143379,-3.26715e-05,0.0215123,0.000143329,-0.00152892,0.00462423,28,141,0.564321,-0.000295336,-121.436,9.00029
-117,9,0.673618,-0.000335693,0.0208182,0.000157345,8.25795e-07,0.0208182,0.000157345,3.9969e-05,0.00414166,33,141,0.673618,0.000328306,-116.326,8.99966
-112,9,0.779251,7.62939e-05,0.019783,0.000140426,3.98574e-05,0.0197831,0.000140346,0.00202912,0.00338591,38,141,0.77925,-7.43564e-05,-111.221,9.00008
-107,9,0.875023,-0.000274658,0.0187588,0.000101128,5.18327e-05,0.0187589,0.000100985,0.00277807,0.00269803,43,141,0.875024,0.000275661,-106.125,8.99973
-102,9,0.963539,9.15527e-05,0.0181492,4.9986e-05,4.55865e-05,0.0181494,4.98705e-05,0.00251867,0.00230272,48,141,0.963539,-9.70044e-05,-101.036,9.00009
-97,9,1.05255,0.000427246,0.0181875,1.26877e-05,3.22564e-05,0.0181875,1.26315e-05,0.00177478,0.00245168,53,141,1.05255,-0.000424275,-95.9474,9.00043
-92,9,1.14412,0.000152588,0.0188564,-2.54607e-06,2.35941e-05,0.0188564,-2.57604e-06,0.00125108,0.00339767,58,141,1.14412,-0.000155239,-90.8559,9.00015
-87,9,1.23947,0.00100708,0.0199429,-6.45241e-06,3.87815e-06,0.0199429,-6.45313e-06,0.0001944,0.00460755,63,141,1.23947,-0.00100232,-85.7605,9.00101
-82,9,1.34357,0.00201416,0.0211016,-1.46379e-05,-1.65344e-05,0.0211016,-1.46516e-05,-0.00078302,0.00568456,68,141,1.34357,-0.00201219,-80.6564,9.00201
-77,9,1.45521,0.00215149,0.0218603,-2.56077e-05,-1.51686e-05,0.0218603,-2.56179e-05,-0.000693078,0.00618702,73,141,1.45521,-0.00215642,-75.5448,9.00215
-72,9,1.57203,-0.000106812,0.0218287,-3.39473e-05,2.66117e-05,0.0218288,-3.39793e-05,0.00121722,0.0059995,78,141,1.57203,0.000108034,-70.428,8.99989
-67,9,1.68473,-0.00141907,0.0209847,-2.69639e-05,8.17251e-05,0.020985,-2.72812e-05,0.00388944,0.00561861,83,141,1.68473,0.00141523,-65.3153,8.99858
-62,9,1.78725,1.52588e-05,0.0196775,-9.05609e-06,0.000111321,0.0196781,-9.68575e-06,0.00565443,0.00474359,88,141,1.78725,-8.40142e-06,-60.2127,9.00002
-57,9,1.88116,4.57764e-05,0.0184553,3.23575e-06,0.000106863,0.0184559,2.61609e-06,0.00579113,0.00365656,93,141,1.88117,-5.04049e-05,-55.1188,9.00005
-52,9,1.96965,-0.000427246,0.0177913,4.68013e-07,8.38957e-05,0.0177917,7.17118e-08,0.00471554,0.00251352,98,141,1.96965,0.000424316,-50.0303,8.99957
-47,9,2.05347,0.000106812,0.0178984,-1.83061e-05,7.21596e-05,0.0178987,-1.85966e-05,0.00402741,0.00230886,103,141,2.05347,-0.000108818,-44.9465,9.00011
-42,9,2.14304,3.05176e-05,0.0187137,-3.32821e-05,6.69164e-05,0.0187139,-3.35202e-05,0.00356939,0.00300913,108,141,2.14304,-2.80279e-05,-39.857,9.00003
-37,9,2.24015,-0.000488281,0.0199071,-3.40079e-05,4.89293e-05,0.0199072,-3.41283e-05,0.00245367,0.00384369,113,141,2.24015,0.000483322,-34.7598,8.99951
-32,9,2.34592,0.000152588,0.0209816,-1.40385e-05,1.96991e-05,0.0209816,-1.40574e-05,0.000938248,0.00472159,118,141,2.34592,-0.000149586,-29.6541,9.00015
-27,9,2.45745,0.000244141,0.0215269,1.42803e-05,7.40365e-06,0.021527,1.42781e-05,0.000344153,0.00524336,123,141,2.45745,-0.000237841,-24.5425,9.00024
-22,9,2.56976,0.000411987,0.021375,3.57586e-05,3.32979e-05,0.021375,3.57069e-05,0.0015604,0.0051526,128,141,2.56976,-0.000416589,-19.4302,9.00041
-17,9,2.67778,0.00172424,0.0205997,4.00837e-05,7.26481e-05,0.0206,3.9828e-05,0.00353347,0.00460618,133,141,2.67778,-0.00172413,-14.3222,9.00172
-12,9,2.77939,0.00326538,0.0194769,3.34786e-05,8.04277e-05,0.0194773,3.31467e-05,0.0041364,0.00375184,138,141,2.77939,-0.00326974,-9.22061,9.00327
-7,9,2.87427,0.00328064,0.0183544,2.51934e-05,3.66765e-05,0.0183545,2.51206e-05,0.00200097,0.00293554,143,141,2.87427,-0.00327362,-4.12573,9.00328
-2,9,2.96239,0.00170898,0.0175933,2.09e-05,-4.41007e-05,0.0175934,2.07899e-05,-0.00250963,0.00246802,148,141,2.96238,-0.0017162,0.962387,9.00171
3,9,3.04729,0.000762939,0.0175495,2.01609e-05,-0.000139186,0.0175506,1.90558e-05,-0.00793948,0.00324819,153,141,3.04728,-0.000758811,6.04729,9.00076
8,9,3.13181,0.00125122,0.0184248,2.18885e-05,-0.000207695,0.0184272,1.95438e-05,-0.0112841,0.00444598,158,141,3.13181,-0.00124686,11.1318,9.00125
13,9,3.22519,-0.00050354,0.0199787,2.99262e-05,-0.000226713,0.0199812,2.73511e-05,-0.0113628,0.00545281,163,141,3.22519,0.000499592,16.2252,8.9995
18,9,3.33139,-0.00111389,0.0215516,4.66819e-05,-0.000182905,0.0215531,4.51263e-05,-0.00850444,0.00625925,168,141,3.33139,0.00111543,21.3314,8.99889
23,9,3.45221,0.000335693,0.0224278,5.46784e-05,-9.42171e-05,0.0224281,5.42812e-05,-0.00421108,0.00681577,173,141,3.45221,-0.000341557,26.4522,9.00034
28,9,3.56984,0.000640869,0.0222165,3.73254e-05,1.47127e-06,0.0222165,3.73255e-05,6.63355e-05,0.00670233,178,141,3.56984,-0.000647024,31.5698,9.00064
33,9,3.68286,0.0010376,0.02109,6.84327e-06,6.95595e-05,0.0210903,6.61425e-06,0.00329924,0.00576675,183,141,3.68286,-0.00104039,36.6829,9.00104
38,9,3.78717,0.00186157,0.0196149,-2.55424e-05,0.000109246,0.0196155,-2.61497e-05,0.00556206,0.00470108,188,141,3.78716,-0.00186151,41.7872,9.00186
43,9,3.87779,0.00234985,0.0183764,-4.9539e-05,0.000120355,0.0183772,-5.03249e-05,0.00653145,0.00354049,193,141,3.8778,-0.00235088,46.8778,9.00235
48,9,3.96544,0.00128174,0.0177852,-6.15699e-05,0.000101076,0.0177857,-6.21425e-05,0.00566331,0.00277697,198,141,3.96543,-0.00127953,51.9654,9.00128
53,9,4.05087,0.00152588,0.018,-6.79144e-05,5.23477e-05,0.0180001,-6.80657e-05,0.00289724,0.00263562,203,141,4.05088,-0.00152439,57.0509,9.00153
58,9,4.14122,0.00161743,0.0188713,-5.52759e-05,-7.38513e-06,0.0188713,-5.52787e-05,-0.000390199,0.00337617,208,141,4.14122,-0.00161315,62.1412,9.00162
63,9,4.23868,0.000900269,0.0200414,-1.91539e-05,-6.83402e-05,0.0200416,-1.93864e-05,-0.00340665,0.00405734,213,141,4.23868,-0.000904507,67.2387,9.0009
68,9,4.34415,0.000350952,0.0210758,2.47957e-05,-0.000112726,0.0210764,2.4192e-05,-0.00535469,0.00440329,218,141,4.34414,-0.000351643,72.3441,9.00035
73,9,4.45621,-0.000305176,0.0215824,5.80435e-05,-0.000125071,0.0215831,5.73173e-05,-0.00581038,0.00461642,223,141,4.45621,0.000307378,77.4562,8.99969
78,9,4.56902,-0.00134277,0.0213983,6.83222e-05,-0.000101377,0.0213987,6.78394e-05,-0.00475268,0.00476374,228,141,4.56902,0.00134601,82.569,8.99866
83,9,4.67824,-0.0014801,0.0206394,5.50807e-05,-5.79842e-05,0.0206395,5.49173e-05,-0.00281689,0.00449297,233,141,4.67824,0.00148657,87.6782,8.99852
88,9,4.77948,-0.00149536,0.0196074,3.69652e-05,-1.83433e-05,0.0196074,3.69493e-05,-0.000937298,0.00379269,238,141,4.77948,0.00149915,92.7795,8.9985
93,9,4.87476,0.000427246,0.0186586,2.79647e-05,-6.54659e-06,0.0186586,2.79611e-05,-0.000351389,0.00292173,243,141,4.87476,-0.000420258,97.8748,9.00043
98,9,4.96545,0.000244141,0.0181034,2.77153e-05,-2.86792e-05,0.0181034,2.76705e-05,-0.00158661,0.00225863,248,141,4.96546,-0.000242746,102.965,9.00024
103,9,5.05298,0.000930786,0.0181283,3.31835e-05,-6.59996e-05,0.0181286,3.29418e-05,-0.0036473,0.00231335,253,141,5.05296,-0.000927573,108.053,9.00093
108,9,5.14316,0.000350952,0.0187616,3.36894e-05,-9.08042e-05,0.018762,3.32501e-05,-0.00484846,0.00315806,258,141,5.14315,-0.000348261,113.143,9.00035
113,9,5.23889,-0.000213623,0.0198004,2.87601e-05,-8.6335e-05,0.0198008,2.83821e-05,-0.0043665,0.00400978,263,141,5.23889,0.000217538,118.239,8.99979
118,9,5.34256,-0.00062561,0.0210178,1.64873e-05,-5.45444e-05,0.021018,1.63466e-05,-0.00259716,0.0046269,268,141,5.34256,0.00062218,123.343,8.99937
123,9,5.45383,-0.000839233,0.022147,-4.74682e-06,7.86069e-06,0.022147,-4.74881e-06,0.000354856,0.00489301,273,141,5.45384,0.000835105,128.454,8.99916
128,9,5.56778,-7.62939e-05,0,0,0,0,0,0,-1,278,141,5.56779,7.77503e-05,133.568,8.99992
-132,4,0.342171,0.0022583,0.0220011,0.000212119,-5.47576e-05,0.0220012,0.000211982,-0.00251307,0.00438623,18,146,0.34217,-0.00225432,-131.658,4.00226
-127,4,0.453226,0.00125122,0.021916,0.000194703,-8.91034e-05,0.0219164,0.000194339,-0.00410203,0.00463733,23,146,0.453226,-0.00124897,-126.547,4.00125
-122,4,0.565254,-0.000488281,0.0215232,0.000168534,-7.2891e-05,0.0215235,0.000168285,-0.00341329,0.00456798,28,146,0.565254,0.000493482,-121.435,3.99951
-117,4,0.674191,-0.00112915,0.0207845,0.000140622,-3.14999e-05,0.0207845,0.000140575,-0.00152587,0.00410583,33,146,0.674192,0.00112332,-116.326,3.99887
-112,4,0.778503,-0.00151062,0.0197496,0.000102249,2.02617e-05,0.0197496,0.000102228,0.00103127,0.00344433,38,146,0.778505,0.00150654,-111.221,3.99849
-107,4,0.875114,-0.00120544,0.0187447,6.56792e-05,5.07933e-05,0.0187449,6.55409e-05,0.00271924,0.00275635,43,146,0.875116,0.00120743,-106.125,3.99879
-102,4,0.963104,-0.00012207,0.0181522,2.92625e-05,6.79283e-05,0.0181525,2.90079e-05,0.00374812,0.00232888,48,146,0.963102,0.000128089,-101.037,3.99988
-97,4,1.05225,-6.10352e-05,0.0182025,3.65149e-06,7.58987e-05,0.0182028,3.33413e-06,0.00417042,0.00245595,53,146,1.05225,5.78991e-05,-95.9478,3.99994
-92,4,1.14404,7.62939e-05,0.0188795,5.28193e-07,8.54231e-05,0.0188799,1.42492e-07,0.00452465,0.0033287,58,146,1.14404,-7.80181e-05,-90.856,4.00008
-87,4,1.24014,0.000274658,0.0199558,1.1826e-05,7.95489e-05,0.0199562,1.15084e-05,0.00398853,0.00439741,63,146,1.24014,-0.000281122,-85.7599,4.00027
-82,4,1.34416,0.0010376,0.0210748,1.46045e-05,6.41771e-05,0.021075,1.44094e-05,0.00304729,0.00528767,68,146,1.34417,-0.00103632,-80.6558,4.00104
-77,4,1.45572,0.00234985,0.021793,-6.14922e-06,6.03948e-05,0.0217932,-6.31623e-06,0.00277048,0.00580288,73,146,1.45572,-0.00234363,-75.5443,4.00235
-72,4,1.57119,0.000289917,0.0217563,-4.58421e-05,8.56703e-05,0.0217567,-4.61778e-05,0.00392936,0.00571595,78,146,1.57119,-0.000284766,-70.4288,4.00029
-67,4,1.68297,-0.000137329,0.0209509,-7.65031e-05,0.000110759,0.0209515,-7.70856e-05,0.00526718,0.00535629,83,146,1.68297,0.000134034,-65.317,3.99986
-62,4,1.78546,0.000793457,0.0196886,-7.90796e-05,0.000112631,0.0196892,-7.97221e-05,0.0056975,0.00457183,88,146,1.78546,-0.000794436,-60.2145,4.00079
-57,4,1.87974,0.000823975,0.0184859,-6.52644e-05,9.07823e-05,0.0184864,-6.57095e-05,0.00489345,0.00356308,93,146,1.87974,-0.000823925,-55.1203,4.00082
-52,4,1.9687,3.05176e-05,0.0178159,-5.51339e-05,6.48448e-05,0.0178162,-5.53699e-05,0.00362842,0.00253796,98,146,1.96869,-3.12694e-05,-50.0313,4.00003
-47,4,2.05222,0.000350952,0.0179117,-6.36925e-05,5.17429e-05,0.0179118,-6.38422e-05,0.00287851,0.00237637,103,146,2.05221,-0.000355715,-44.9478,4.00035
-42,4,2.1425,0.000610352,0.0187319,-7.35255e-05,5.04974e-05,0.0187321,-7.36611e-05,0.00268523,0.00310231,108,146,2.1425,-0.00061167,-39.8575,4.00061
-37,4,2.23747,6.10352e-05,0.0199482,-7.44142e-05,4.53191e-05,0.0199483,-7.4517e-05,0.00226338,0.00392145,113,146,2.23748,-5.80535e-05,-34.7625,4.00006
-32,4,2.34558,-0.000244141,0.0210363,-5.69625e-05,3.94026e-05,0.0210364,-5.7037e-05,0.00186801,0.00462343,118,146,2.34558,0.000245796,-29.6544,3.99976
-27,4,2.45829,-0.000488281,0.0215522,-2.05558e-05,4.39051e-05,0.0215523,-2.06456e-05,0.0020352,0.00500633,123,146,2.45829,0.000491905,-24.5417,3.99951
-22,4,2.57098,-0.000350952,0.0213441,2.7326e-05,6.91144e-05,0.0213443,2.71024e-05,0.00324222,0.00504208,128,146,2.57098,0.000353887,-19.429,3.99965
-17,4,2.67781,0.000564575,0.0205396,6.94901e-05,8.83475e-05,0.0205399,6.91088e-05,0.00431583,0.00460349,133,146,2.67782,-0.000565993,-14.3222,4.00056
-12,4,2.77832,0.00202942,0.0194486,9.71185e-05,7.42798e-05,0.0194489,9.68333e-05,0.00383838,0.00369541,138,146,2.77832,-0.00203548,-9.22168,4.00203
-7,4,2.87376,0.00212097,0.0184106,0.000110054,1.66271e-05,0.0184106,0.000110039,0.000908553,0.00282455,143,146,2.87376,-0.00212458,-4.12624,4.00212
-2,4,2.96228,0.000579834,0.0177419,0.000116512,-7.4233e-05,0.0177423,0.000116199,-0.0042116,0.00234573,148,146,2.96227,-0.000574961,0.96228,4.00058
3,4,3.04663,-0.000335693,0.0177444,0.000123959,-0.000180429,0.0177463,0.000122111,-0.0102383,0.00305404,153,146,3.04663,0.000343035,6.04663,3.99966
8,4,3.13376,1.52588e-05,0.0185873,0.000130986,-0.000258985,0.0185909,0.000127352,-0.0140287,0.00435469,158,146,3.13376,-1.00649e-05,11.1338,4.00002
13,4,3.22701,-0.0015564,0.0200305,0.000130711,-0.000271596,0.0200342,0.000127005,-0.0136448,0.00545866,163,146,3.227,0.00155047,16.227,3.99844
18,4,3.33672,-0.00180054,0.0214598,0.00011897,-0.00019732,0.0214616,0.000117145,-0.00924508,0.00618872,168,146,3.33672,0.00180291,21.3367,3.9982
23,4,3.45369,-0.000427246,0.0222318,9.00021e-05,-6.44357e-05,0.022232,8.98158e-05,-0.0029101,0.00669278,173,146,3.45368,0.000428926,26.4537,3.99957
28,4,3.5699,-0.000152588,0.0220001,5.25103e-05,6.5351e-05,0.0220003,5.23152e-05,0.00297756,0.00659997,178,146,3.56989,0.000155535,31.5699,3.99985
33,4,3.68208,0.000976563,0.0209262,2.33414e-05,0.000140345,0.0209271,2.23983e-05,0.00671378,0.00569924,183,146,3.68208,-0.00097584,36.6821,4.00098
38,4,3.78506,0.0020752,0.0195381,8.62323e-06,0.000165684,0.0195395,7.21868e-06,0.00848302,0.00457341,188,146,3.78506,-0.00207695,41.7851,4.00208
43,4,3.87601,0.00192261,0.018386,3.25715e-06,0.000149649,0.0183872,2.0396e-06,0.00814005,0.00338963,193,146,3.87601,-0.00192218,46.876,4.00192
48,4,3.9639,0.00180054,0.0178638,2.37741e-06,0.000103515,0.0178644,1.77696e-06,0.00579521,0.00266702,198,146,3.9639,-0.00179501,51.9639,4.0018
53,4,4.05008,0.00202942,0.0181153,1.16426e-07,3.26528e-05,0.0181153,5.86733e-08,0.0018025,0.00262149,203,146,4.05008,-0.00202996,57.0501,4.00203
58,4,4.14091,0.00190735,0.0189852,1.01843e-05,-4.32149e-05,0.0189853,1.00862e-05,-0.00227745,0.00340571,208,146,4.14091,-0.00190879,62.1409,4.00191
63,4,4.23956,0.0015564,0.0201263,3.15175e-05,-0.000111716,0.020127,3.08966e-05,-0.0055592,0.00402291,213,146,4.23957,-0.00155954,67.2396,4.00156
68,4,4.34592,0.000457764,0.0211137,5.06348e-05,-0.000148847,0.0211148,4.95827e-05,-0.00706623,0.00457937,218,146,4.34591,-0.000451739,72.3459,4.00046
73,4,4.45815,-0.000457764,0.0215761,5.8878e-05,-0.000142773,0.0215771,5.79311e-05,-0.0066349,0.00480721,223,146,4.45814,0.000462083,77.4581,3.99954
78,4,4.57054,-0.00152588,0.0213683,5.2534e-05,-0.000100029,0.0213688,5.20647e-05,-0.00469259,0.00474439,228,146,4.57054,0.0015234,82.5705,3.99847
83,4,4.67909,-0.00172424,0.0206079,4.13022e-05,-5.0608e-05,0.020608,4.11775e-05,-0.00246067,0.00434095,233,146,4.6791,0.00172153,87.6791,3.99828
88,4,4.78015,-0.0010376,0.0195881,4.01193e-05,-1.87253e-05,0.0195882,4.01018e-05,-0.00095791,0.00364551,238,146,4.78015,0.00103365,92.7802,3.99896
93,4,4.8752,0.00050354,0.0186569,5.39442e-05,-1.40587e-05,0.0186569,5.39329e-05,-0.000755723,0.00282477,243,146,4.8752,-0.000501961,97.8752,4.0005
98,4,4.96567,-1.52588e-05,0.018114,7.07484e-05,-3.15052e-05,0.018114,7.06939e-05,-0.00174609,0.00228047,248,146,4.96566,1.72227e-05,102.966,3.99998
103,4,5.0535,0.000274658,0.0181417,8.67332e-05,-5.3287e-05,0.0181418,8.65767e-05,-0.00295135,0.00228998,253,146,5.05351,-0.000282073,108.053,4.00027
108,4,5.1438,0.000213623,0.0187637,9.47325e-05,-6.17603e-05,0.0187639,9.45283e-05,-0.00330812,0.00307807,258,146,5.14381,-0.000208113,113.144,4.00021
113,4,5.23996,-0.000289917,0.0197751,9.69552e-05,-4.57786e-05,0.0197752,9.68482e-05,-0.00232635,0.00393333,263,146,5.23996,0.000287223,118.24,3.99971
118,4,5.34329,-0.000152588,0.0209543,9.00767e-05,-5.27556e-06,0.0209543,9.00757e-05,-0.000252851,0.00459718,268,146,5.34329,0.000153924,123.343,3.99985
123,4,5.45425,0.000564575,0.0220344,6.48649e-05,6.26457e-05,0.0220346,6.46859e-05,0.00285144,0.00488377,273,146,5.45424,-0.000566401,128.454,4.00056
128,4,5.56903,0.00163269,0,0,0,0,0,0,-1,278,146,5.56904,-0.00163022,133.569,4.00163
-132,-1,0.34165,0.000106812,0.0221914,0.000294657,-3.62962e-05,0.0221915,0.000294597,-0.0016576,0.00459334,18,151,0.341649,-0.000100636,-131.658,-0.999893
-127,-1,0.45418,-0.00138855,0.0220316,0.000208591,-6.2723e-05,0.0220318,0.00020841,-0.00287413,0.00490494,23,151,0.454179,0.00138976,-126.546,-1.00139
-122,-1,0.565924,-0.00215149,0.0215577,0.000127845,-5.80651e-05,0.0215579,0.000127689,-0.00270951,0.00492628,28,151,0.565925,0.00214439,-121.434,-1.00215
-117,-1,0.674973,-0.00164795,0.0207567,6.50873e-05,-2.81162e-05,0.0207567,6.50482e-05,-0.00135882,0.00451049,33,151,0.674971,0.00164168,-116.325,-1.00165
-112,-1,0.777966,-0.00198364,0.0197084,1.59561e-05,9.02576e-06,0.0197084,1.59517e-05,0.000458335,0.00383,38,151,0.777965,0.00197844,-111.222,-1.00198
-107,-1,0.874783,-0.0010376,0.0187019,-7.14232e-06,3.525e-05,0.018702,-7.20937e-06,0.00188411,0.0029774,43,151,0.874782,0.00103848,-106.125,-1.00104
-102,-1,0.96217,0.000152588,0.0181062,-1.94954e-05,6.0228e-05,0.0181064,-1.96947e-05,0.00332275,0.00242518,48,151,0.96217,-0.000150415,-101.038,-0.999847
-97,-1,1.05176,-0.000457764,0.0181608,-2.67921e-05,8.26825e-05,0.0181611,-2.71685e-05,0.00454598,0.00254078,53,151,1.05176,0.000452747,-95.9482,-1.00046
-92,-1,1.14089,0.000473022,0.0188561,-1.93885e-05,0.000106565,0.0188567,-1.99899e-05,0.00564544,0.00339437,58,151,1.14089,-0.000469217,-90.8591,-0.999527
-87,-1,1.23873,0.000427246,0.0199478,3.21867e-07,0.000117276,0.0199484,-3.66941e-07,0.00587897,0.00439978,63,151,1.23873,-0.000426926,-85.7613,-0.999573
-82,-1,1.34328,0.000488281,0.0210559,1.61852e-05,0.000116127,0.0210566,1.55438e-05,0.00551917,0.00513216,68,151,1.34328,-0.000485997,-80.6567,-0.999512
-77,-1,1.45441,0.00115967,0.021754,5.48588e-06,0.000119356,0.0217546,4.83077e-06,0.00548779,0.00559847,73,151,1.45441,-0.00116367,-75.5456,-0.99884
-72,-1,1.56963,0.00105286,0.0217262,-3.43251e-05,0.000134502,0.021727,-3.51556e-05,0.00618071,0.0054937,78,151,1.56963,-0.00105112,-70.4304,-0.998947
-67,-1,1.68099,0.00157166,0.0209642,-7.64989e-05,0.000129222,0.020965,-7.72923e-05,0.0061412,0.00506679,83,151,1.68099,-0.00157727,-65.319,-0.998428
-62,-1,1.78421,0.0015564,0.0197408,-9.22337e-05,9.85386e-05,0.0197413,-9.27243e-05,0.00496823,0.00434778,88,151,1.78421,-0.00156013,-60.2158,-0.998444
-57,-1,1.87926,0.00167847,0.0185455,-8.57867e-05,5.58744e-05,0.0185456,-8.59536e-05,0.00299893,0.00345141,93,151,1.87926,-0.00167304,-55.1207,-0.998322
-52,-1,1.96812,0.000854492,0.0178588,-7.33867e-05,2.57671e-05,0.0178588,-7.34236e-05,0.00143692,0.0025992,98,151,1.96812,-0.000861983,-50.0319,-0.999146
-47,-1,2.05217,0.00117493,0.0179265,-7.50762e-05,1.13332e-05,0.0179265,-7.50832e-05,0.000629565,0.00246654,103,151,2.05217,-0.00116734,-44.9478,-0.998825
-42,-1,2.1422,0.00164795,0.0187199,-8.21739e-05,1.39175e-05,0.0187199,-8.21846e-05,0.000740211,0.00316972,108,151,2.1422,-0.00164605,-39.8578,-0.998352
-37,-1,2.23904,0.00149536,0.019925,-8.71903e-05,2.38514e-05,0.019925,-8.72184e-05,0.00119185,0.00402209,113,151,2.23904,-0.00149353,-34.761,-0.998505
-32,-1,2.34377,0.00100708,0.021021,-8.08328e-05,4.48324e-05,0.0210211,-8.09282e-05,0.00212456,0.00466279,118,151,2.34377,-0.00100874,-29.6562,-0.998993
-27,-1,2.45718,0.000549316,0.0215481,-5.19144e-05,6.62635e-05,0.0215483,-5.21168e-05,0.00306771,0.00493566,123,151,2.45719,-0.000550868,-24.5428,-0.999451
-22,-1,2.57018,0.000350952,0.0213441,1.9179e-06,8.53148e-05,0.0213444,1.57766e-06,0.00399739,0.00495185,128,151,2.57017,-0.000346923,-19.4298,-0.999649
-17,-1,2.67702,0.000183105,0.0205432,6.10567e-05,7.87524e-05,0.0205435,6.07548e-05,0.00384485,0.00453884,133,151,2.67702,-0.000179079,-14.323,-0.999817
-12,-1,2.77687,0.00119019,0.0194733,0.000106225,4.12218e-05,0.0194734,0.000106137,0.00212843,0.00362287,138,151,2.77687,-0.00119662,-9.22313,-0.99881
-7,-1,2.87302,0.00128174,0.0184947,0.000127851,-2.66432e-05,0.0184947,0.000127813,-0.00145061,0.00272298,143,151,2.87302,-0.0012883,-4.12698,-0.998718
-2,-1,2.96187,-0.00012207,0.0179015,0.00013507,-0.000115714,0.0179022,0.000134316,-0.00651271,0.00224922,148,151,2.96187,0.000115542,0.961868,-1.00012
3,-1,3.04816,-0.00167847,0.0179401,0.0001415,-0.000212314,0.0179426,0.000138967,-0.0119264,0.00276632,153,151,3.04815,0.00167404,6.04816,-1.00168
8,-1,3.13702,-0.00128174,0.0187297,0.000148243,-0.000271927,0.0187337,0.000144264,-0.0146302,0.00402122,158,151,3.13703,0.00128729,11.137,-1.00128
13,-1,3.23262,-0.00254822,0.0200334,0.000145081,-0.000253258,0.0200366,0.000141857,-0.0127313,0.00517557,163,151,3.23261,0.00254728,16.2326,-1.00255
18,-1,3.338,-0.00312805,0.0213074,0.000123639,-0.000144963,0.0213084,0.000122647,-0.00684272,0.00580686,168,151,3.33799,0.00312866,21.338,-1.00313
23,-1,3.45523,-0.000900269,0.0219927,8.53067e-05,7.78319e-06,0.0219927,8.53045e-05,0.000355277,0.00613435,173,151,3.45523,0.000903439,26.4552,-1.0009
28,-1,3.56929,0.00038147,0.0217786,5.07821e-05,0.00013226,0.0217794,4.99766e-05,0.00608681,0.00606627,178,151,3.56929,-0.00037753,31.5693,-0.999619
33,-1,3.68088,0.00154114,0.0207932,3.33212e-05,0.000179746,0.0207947,3.17646e-05,0.0086575,0.0053626,183,151,3.68088,-0.00154012,36.6809,-0.998459
38,-1,3.78142,0.00108337,0.0195107,3.59931e-05,0.000171282,0.0195122,3.44878e-05,0.00879415,0.00429475,188,151,3.78142,-0.00108641,41.7814,-0.998917
43,-1,3.87399,0.00131226,0.0184456,5.0423e-05,0.000127574,0.0184465,4.95389e-05,0.00693477,0.0031892,193,151,3.87399,-0.00131751,46.874,-0.998688
48,-1,3.96225,0.00157166,0.0179755,6.63041e-05,6.66994e-05,0.0179758,6.60559e-05,0.00372423,0.00248433,198,151,3.96224,-0.00157113,51.9622,-0.998428
53,-1,4.05029,0.00187683,0.0182393,7.73455e-05,-5.2426e-06,0.0182393,7.73445e-05,-0.000288659,0.0025582,203,151,4.05029,-0.00187993,57.0503,-0.998123
58,-1,4.14148,0.00163269,0.0190897,9.21051e-05,-7.29e-05,0.01909,9.18265e-05,-0.00383726,0.00336958,208,151,4.14149,-0.0016385,62.1415,-0.998367
63,-1,4.24101,0.00177002,0.0201906,0.000104212,-0.00012487,0.0201914,0.000103435,-0.00621633,0.00409038,213,151,4.24102,-0.00177007,67.241,-0.99823
68,-1,4.34779,0.000610352,0.0211238,0.000106914,-0.000141643,0.0211248,0.000105959,-0.00673905,0.00467384,218,151,4.34779,-0.000607833,72.3478,-0.99939
73,-1,4.45947,0.000274658,0.0215446,9.65003e-05,-0.000117915,0.0215452,9.58517e-05,-0.00549746,0.00489578,223,151,4.45948,-0.000268271,77.4595,-0.999725
78,-1,4.571,0.000213623,0.0213275,7.56414e-05,-6.83319e-05,0.0213278,7.54222e-05,-0.00321529,0.00480895,228,151,4.57101,-0.000208003,82.571,-0.999786
83,-1,4.67915,-0.000289917,0.0205833,6.04757e-05,-2.67143e-05,0.0205833,6.04419e-05,-0.00130169,0.00436231,233,151,4.67915,0.000292485,87.6792,-1.00029
88,-1,4.78056,-0.000274658,0.0195816,6.17299e-05,-1.07628e-05,0.0195816,6.17243e-05,-0.000551375,0.00366079,238,151,4.78056,0.000269993,92.7806,-1.00027
93,-1,4.87599,1.52588e-05,0.0186557,7.63002e-05,-1.53601e-05,0.0186557,7.62874e-05,-0.000826727,0.00285261,243,151,4.87599,-1.65945e-05,97.876,-0.999985
98,-1,4.96591,-0.000762939,0.0181062,9.05139e-05,-2.95428e-05,0.0181062,9.04649e-05,-0.00163984,0.00230777,248,151,4.96591,0.000766106,102.966,-1.00076
103,-1,5.05429,-0.000717163,0.0181297,0.00010191,-4.0098e-05,0.0181298,0.00010182,-0.00222422,0.00236864,253,151,5.05429,0.000718712,108.054,-1.00072
108,-1,5.14462,-0.00108337,0.0187502,0.000112241,-3.98702e-05,0.0187503,0.000112156,-0.00213918,0.00309354,258,151,5.14462,0.00107649,113.145,-1.00108
113,-1,5.24002,-0.00180054,0.0197484,0.000127454,-2.01227e-05,0.0197484,0.000127435,-0.00102557,0.00395711,263,151,5.24003,0.0017972,118.24,-1.0018
118,-1,5.34244,-0.00169373,0.0209016,0.000142081,2.31018e-05,0.0209016,0.000142055,0.00111283,0.0046474,268,151,5.34245,0.00168657,123.342,-1.00169
123,-1,5.45325,-0.000610352,0.0219279,0.000146992,9.60465e-05,0.0219283,0.000146567,0.00440955,0.00489715,273,151,5.45324,0.00060598,128.453,-1.00061
128,-1,5.56738,0.00146484,0,0,0,0,0,0,-1,278,151,5.56737,-0.00146221,133.567,-0.998535
-132,-6,0.341307,-0.00247192,0,0,0,0,0,0,-1,18,156,0.341306,0.00246891,-131.659,-6.00247
-127,-6,0.45442,-0.00274658,0.0221869,0.000106952,1.63846e-05,0.022187,0.000106941,0.000742056,0.00534481,23,156,0.45442,0.00274397,-126.546,-6.00275
-122,-6,0.566669,-0.00230408,0.0216312,1.23709e-05,-1.6693e-06,0.0216312,1.23717e-05,-7.72151e-05,0.00537352,28,156,0.566669,0.00230601,-121.433,-6.0023
-117,-6,0.675735,-0.00120544,0.020758,-5.46502e-05,-3.18404e-06,0.020758,-5.465e-05,-0.000152986,0.00492523,33,156,0.675735,0.00119914,-116.324,-6.00121
-112,-6,0.777992,-0.00187683,0.0196881,-9.03314e-05,-1.94148e-06,0.0196881,-9.03308e-05,-9.81614e-05,0.00418243,38,156,0.777994,0.00187307,-111.222,-6.00188
-107,-6,0.875137,-0.000656128,0.0186608,-8.85295e-05,3.22753e-06,0.0186608,-8.85306e-05,0.000172141,0.00318094,43,156,0.875138,0.000658333,-106.125,-6.00066
-102,-6,0.962551,0.000442505,0.0180408,-7.49735e-05,2.37566e-05,0.0180408,-7.5005e-05,0.00131138,0.00250026,48,156,0.962553,-0.000436207,-101.037,-5.99956
-97,-6,1.05128,-0.000442505,0.0180842,-6.50254e-05,5.34256e-05,0.0180844,-6.51823e-05,0.00294364,0.00260427,53,156,1.05128,0.000440525,-95.9487,-6.00044
-92,-6,1.13992,0.000915527,0.0187946,-5.31187e-05,8.54943e-05,0.018795,-5.35063e-05,0.00453592,0.00341509,58,156,1.13992,-0.000913045,-90.8601,-5.99908
-87,-6,1.2375,0.00106812,0.0199138,-3.57687e-05,0.000107733,0.0199144,-3.63505e-05,0.00540007,0.00437645,63,156,1.23749,-0.00106599,-85.7625,-5.99893
-82,-6,1.34186,0.000762939,0.0210353,-1.43685e-05,0.000117586,0.0210359,-1.5025e-05,0.00558588,0.00506049,68,156,1.34186,-0.000769515,-80.6581,-5.99924
-77,-6,1.45243,0.00131226,0.0217357,-7.65739e-06,0.000129813,0.0217365,-8.43219e-06,0.00596997,0.00541917,73,156,1.45243,-0.00131301,-75.5476,-5.99869
-72,-6,1.56705,0.001297,0.0217307,-2.46218e-05,0.000142183,0.0217316,-2.55508e-05,0.0065352,0.00524845,78,156,1.56705,-0.00129915,-70.433,-5.9987
-67,-6,1.67877,0.00245667,0.0210111,-5.08839e-05,0.000122183,0.0210119,-5.15925e-05,0.00580083,0.00472619,83,156,1.67877,-0.00245958,-65.3212,-5.99754
-62,-6,1.78313,0.00210571,0.0198173,-6.33036e-05,7.4973e-05,0.0198176,-6.3587e-05,0.0037711,0.00399391,88,156,1.78314,-0.00211319,-60.2169,-5.99789
-57,-6,1.87931,0.00205994,0.0186201,-6.04936e-05,2.15849e-05,0.0186201,-6.05183e-05,0.00115547,0.00320319,93,156,1.87931,-0.00205631,-55.1207,-5.99794
-52,-6,1.96769,0.00125122,0.0179127,-4.72694e-05,-1.04676e-05,0.0179127,-4.72758e-05,-0.000582829,0.00255575,98,156,1.96769,-0.00124445,-50.0323,-5.99875
-47,-6,2.05258,0.00152588,0.0179446,-4.11297e-05,-2.40782e-05,0.0179446,-4.11617e-05,-0.00133874,0.00246643,103,156,2.05259,-0.00153068,-44.9474,-5.99847
-42,-6,2.14281,0.00170898,0.0186888,-4.49324e-05,-2.02951e-05,0.0186888,-4.49549e-05,-0.00108335,0.00318243,108,156,2.1428,-0.00170506,-39.8572,-5.99829
-37,-6,2.23967,0.00192261,0.0198516,-5.48804e-05,-3.55857e-06,0.0198516,-5.48819e-05,-0.000178765,0.0041848,113,156,2.23967,-0.00192402,-34.7603,-5.99808
-32,-6,2.34151,0.00178528,0.0209459,-6.40501e-05,3.15513e-05,0.020946,-6.40983e-05,0.00150172,0.0048342,118,156,2.34151,-0.00178535,-29.6585,-5.99821
-27,-6,2.45477,0.00135803,0.0215186,-5.72304e-05,5.99688e-05,0.0215187,-5.73965e-05,0.00277942,0.00497408,123,156,2.45477,-0.00136207,-24.5452,-5.99864
-22,-6,2.5686,0.00106812,0.0213737,-2.26996e-05,7.03164e-05,0.0213739,-2.2931e-05,0.00328632,0.0048691,128,156,2.56861,-0.0010608,-19.4314,-5.99893
-17,-6,2.67621,0.000213623,0.0206073,2.49311e-05,4.38038e-05,0.0206074,2.48384e-05,0.0021282,0.00443838,133,156,2.6762,-0.000215587,-14.3238,-5.99979
-12,-6,2.77641,0.000579834,0.0195467,6.6048e-05,-1.04162e-05,0.0195467,6.60419e-05,-0.000534694,0.00353033,138,156,2.77641,-0.000584633,-9.22359,-5.99942
-7,-6,2.87292,0.00100708,0.0185896,8.26458e-05,-8.1086e-05,0.01859,8.22898e-05,-0.00438126,0.0026038,143,156,2.87292,-0.00100322,-4.12708,-5.99899
-2,-6,2.96216,-0.000579834,0.0180336,8.18406e-05,-0.000156155,0.018035,8.0483e-05,-0.00869772,0.00211074,148,156,2.96216,0.000587264,0.962158,-6.00058
3,-6,3.04906,-0.00239563,0.0180849,7.88494e-05,-0.000225687,0.0180877,7.60211e-05,-0.0125313,0.00251447,153,156,3.04906,0.0023932,6.04906,-6.0024
8,-6,3.1404,-0.00248718,0.0188137,8.0133e-05,-0.000249329,0.0188171,7.68146e-05,-0.0133061,0.00364476,158,156,3.1404,0.00248716,11.1404,-6.00249
13,-6,3.23645,-0.00390625,0.0199895,8.03699e-05,-0.000195225,0.0199914,7.84555e-05,-0.00980453,0.00481475,163,156,3.23645,0.00390238,16.2365,-6.00391
18,-6,3.34152,-0.00419617,0.0211369,7.1091e-05,-6.85797e-05,0.0211371,7.08681e-05,-0.00325545,0.00546953,168,156,3.34153,0.00420346,21.3415,-6.0042
23,-6,3.45459,-0.00154114,0.021769,5.21844e-05,7.62406e-05,0.0217693,5.19156e-05,0.00351061,0.00566179,173,156,3.45458,0.00154229,26.4546,-6.00154
28,-6,3.56799,0.000350952,0.0216007,3.88884e-05,0.000171095,0.0216021,3.75314e-05,0.00793441,0.00550796,178,156,3.568,-0.000355661,31.568,-5.99965
33,-6,3.67908,0.00149536,0.0207182,3.58008e-05,0.00018032,0.0207198,3.4228e-05,0.00871765,0.00498005,183,156,3.67908,-0.00149148,36.6791,-5.9985
38,-6,3.77936,0.000732422,0.0195364,4.64877e-05,0.000137121,0.0195374,4.5523e-05,0.00703504,0.00405124,188,156,3.77935,-0.000729424,41.7794,-5.99927
43,-6,3.87326,0.00112915,0.0185361,7.42665e-05,7.49338e-05,0.0185364,7.39628e-05,0.00405876,0.00304208,193,156,3.87326,-0.00112928,46.8733,-5.99887
48,-6,3.9615,0.00105286,0.0180855,0.000107158,1.50027e-05,0.0180855,0.000107145,0.000834489,0.00236232,198,156,3.9615,-0.0010553,51.9615,-5.99895
53,-6,4.0506,0.00123596,0.0183327,0.000136318,-3.91057e-05,0.0183328,0.000136234,-0.00214908,0.00253237,203,156,4.0506,-0.00123905,57.0506,-5.99876
58,-6,4.14217,0.000457764,0.0191506,0.000161194,-8.10866e-05,0.019151,0.000160849,-0.00426998,0.00332767,208,156,4.14217,-0.000462491,62.1422,-5.99954
63,-6,4.24219,0.000228882,0.0202139,0.000172679,-0.000105221,0.0202144,0.000172126,-0.00525006,0.00410799,213,156,4.24219,-0.000228068,67.2422,-5.99977
68,-6,4.34908,-0.00109863,0.0211067,0.000172182,-0.000100841,0.0211071,0.000171697,-0.00481685,0.00468368,218,156,4.34908,0.00109506,72.3491,-6.0011
73,-6,4.46004,-0.00180054,0.0215031,0.000155434,-6.69275e-05,0.0215033,0.000155224,-0.00313508,0.00492753,223,156,4.46003,0.00179352,77.46,-6.0018
78,-6,4.57098,-0.00172424,0.0212912,0.000126164,-2.06402e-05,0.0212912,0.000126144,-0.000975202,0.00481687,228,156,4.57098,0.00171667,82.571,-6.00172
83,-6,4.67876,-0.00190735,0.0205713,0.000100499,8.07595e-06,0.0205713,0.000100495,0.00039451,0.00429918,233,156,4.67875,0.00190853,87.6788,-6.00191
88,-6,4.78131,-0.000976563,0.0195876,8.80457e-05,1.08091e-05,0.0195876,8.80389e-05,0.000554326,0.00359866,238,156,4.78131,0.00098155,92.7813,-6.00098
93,-6,4.87668,-0.000900269,0.0186596,8.34679e-05,3.85292e-07,0.0186596,8.34689e-05,2.07412e-05,0.00283125,243,156,4.87669,0.000904689,97.8767,-6.0009
98,-6,4.96609,-0.00120544,0.0180947,8.16234e-05,-1.40281e-05,0.0180948,8.16118e-05,-0.000778768,0.00231263,248,156,4.9661,0.00121282,102.966,-6.00121
103,-6,5.0546,-0.000854492,0.0181131,8.03267e-05,-2.61384e-05,0.0181131,8.02884e-05,-0.00144949,0.00245342,253,156,5.0546,0.000847348,108.055,-6.00085
108,-6,5.14365,-0.00126648,0.0187403,8.67926e-05,-3.39953e-05,0.0187404,8.67303e-05,-0.00182245,0.00316533,258,156,5.14365,0.00126088,113.144,-6.00127
113,-6,5.23904,-0.00219727,0.0197321,0.000108487,-2.59853e-05,0.0197321,0.000108453,-0.00132418,0.00396307,263,156,5.23903,0.00219822,118.239,-6.0022
118,-6,5.34332,-0.00253296,0.0208574,0.000138495,7.77941e-06,0.0208574,0.000138492,0.000375474,0.00464772,268,156,5.34331,0.00253422,123.343,-6.00253
123,-6,5.45294,-0.00170898,0.0218086,0.000176281,7.90176e-05,0.0218089,0.000175992,0.00365269,0.00487218,273,156,5.45293,0.00170964,128.453,-6.00171
128,-6,5.56631,0.000457764,0,0,0,0,0,0,-1,278,156,5.5663,-0.000451471,133.566,-5.99954
-132,-11,0.340151,-0.00415039,0,0,0,0,0,0,-1,18,161,0.340151,0.00414652,-131.66,-11.0042
-127,-11,0.454235,-0.00411987,0.0223358,-3.66958e-05,9.92646e-05,0.0223362,-3.71365e-05,0.00443679,0.00563843,23,161,0.454236,0.00412618,-126.546,-11.0041
-122,-11,0.567251,-0.00305176,0.0217144,-0.00011334,5.61259e-05,0.0217145,-0.000113484,0.00257129,0.00568188,28,161,0.567252,0.00305253,-121.433,-11.0031
-117,-11,0.676662,-0.00123596,0.0207885,-0.000150861,1.36238e-05,0.0207885,-0.000150871,0.000650632,0.00520576,33,161,0.676664,0.00123148,-116.323,-11.0012
-112,-11,0.778954,-0.00128174,0.0196969,-0.000153498,-2.31562e-05,0.019697,-0.000153526,-0.00116653,0.00438491,38,161,0.778952,0.00128486,-111.221,-11.0013
-107,-11,0.876034,0.00012207,0.0186361,-0.000127329,-3.83413e-05,0.0186362,-0.000127407,-0.00204339,0.00328274,43,161,0.876033,-0.000114837,-106.124,-10.9999
-102,-11,0.963478,0.00105286,0.0179772,-9.85143e-05,-2.3466e-05,0.0179773,-9.85442e-05,-0.0012982,0.00247666,48,161,0.963476,-0.00105201,-101.037,-10.9989
-97,-11,1.05133,-4.57764e-05,0.0179987,-8.15671e-05,7.12797e-06,0.0179987,-8.15699e-05,0.000394241,0.00261599,53,161,1.05133,5.20501e-05,-95.9487,-11
-92,-11,1.13842,0.00125122,0.0187188,-7.42047e-05,3.65364e-05,0.0187189,-7.42748e-05,0.00194414,0.00343169,58,161,1.13842,-0.00124385,-90.8616,-10.9987
-87,-11,1.23525,0.00115967,0.0198676,-6.95335e-05,5.65247e-05,0.0198678,-6.96946e-05,0.00283512,0.00438357,63,161,1.23525,-0.00116197,-85.7647,-10.9988
-82,-11,1.34022,-4.57764e-05,0.0210136,-5.69291e-05,6.68508e-05,0.0210138,-5.71422e-05,0.00317267,0.00514682,68,161,1.34022,4.75137e-05,-80.6598,-11
-77,-11,1.45122,0.000549316,0.0217283,-4.38405e-05,8.57904e-05,0.0217287,-4.41791e-05,0.00394029,0.00538544,73,161,1.45122,-0.000556132,-75.5488,-10.9995
-72,-11,1.56566,-0.00012207,0.0217468,-3.73731e-05,0.000105248,0.0217473,-3.78825e-05,0.00483126,0.00522204,78,161,1.56566,0.000118284,-70.4343,-11.0001
-67,-11,1.67782,0.00169373,0.0210592,-3.64325e-05,9.4385e-05,0.0210596,-3.68552e-05,0.00447403,0.00453885,83,161,1.67782,-0.00170102,-65.3222,-10.9983
-62,-11,1.7827,0.00192261,0.0198885,-3.25104e-05,5.56787e-05,0.0198886,-3.26661e-05,0.00279495,0.00380596,88,161,1.7827,-0.00192163,-60.2173,-10.9981
-57,-11,1.88076,0.00192261,0.0186907,-2.19791e-05,5.73473e-06,0.0186907,-2.19811e-05,0.000306461,0.00312778,93,161,1.88076,-0.00192019,-55.1192,-10.9981
-52,-11,1.96796,0.00125122,0.0179671,-1.44256e-06,-2.73267e-05,0.0179672,-1.4836e-06,-0.0015208,0.00258354,98,161,1.96796,-0.0012516,-50.032,-10.9987
-47,-11,2.05317,0.00170898,0.0179685,1.7376e-05,-4.02034e-05,0.0179685,1.72863e-05,-0.0022396,0.00249405,103,161,2.05317,-0.00170928,-44.9468,-10.9983
-42,-11,2.14317,0.00152588,0.0186623,2.22654e-05,-3.84096e-05,0.0186624,2.21869e-05,-0.00206058,0.00313401,108,161,2.14317,-0.00152947,-39.8568,-10.9985
-37,-11,2.24084,0.00209045,0.0197699,1.25144e-05,-2.46886e-05,0.0197699,1.24844e-05,-0.00124959,0.0041954,113,161,2.24084,-0.00209033,-34.7592,-10.9979
-32,-11,2.34086,0.00201416,0.0208493,-8.387e-06,7.03709e-06,0.0208494,-8.39029e-06,0.000337385,0.00490048,118,161,2.34086,-0.00201433,-29.6591,-10.998
-27,-11,2.45335,0.0012207,0.0214736,-2.76719e-05,3.03056e-05,0.0214736,-2.77143e-05,0.00140948,0.00498753,123,161,2.45334,-0.00121818,-24.5467,-10.9988
-22,-11,2.56708,0.000991821,0.0214129,-2.82625e-05,3.07471e-05,0.0214129,-2.83057e-05,0.00143402,0.00477811,128,161,2.56708,-0.000992498,-19.4329,-10.999
-17,-11,2.67557,-0.000244141,0.0207045,-1.32654e-05,-5.9545e-06,0.0207045,-1.32676e-05,-0.00028741,0.00429592,133,161,2.67557,0.000237091,-14.3244,-11.0002
-12,-11,2.77625,-0.00038147,0.0196512,6.83617e-06,-6.69106e-05,0.0196514,6.60773e-06,-0.00340604,0.00347022,138,161,2.77624,0.000379107,-9.22375,-11.0004
-7,-11,2.87378,6.10352e-05,0.0186822,9.39508e-06,-0.000130889,0.0186831,8.47783e-06,-0.00700913,0.00257953,143,161,2.87378,-6.73682e-05,-4.12622,-10.9999
-2,-11,2.9631,-0.00125122,0.0181201,-2.62381e-06,-0.000182921,0.018122,-4.47035e-06,-0.0100921,0.0020401,148,161,2.96311,0.00125061,0.963104,-11.0013
3,-11,3.05083,-0.00233459,0.0181573,-1.68883e-05,-0.000216405,0.0181599,-1.94646e-05,-0.011905,0.00234674,153,161,3.05083,0.00233481,6.05083,-11.0023
8,-11,3.14272,-0.00263977,0.0188287,-2.06711e-05,-0.000204184,0.0188309,-2.28835e-05,-0.0108307,0.00333149,158,161,3.14272,0.00263877,11.1427,-11.0026
13,-11,3.23869,-0.00350952,0.0199126,-1.18222e-05,-0.000127066,0.0199135,-1.26325e-05,-0.00637705,0.00441124,163,161,3.23869,0.00350243,16.2387,-11.0035
18,-11,3.34238,-0.00325012,0.0209822,3.01113e-06,-3.55788e-06,0.0209822,3.01097e-06,-0.000169591,0.00513142,168,161,3.34238,0.00325748,21.3424,-11.0033
23,-11,3.45337,-0.00172424,0.0215955,1.64214e-05,0.000115424,0.0215961,1.58036e-05,0.00534869,0.00538426,173,161,3.45338,0.00172978,26.4534,-11.0017
28,-11,3.56622,0.000350952,0.0214839,2.91229e-05,0.000175829,0.0214854,2.76817e-05,0.00819457,0.00519429,178,161,3.56623,-0.0003456,31.5662,-10.9996
33,-11,3.677,0.00141907,0.0206958,3.81582e-05,0.000156972,0.020697,3.69651e-05,0.00759812,0.0046913,183,161,3.677,-0.00142396,36.677,-10.9986
38,-11,3.77811,0.000518799,0.0195908,4.82324e-05,9.27641e-05,0.0195912,4.77927e-05,0.00474664,0.00385889,188,161,3.7781,-0.000521951,41.7781,-10.9995
43,-11,3.87331,0.000961304,0.0186247,7.85169e-05,2.5445e-05,0.0186247,7.84807e-05,0.00137198,0.00296646,193,161,3.87331,-0.000961284,46.8733,-10.999
48,-11,3.9623,3.05176e-05,0.0181644,0.000119014,-2.29504e-05,0.0181645,0.000118985,-0.00127181,0.00231603,198,161,3.9623,-2.5307e-05,51.9623,-11
53,-11,4.05203,-0.000106812,0.0183774,0.000159935,-5.31408e-05,0.0183775,0.00015978,-0.002917,0.00250304,203,161,4.05203,0.000107714,57.052,-11.0001
58,-11,4.14313,-0.000610352,0.0191626,0.000191575,-6.78764e-05,0.0191628,0.000191332,-0.00357784,0.00331474,208,161,4.14313,0.000602982,62.1431,-11.0006
63,-11,4.2426,-0.000564575,0.0202026,0.000203935,-6.9012e-05,0.0202028,0.000203697,-0.00345078,0.00414239,213,161,4.2426,0.000571051,67.2426,-11.0006
68,-11,4.34947,-0.00167847,0.0210792,0.000201785,-5.17409e-05,0.0210793,0.000201657,-0.00247831,0.00466179,218,161,4.34948,0.00167498,72.3495,-11.0017
73,-11,4.45984,-0.00196838,0.0214723,0.000179979,-1.60475e-05,0.0214723,0.000179968,-0.000753678,0.00486601,223,161,4.45984,0.00197532,77.4598,-11.002
78,-11,4.57079,-0.00213623,0.0212739,0.000142562,2.29229e-05,0.0212739,0.000142536,0.00108478,0.00473051,228,161,4.57079,0.00214019,82.5708,-11.0021
83,-11,4.67799,-0.00196838,0.0205752,0.000102584,4.03611e-05,0.0205753,0.000102503,0.00197146,0.00413254,233,161,4.678,0.00196192,87.678,-11.002
88,-11,4.78101,-0.00151062,0.0196017,7.14993e-05,3.62753e-05,0.0196018,7.14324e-05,0.00185739,0.00345775,238,161,4.781,0.00151444,92.781,-11.0015
93,-11,4.87685,-0.00177002,0.0186673,4.65665e-05,2.3558e-05,0.0186673,4.65363e-05,0.00126515,0.00276401,243,161,4.87685,0.00177347,97.8768,-11.0018
98,-11,4.96577,-0.00175476,0.0180906,3.25587e-05,5.68914e-06,0.0180906,3.25572e-05,0.000315048,0.00230438,248,161,4.96577,0.00175581,102.966,-11.0018
103,-11,5.05438,-0.00105286,0.0181104,2.40158e-05,-1.81155e-05,0.0181104,2.39965e-05,-0.00100161,0.00252514,253,161,5.05438,0.00105864,108.054,-11.0011
108,-11,5.14313,-0.00180054,0.0187493,2.50251e-05,-4.35866e-05,0.0187494,2.49231e-05,-0.00232779,0.00330154,258,161,5.14314,0.00179301,113.143,-11.0018
113,-11,5.23825,-0.00280762,0.0197353,3.89518e-05,-5.41509e-05,0.0197354,3.88026e-05,-0.00274926,0.00399805,263,161,5.23824,0.002803,118.238,-11.0028
118,-11,5.34372,-0.00341797,0.0208247,6.02601e-05,-3.42107e-05,0.0208248,6.02035e-05,-0.00164756,0.00463442,268,161,5.34372,0.00342036,123.344,-11.0034
123,-11,5.45261,-0.00271606,0.0216978,9.85462e-05,2.9169e-05,0.0216978,9.85079e-05,0.00135046,0.00485898,273,161,5.45261,0.0027212,128.453,-11.0027
128,-11,5.56564,-0.000656128,0,0,0,0,0,0,-1,278,161,5.56564,0.000659567,133.566,-11.0007
-132,-16,0.339781,-0.00308228,0,0,0,0,0,0,-1,18,166,0.339781,0.00308027,-131.66,-16.0031
-127,-16,0.453419,-0.00151062,0.0224714,-0.00018911,0.000160361,0.0224725,-0.000190245,0.00707623,0.00564264,23,166,0.453419,0.00150665,-126.547,-16.0015
-122,-16,0.567205,0.000747681,0.0218027,-0.000180123,7.58035e-05,0.0218029,-0.000180385,0.00344826,0.00567806,28,166,0.567206,-0.000753208,-121.433,-15.9993
-117,-16,0.676315,0.00172424,0.0208463,-0.000162248,-1.03092e-06,0.0208463,-0.000162248,-4.90712e-05,0.00519397,33,166,0.676315,-0.00172548,-116.324,-15.9983
-112,-16,0.77993,0.00112915,0.0197247,-0.000132667,-5.75232e-05,0.0197249,-0.000132834,-0.00289678,0.00433234,38,166,0.779931,-0.00113453,-111.22,-15.9989
-107,-16,0.877235,0.0017395,0.0186223,-9.83276e-05,-7.61847e-05,0.0186226,-9.86373e-05,-0.00406948,0.00322307,43,166,0.877235,-0.00174241,-106.123,-15.9983
-102,-16,0.964592,0.00154114,0.0179266,-7.20621e-05,-5.84079e-05,0.0179268,-7.22511e-05,-0.00324507,0.00239784,48,166,0.964591,-0.00153666,-101.035,-15.9985
-97,-16,1.05175,0.000213623,0.017933,-5.89262e-05,-2.95218e-05,0.017933,-5.89751e-05,-0.00164083,0.00255841,53,166,1.05175,-0.000218135,-95.9483,-15.9998
-92,-16,1.13911,0.00193787,0.0186634,-6.10549e-05,-1.06262e-05,0.0186634,-6.10622e-05,-0.000567503,0.00341746,58,166,1.13911,-0.001945,-90.8609,-15.9981
-87,-16,1.2355,0.00190735,0.0198317,-7.21476e-05,-3.87528e-06,0.0198317,-7.21486e-05,-0.0001947,0.00434111,63,166,1.2355,-0.00190314,-85.7645,-15.9981
-82,-16,1.33991,0.000686646,0.0209905,-7.84976e-05,-2.00442e-06,0.0209905,-7.84984e-05,-9.51362e-05,0.00509131,68,166,1.33991,-0.000691399,-80.6601,-15.9993
-77,-16,1.45113,0.00189209,0.0217097,-7.50166e-05,1.69344e-05,0.0217097,-7.50292e-05,0.00077735,0.00533537,73,166,1.45113,-0.00188868,-75.5489,-15.9981
-72,-16,1.56597,0.000854492,0.0217359,-5.80228e-05,4.55407e-05,0.021736,-5.81183e-05,0.0020896,0.00520521,78,166,1.56597,-0.000860312,-70.434,-15.9991
-67,-16,1.67701,0.00196838,0.0210648,-3.60423e-05,5.70011e-05,0.0210649,-3.61959e-05,0.00270134,0.00452784,83,166,1.67701,-0.00197266,-65.323,-15.998
-62,-16,1.78239,0.00219727,0.0199216,-1.54014e-05,4.30334e-05,0.0199217,-1.54953e-05,0.00215845,0.00371545,88,166,1.78239,-0.00220157,-60.2176,-15.9978
-57,-16,1.88057,0.00186157,0.0187456,8.07681e-06,6.6858e-06,0.0187456,8.07364e-06,0.000356813,0.00301183,93,166,1.88057,-0.00185868,-55.1194,-15.9981
-52,-16,1.96812,0.00117493,0.0180258,3.89661e-05,-2.74311e-05,0.0180259,3.89246e-05,-0.00152505,0.00251266,98,166,1.96811,-0.00116909,-50.0319,-15.9988
-47,-16,2.05407,0.00135803,0.0180092,7.20164e-05,-4.34857e-05,0.0180093,7.19102e-05,-0.00242431,0.00240979,103,166,2.05407,-0.00135524,-44.9459,-15.9986
-42,-16,2.14341,0.00105286,0.0186613,9.17399e-05,-4.72034e-05,0.0186614,9.16189e-05,-0.00254196,0.0030199,108,166,2.14341,-0.00104642,-39.8566,-15.9989
-37,-16,2.24158,0.00163269,0.0197149,8.96685e-05,-4.07829e-05,0.0197149,8.9583e-05,-0.00207808,0.00404198,113,166,2.24158,-0.00162539,-34.7584,-15.9984
-32,-16,2.34104,0.00161743,0.0207702,6.53259e-05,-2.09828e-05,0.0207702,6.53053e-05,-0.00101342,0.00484766,118,166,2.34104,-0.00161947,-29.659,-15.9984
-27,-16,2.45201,0.000610352,0.0214341,2.55882e-05,-6.28231e-06,0.0214341,2.55872e-05,-0.000293449,0.00497419,123,166,2.45201,-0.000613651,-24.548,-15.9994
-22,-16,2.56525,0.000854492,0.0214534,-1.11062e-05,-1.24408e-05,0.0214534,-1.11144e-05,-0.000579597,0.00471698,128,166,2.56524,-0.00086143,-19.4348,-15.9991
-17,-16,2.67633,-0.000274658,0.0208065,-3.30249e-05,-4.87798e-05,0.0208066,-3.31383e-05,-0.00234072,0.00421211,133,166,2.67633,0.000275722,-14.3237,-16.0003
-12,-16,2.77763,-0.000640869,0.0197566,-3.87743e-05,-0.000105298,0.0197571,-3.93344e-05,-0.00531915,0.00345788,138,166,2.77764,0.000636481,-9.22237,-16.0006
-7,-16,2.87514,0.000289917,0.0187479,-4.99036e-05,-0.000154283,0.0187492,-5.11697e-05,-0.00820674,0.00263705,143,166,2.87514,-0.000293604,-4.12486,-15.9997
-2,-16,2.96477,-0.00106812,0.0181421,-6.94868e-05,-0.000182391,0.0181439,-7.13123e-05,-0.0100138,0.00207584,148,166,2.96477,0.00106898,0.964767,-16.0011
3,-16,3.05243,-0.00125122,0.0181497,-9.25665e-05,-0.000185476,0.0181516,-9.4451e-05,-0.010166,0.00234085,153,166,3.05243,0.00125307,6.05243,-16.0013
8,-16,3.14261,-0.00242615,0.0187863,-0.000101804,-0.000151941,0.0187875,-0.000103027,-0.0080436,0.00320642,158,166,3.1426,0.00242491,11.1426,-16.0024
13,-16,3.23915,-0.00369263,0.0198301,-8.84112e-05,-7.06376e-05,0.0198303,-8.8661e-05,-0.00354628,0.00418986,163,166,3.23914,0.00369733,16.2392,-16.0037
18,-16,3.34293,-0.0032196,0.0208735,-5.55258e-05,3.5e-05,0.0208736,-5.55841e-05,0.00167231,0.00484367,168,166,3.34292,0.00321932,21.3429,-16.0032
23,-16,3.45448,-0.00262451,0.0214896,-1.55573e-05,0.000124316,0.0214903,-1.62758e-05,0.00578052,0.00514885,173,166,3.45448,0.00262422,26.4545,-16.0026
28,-16,3.56567,-0.000274658,0.0214221,1.95498e-05,0.000158035,0.0214232,1.83834e-05,0.00738341,0.00499003,178,166,3.56568,0.000267731,31.5657,-16.0003
33,-16,3.67574,0.000930786,0.0206993,4.20778e-05,0.000127829,0.0207001,4.12865e-05,0.00618776,0.00452554,183,166,3.67574,-0.000937844,36.6757,-15.9991
38,-16,3.77725,0.000534058,0.01964,5.39965e-05,6.02402e-05,0.0196402,5.38109e-05,0.00307563,0.0037651,188,166,3.77726,-0.00053109,41.7773,-15.9995
43,-16,3.87367,0.000976563,0.0186846,7.89043e-05,-2.04326e-06,0.0186846,7.89035e-05,-0.000109819,0.00294677,193,166,3.87367,-0.000983384,46.8737,-15.999
48,-16,3.96236,-0.000473022,0.0182051,0.00011036,-3.9088e-05,0.0182052,0.000110275,-0.00216017,0.00236074,198,166,3.96236,0.000468719,51.9624,-16.0005
53,-16,4.052,-0.00109863,0.0183864,0.000143626,-5.51594e-05,0.0183866,0.00014346,-0.0030236,0.00254437,203,166,4.052,0.00110191,57.052,-16.0011
58,-16,4.14279,-0.00141907,0.0191514,0.000165213,-5.64152e-05,0.0191516,0.000165045,-0.00297134,0.00335342,208,166,4.14279,0.00142388,62.1428,-16.0014
63,-16,4.24176,-0.0018158,0.020185,0.000166334,-4.77991e-05,0.0201851,0.000166221,-0.00238771,0.00413196,213,166,4.24177,0.00181712,67.2418,-16.0018
68,-16,4.34865,-0.00367737,0.0210644,0.00014973,-2.47113e-05,0.0210644,0.000149701,-0.00118153,0.00457085,218,166,4.34865,0.00368391,72.3486,-16.0037
73,-16,4.45897,-0.00375366,0.0214649,0.000115216,1.18963e-05,0.021465,0.000115209,0.000557213,0.00471047,223,166,4.45898,0.0037545,77.459,-16.0038
78,-16,4.57101,-0.00411987,0.0212759,7.03627e-05,4.87005e-05,0.021276,7.02515e-05,0.00229658,0.00466031,228,166,4.57101,0.00411671,82.571,-16.0041
83,-16,4.67755,-0.00312805,0.0205854,2.51875e-05,6.23115e-05,0.0205856,2.49976e-05,0.00303064,0.00404589,233,166,4.67755,0.00312486,87.6776,-16.0031
88,-16,4.78038,-0.00259399,0.0196118,-9.77466e-06,5.69608e-05,0.0196119,-9.94094e-06,0.00290294,0.00338302,238,166,4.78038,0.00259665,92.7804,-16.0026
93,-16,4.87695,-0.00231934,0.0186722,-3.50974e-05,4.16721e-05,0.0186723,-3.5191e-05,0.00222758,0.00268113,243,166,4.87695,0.00231611,97.877,-16.0023
98,-16,4.96568,-0.00180054,0.0180978,-4.3033e-05,1.67358e-05,0.0180978,-4.30485e-05,0.000922545,0.00225027,248,166,4.96568,0.0017977,102.966,-16.0018
103,-16,5.05408,-0.00105286,0.018131,-4.49502e-05,-2.078e-05,0.0181311,-4.49726e-05,-0.00114326,0.00248554,253,166,5.05409,0.00104719,108.054,-16.0011
108,-16,5.14377,-0.00195313,0.0187808,-4.5872e-05,-5.98918e-05,0.018781,-4.60614e-05,-0.00318118,0.00328116,258,166,5.14376,0.00196029,113.144,-16.002
113,-16,5.24014,-0.00262451,0.0197527,-5.07411e-05,-8.0685e-05,0.019753,-5.10691e-05,-0.0040742,0.00398614,263,166,5.24014,0.00262507,118.24,-16.0026
118,-16,5.34448,-0.00379944,0.0207923,-6.014e-05,-6.68092e-05,0.0207925,-6.03534e-05,-0.00320386,0.00449002,268,166,5.34447,0.00380381,123.344,-16.0038
123,-16,5.45306,-0.00462341,0.0215977,-5.99885e-05,-9.44539e-06,0.0215977,-5.99921e-05,-0.000436122,0.00475097,273,166,5.45307,0.00462528,128.453,-16.0046
128,-16,5.5647,-0.00379944,0,0,0,0,0,0,-1,278,166,5.5647,0.00379407,133.565,-16.0038
-132,-21,0.341303,-0.00213623,0,0,0,0,0,0,-1,18,171,0.341302,0.00213617,-131.659,-21.0021
-127,-21,0.454639,-0.000762939,0.0225418,-0.000231662,0.000129682,0.0225425,-0.000232401,0.00569419,0.00541468,23,171,0.454639,0.000756733,-126.545,-21.0008
-122,-21,0.567389,0.00108337,0.0218791,-0.000148506,3.73556e-05,0.0218791,-0.00014857,0.00169585,0.00546454,28,171,0.567388,-0.00108655,-121.433,-20.9989
-117,-21,0.676559,0.00189209,0.0209057,-9.27356e-05,-3.90147e-05,0.0209058,-9.28082e-05,-0.00185797,0.00509071,33,171,0.67656,-0.00189139,-116.323,-20.9981
-112,-21,0.781193,0.00161743,0.0197442,-5.11874e-05,-8.4882e-05,0.0197445,-5.15515e-05,-0.00428787,0.00429895,38,171,0.781191,-0.00161079,-111.219,-20.9984
-107,-21,0.878613,0.00202942,0.0186011,-3.05403e-05,-8.76028e-05,0.0186015,-3.09525e-05,-0.0047017,0.00322543,43,171,0.878614,-0.00203668,-106.121,-20.998
-102,-21,0.965584,0.00154114,0.0178859,-2.01989e-05,-6.07894e-05,0.0178862,-2.04053e-05,-0.00339484,0.00238561,48,171,0.965585,-0.00154482,-101.034,-20.9985
-97,-21,1.05196,0.000976563,0.0178984,-1.25586e-05,-3.61729e-05,0.0178985,-1.26315e-05,-0.00201958,0.00249625,53,171,1.05196,-0.000981733,-95.948,-20.999
-92,-21,1.14019,0.00270081,0.0186463,-1.64425e-05,-3.04029e-05,0.0186464,-1.64928e-05,-0.00162906,0.00347862,58,171,1.14019,-0.00269656,-90.8598,-20.9973
-87,-21,1.23569,0.0025177,0.0198212,-3.02397e-05,-3.91885e-05,0.0198213,-3.03173e-05,-0.00197408,0.00448618,63,171,1.23569,-0.00251252,-85.7643,-20.9975
-82,-21,1.34039,0.00132751,0.020972,-4.71039e-05,-4.75903e-05,0.0209721,-4.72125e-05,-0.00226414,0.00500827,68,171,1.34039,-0.00132676,-80.6596,-20.9987
-77,-21,1.451,0.00242615,0.0216753,-5.49935e-05,-3.46606e-05,0.0216753,-5.50477e-05,-0.00159503,0.00519199,73,171,1.451,-0.00243129,-75.549,-20.9976
-72,-21,1.56586,0.00134277,0.0216866,-3.912e-05,-2.18578e-06,0.0216866,-3.91193e-05,-0.000100608,0.00504451,78,171,1.56586,-0.0013443,-70.4341,-20.9987
-67,-21,1.67693,0.00230408,0.0210176,-1.39742e-05,2.78805e-05,0.0210176,-1.40108e-05,0.00132565,0.00448746,83,171,1.67692,-0.00230313,-65.3231,-20.9977
-62,-21,1.78144,0.0027771,0.0199092,7.64374e-06,3.56418e-05,0.0199093,7.58003e-06,0.0017909,0.00371195,88,171,1.78144,-0.0027756,-60.2186,-20.9972
-57,-21,1.87984,0.00236511,0.0187812,3.25487e-05,1.20025e-05,0.0187812,3.25404e-05,0.000640178,0.00298758,93,171,1.87983,-0.00237256,-55.1202,-20.9976
-52,-21,1.96802,0.00108337,0.0180919,6.41397e-05,-2.23461e-05,0.0180919,6.41122e-05,-0.00123954,0.00244862,98,171,1.96802,-0.00107747,-50.032,-20.9989
-47,-21,2.05491,0.000518799,0.0180746,0.000102931,-4.23402e-05,0.0180747,0.00010283,-0.00235592,0.00232448,103,171,2.05491,-0.000514519,-44.9451,-20.9995
-42,-21,2.14403,0.00050354,0.0186949,0.000134663,-4.91115e-05,0.0186951,0.000134534,-0.00264603,0.0029468,108,171,2.14403,-0.00051006,-39.856,-20.9995
-37,-21,2.24277,0.0014801,0.0197016,0.000139532,-4.53968e-05,0.0197017,0.000139427,-0.00232064,0.00390334,113,171,2.24277,-0.0014776,-34.7572,-20.9985
-32,-21,2.34236,0.00192261,0.0207252,0.000114607,-3.41653e-05,0.0207253,0.00011455,-0.00165765,0.00479523,118,171,2.34236,-0.00191745,-29.6576,-20.9981
-27,-21,2.45233,0.00178528,0.021405,6.30645e-05,-2.39678e-05,0.0214051,6.30384e-05,-0.00112304,0.00499968,123,171,2.45233,-0.00177925,-24.5477,-20.9982
-22,-21,2.56444,0.00260925,0.0214793,4.33038e-06,-3.15557e-05,0.0214793,4.28408e-06,-0.00146941,0.00477079,128,171,2.56444,-0.00261635,-19.4356,-20.9974
-17,-21,2.67612,0.00195313,0.0208816,-3.77365e-05,-6.15222e-05,0.0208818,-3.79179e-05,-0.00294089,0.00428162,133,171,2.67611,-0.00194644,-14.3239,-20.998
-12,-21,2.77948,0.00062561,0.0198345,-5.64585e-05,-0.000107513,0.0198351,-5.70398e-05,-0.00540493,0.0035257,138,171,2.77947,-0.000624736,-9.22052,-20.9994
-7,-21,2.87679,0.00137329,0.018781,-6.88003e-05,-0.000140142,0.018782,-6.98417e-05,-0.00743412,0.00279252,143,171,2.87679,-0.00137775,-4.12321,-20.9986
-2,-21,2.96648,-0.000152588,0.0181201,-8.5027e-05,-0.000150642,0.0181214,-8.6274e-05,-0.00827392,0.00221992,148,171,2.96648,0.000155516,0.966476,-21.0002
3,-21,3.05415,7.62939e-05,0.0180954,-0.000110971,-0.000139135,0.0180965,-0.000112034,-0.00764148,0.00239015,153,171,3.05415,-7.3945e-05,6.05415,-20.9999
8,-21,3.14403,-0.00140381,0.0187165,-0.000128765,-0.000105962,0.0187171,-0.000129361,-0.00562253,0.00317946,158,171,3.14402,0.00139856,11.144,-21.0014
13,-21,3.23946,-0.00253296,0.0197556,-0.000123316,-4.13525e-05,0.0197556,-0.000123403,-0.00208021,0.00418579,163,171,3.23945,0.00252798,16.2395,-21.0025
18,-21,3.34242,-0.00192261,0.0208069,-8.92688e-05,3.75276e-05,0.020807,-8.93362e-05,0.0017959,0.00480846,168,171,3.34242,0.00192619,21.3424,-21.0019
23,-21,3.45192,-0.00196838,0.0214376,-3.69797e-05,0.000102283,0.021438,-3.74662e-05,0.00476286,0.00512992,173,171,3.45191,0.00197237,26.4519,-21.002
28,-21,3.5659,0.00012207,0.021397,1.39467e-05,0.000122218,0.0213977,1.3249e-05,0.00571541,0.00496322,178,171,3.5659,-0.00012856,31.5659,-20.9999
33,-21,3.67499,0.000747681,0.0207072,4.99149e-05,9.46207e-05,0.0207076,4.94821e-05,0.00458038,0.00450002,183,171,3.67499,-0.000745442,36.675,-20.9993
38,-21,3.7766,0.000152588,0.0196677,6.74311e-05,3.70186e-05,0.0196678,6.73616e-05,0.00188867,0.00376983,188,171,3.7766,-0.000155559,41.7766,-20.9998
43,-21,3.87437,0.000534058,0.0187169,8.10206e-05,-1.42603e-05,0.0187169,8.10102e-05,-0.000765211,0.00293815,193,171,3.87438,-0.00053536,46.8744,-20.9995
48,-21,3.96178,-0.000930786,0.0182295,8.99707e-05,-4.41254e-05,0.0182296,8.98633e-05,-0.00243254,0.00242149,198,171,3.96178,0.00093666,51.9618,-21.0009
53,-21,4.05125,-0.00230408,0.0183951,9.75058e-05,-5.83084e-05,0.0183953,9.73195e-05,-0.00318663,0.00258462,203,171,4.05125,0.00229885,57.0513,-21.0023
58,-21,4.14255,-0.00241089,0.0191506,9.20426e-05,-6.02676e-05,0.0191508,9.18526e-05,-0.00316219,0.00335011,208,171,4.14254,0.00240717,62.1425,-21.0024
63,-21,4.24152,-0.00296021,0.0201793,6.74516e-05,-5.06424e-05,0.0201795,6.73244e-05,-0.00251801,0.00412807,213,171,4.24152,0.00296114,67.2415,-21.003
68,-21,4.34776,-0.00473022,0.0210609,2.30158e-05,-2.37048e-05,0.0210609,2.29906e-05,-0.00112677,0.0046051,218,171,4.34776,0.0047272,72.3478,-21.0047
73,-21,4.45853,-0.00393677,0.0214669,-3.02741e-05,1.60761e-05,0.0214669,-3.02857e-05,0.000747822,0.0046318,223,171,4.45852,0.00393017,77.4585,-21.0039
78,-21,4.56999,-0.00411987,0.0212812,-7.76883e-05,5.38602e-05,0.0212814,-7.7825e-05,0.00252165,0.00452525,228,171,4.56999,0.00411872,82.57,-21.0041
83,-21,4.67769,-0.00212097,0.0205921,-0.000109992,6.56695e-05,0.0205923,-0.0001102,0.00317207,0.00403509,233,171,4.67768,0.00211635,87.6777,-21.0021
88,-21,4.77953,-0.00152588,0.0196157,-0.000123812,5.73184e-05,0.0196158,-0.000123979,0.00290371,0.00341116,238,171,4.77952,0.00152381,92.7795,-21.0015
93,-21,4.87721,-0.00131226,0.0186762,-0.000121364,3.58941e-05,0.0186763,-0.000121433,0.0019095,0.00266116,243,171,4.87721,0.00131202,97.8772,-21.0013
98,-21,4.9655,-0.00106812,0.0181155,-0.000101269,4.1282e-06,0.0181155,-0.000101271,0.000226616,0.00220846,248,171,4.9655,0.00106292,102.965,-21.0011
103,-21,5.05322,-0.000747681,0.018167,-7.98748e-05,-3.70091e-05,0.0181671,-7.99485e-05,-0.00202823,0.00234907,253,171,5.05323,0.000746608,108.053,-21.0007
108,-21,5.14365,-0.00172424,0.0188196,-7.15863e-05,-7.31275e-05,0.0188199,-7.18702e-05,-0.00387091,0.0031545,258,171,5.14365,0.00172539,113.144,-21.0017
113,-21,5.24078,-0.00227356,0.0197658,-8.90586e-05,-8.56324e-05,0.0197662,-8.94284e-05,-0.00431281,0.00391094,263,171,5.24078,0.00227041,118.241,-21.0023
118,-21,5.34476,-0.00202942,0.0207447,-0.000127154,-6.38454e-05,0.0207449,-0.000127349,-0.00305889,0.00445886,268,171,5.34476,0.00203271,123.345,-21.002
123,-21,5.45349,-0.00204468,0.0214933,-0.000174897,-4.09143e-06,0.0214933,-0.000174898,-0.000188822,0.00472185,273,171,5.45348,0.00204475,128.453,-21.002
128,-21,5.56531,-0.000549316,0,0,0,0,0,0,-1,278,171,5.56531,0.000546456,133.565,-21.0005
-132,-26,0.340183,-0.000228882,0,0,0,0,0,0,-1,18,176,0.340183,0.000235504,-131.66,-26.0002
-127,-26,0.45351,0.000732422,0.0226022,-0.000191541,4.23811e-05,0.0226023,-0.00019162,0.00185932,0.00519878,23,176,0.453511,-0.000727829,-126.546,-25.9993
-122,-26,0.568352,0.00146484,0.0219529,-6.94088e-05,-3.25879e-05,0.0219529,-6.9458e-05,-0.00147977,0.0052562,28,176,0.568352,-0.00147173,-121.432,-25.9985
-117,-26,0.678429,0.00149536,0.0209447,-4.64945e-06,-7.81756e-05,0.020945,-4.94067e-06,-0.00373157,0.00495536,33,176,0.678428,-0.00150291,-116.322,-25.9985
-112,-26,0.783566,0.00160217,0.0197343,2.43249e-05,-8.94353e-05,0.0197347,2.39192e-05,-0.00453744,0.00430615,38,176,0.783567,-0.0016026,-111.216,-25.9984
-107,-26,0.880688,0.00132751,0.0185593,1.75877e-05,-6.71792e-05,0.0185595,1.7344e-05,-0.00362308,0.00334004,43,176,0.880688,-0.00133192,-106.119,-25.9987
-102,-26,0.965755,0.000686646,0.0178502,9.91246e-06,-3.42442e-05,0.0178502,9.84687e-06,-0.00191948,0.00253887,48,176,0.965755,-0.000679529,-101.034,-25.9993
-97,-26,1.0522,0.00120544,0.0178937,1.80448e-05,-1.67691e-05,0.0178937,1.80295e-05,-0.000938096,0.00263627,53,176,1.0522,-0.0012073,-95.9478,-25.9988
-92,-26,1.14146,0.00196838,0.0186659,2.71293e-05,-1.98714e-05,0.0186659,2.7108e-05,-0.00106613,0.00363958,58,176,1.14146,-0.00197213,-90.8585,-25.998
-87,-26,1.23706,0.00221252,0.0198347,3.21002e-05,-3.61526e-05,0.0198347,3.20347e-05,-0.00182564,0.00460222,63,176,1.23706,-0.00221108,-85.7629,-25.9978
-82,-26,1.34195,0.00241089,0.0209577,2.77121e-05,-4.97727e-05,0.0209578,2.75942e-05,-0.00237804,0.00512959,68,176,1.34195,-0.00241144,-80.6581,-25.9976
-77,-26,1.4528,0.00361633,0.021628,2.31986e-05,-4.59598e-05,0.0216281,2.31015e-05,-0.00212728,0.00528481,73,176,1.4528,-0.00361645,-75.5472,-25.9964
-72,-26,1.56669,0.00250244,0.0216111,3.48788e-05,-1.86925e-05,0.0216111,3.48622e-05,-0.000866349,0.00507567,78,176,1.56669,-0.00250332,-70.4333,-25.9975
-67,-26,1.67691,0.00230408,0.0209384,4.5123e-05,1.52353e-05,0.0209384,4.51114e-05,0.000729196,0.00454166,83,176,1.67691,-0.00230811,-65.3231,-25.9977
-62,-26,1.78042,0.00227356,0.0198687,4.67402e-05,2.87598e-05,0.0198687,4.66974e-05,0.0014509,0.00376229,88,176,1.78042,-0.00226786,-60.2196,-25.9977
-57,-26,1.87788,0.00213623,0.0188014,5.28851e-05,9.23992e-06,0.0188014,5.28796e-05,0.000492834,0.00296504,93,176,1.87788,-0.00213342,-55.1221,-25.9979
-52,-26,1.96715,0.000411987,0.0181576,6.96234e-05,-2.37059e-05,0.0181576,6.95931e-05,-0.00131059,0.00233882,98,176,1.96715,-0.000417181,-50.0329,-25.9996
-47,-26,2.05539,-0.000579834,0.0181516,0.00010167,-4.22465e-05,0.0181517,0.000101572,-0.00234052,0.00224783,103,176,2.05539,0.000583669,-44.9446,-26.0006
-42,-26,2.14466,-0.00050354,0.0187503,0.00013662,-4.37193e-05,0.0187504,0.000136517,-0.00234876,0.00288279,108,176,2.14466,0.000508462,-39.8553,-26.0005
-37,-26,2.24309,-0.000320435,0.019721,0.000144969,-3.41701e-05,0.0197211,0.00014491,-0.0017455,0.00380037,113,176,2.24308,0.000315936,-34.7569,-26.0003
-32,-26,2.34361,-0.000305176,0.0207118,0.000122518,-2.39894e-05,0.0207118,0.000122491,-0.00116514,0.00466998,118,176,2.34361,0.000305825,-29.6564,-26.0003
-27,-26,2.45313,-0.000244141,0.0213865,7.18586e-05,-1.44471e-05,0.0213865,7.18487e-05,-0.000677799,0.00494754,123,176,2.45313,0.000242563,-24.5469,-26.0002
-22,-26,2.56519,0.000900269,0.0214868,1.2352e-05,-2.15991e-05,0.0214868,1.23298e-05,-0.0010058,0.00483361,128,176,2.56519,-0.000901512,-19.4348,-25.9991
-17,-26,2.67619,0.00111389,0.0209203,-2.78872e-05,-4.58885e-05,0.0209204,-2.79881e-05,-0.00219056,0.00448054,133,176,2.67619,-0.00110809,-14.3238,-25.9989
-12,-26,2.78223,0.000305176,0.0198766,-4.57745e-05,-8.22776e-05,0.0198769,-4.61144e-05,-0.00412983,0.0038628,138,176,2.78222,-0.000300059,-9.21777,-25.9997
-7,-26,2.87819,0.00144958,0.018786,-5.03677e-05,-0.000102234,0.0187865,-5.09229e-05,-0.00542725,0.00312962,143,176,2.8782,-0.00145274,-4.12181,-25.9986
-2,-26,2.9673,0.000335693,0.0180788,-5.63146e-05,-9.99537e-05,0.0180794,-5.68656e-05,-0.00551137,0.00243994,148,176,2.9673,-0.000341287,0.9673,-25.9997
3,-26,3.05495,0.000747681,0.0180354,-7.91745e-05,-8.32511e-05,0.0180358,-7.95564e-05,-0.00459567,0.00249021,153,176,3.05495,-0.000749852,6.05495,-25.9993
8,-26,3.14375,-0.000335693,0.0186629,-0.000107429,-6.29197e-05,0.0186631,-0.00010764,-0.00335204,0.00316061,158,176,3.14375,0.000331063,11.1438,-26.0003
13,-26,3.23874,-0.00169373,0.0197156,-0.000120706,-2.94513e-05,0.0197157,-0.000120751,-0.00148471,0.00408038,163,176,3.23874,0.00169843,16.2387,-26.0017
18,-26,3.34218,-0.00189209,0.0207785,-0.000100917,1.46002e-05,0.0207785,-0.000100926,0.000699263,0.00462923,168,176,3.34218,0.00189159,21.3422,-26.0019
23,-26,3.45172,-0.0020752,0.0214143,-4.96213e-05,5.68516e-05,0.0214145,-4.97717e-05,0.00264867,0.00491371,173,176,3.45172,0.0020783,26.4517,-26.0021
28,-26,3.56537,-9.15527e-05,0.0213822,9.19319e-06,7.01428e-05,0.0213824,8.96398e-06,0.0032818,0.0047801,178,176,3.56537,8.94654e-05,31.5654,-26.0001
33,-26,3.67404,0.000442505,0.0207052,5.23743e-05,4.97547e-05,0.0207053,5.22537e-05,0.00240908,0.00435604,183,176,3.67404,-0.000447667,36.674,-25.9996
38,-26,3.77615,0.000137329,0.0196763,7.18646e-05,4.56145e-06,0.0196763,7.18636e-05,0.000232675,0.00368466,188,176,3.77615,-0.000130946,41.7762,-25.9999
43,-26,3.87291,-3.05176e-05,0.0187359,7.01826e-05,-3.62838e-05,0.0187359,7.01118e-05,-0.00194387,0.00288649,193,176,3.87291,2.49121e-05,46.8729,-26
48,-26,3.96091,-0.000930786,0.0182571,5.52126e-05,-6.10185e-05,0.0182573,5.50076e-05,-0.00335227,0.00245315,198,176,3.96091,0.000930224,51.9609,-26.0009
53,-26,4.05049,-0.00285339,0.0184244,3.45912e-05,-7.40639e-05,0.0184247,3.42932e-05,-0.00402735,0.00259016,203,176,4.05049,0.00285344,57.0505,-26.0029
58,-26,4.14233,-0.00273132,0.0191754,3.68565e-07,-7.60095e-05,0.0191757,6.79865e-08,-0.00396389,0.00329733,208,176,4.14233,0.00272636,62.1423,-26.0027
63,-26,4.24142,-0.00361633,0.0201891,-5.11601e-05,-6.11211e-05,0.0201893,-5.13438e-05,-0.00301974,0.00409815,213,176,4.24142,0.00361591,67.2414,-26.0036
68,-26,4.34735,-0.00485229,0.0210584,-0.000121266,-2.62761e-05,0.0210585,-0.000121298,-0.00124062,0.0046504,218,176,4.34735,0.0048464,72.3474,-26.0049
73,-26,4.45901,-0.00367737,0.0214599,-0.000187686,1.79982e-05,0.0214599,-0.000187701,0.000831418,0.00480001,223,176,4.45901,0.00367753,77.459,-26.0037
78,-26,4.57024,-0.00386047,0.0212749,-0.000227251,5.25053e-05,0.021275,-0.000227379,0.00244185,0.00456267,228,176,4.57023,0.00385981,82.5702,-26.0039
83,-26,4.67853,-0.00144958,0.0205895,-0.000230878,5.53441e-05,0.0205897,-0.000231024,0.00265815,0.0041848,233,176,4.67853,0.0014513,87.6785,-26.0014
88,-26,4.77945,-0.00138855,0.019615,-0.000207092,3.51964e-05,0.019615,-0.000207155,0.00177561,0.00354519,238,176,4.77944,0.00138999,92.7794,-26.0014
93,-26,4.87738,-9.15527e-05,0.0186794,-0.000163831,2.82043e-06,0.0186794,-0.000163831,0.000149678,0.00269439,243,176,4.87738,9.42304e-05,97.8774,-26.0001
98,-26,4.96562,0.000198364,0.0181329,-0.000111263,-3.20956e-05,0.0181329,-0.00011132,-0.00175922,0.00221015,248,176,4.96561,-0.0001942,102.966,-25.9998
103,-26,5.05289,0.000350952,0.018201,-6.70644e-05,-6.25349e-05,0.0182012,-6.72787e-05,-0.00342313,0.00225634,253,176,5.05289,-0.000345372,108.053,-25.9996
108,-26,5.14441,-0.00050354,0.0188524,-4.69272e-05,-7.91482e-05,0.0188527,-4.7259e-05,-0.00418779,0.0030214,258,176,5.14442,0.000507563,113.144,-26.0005
113,-26,5.24194,-0.00108337,0.0197686,-6.20474e-05,-7.03327e-05,0.0197688,-6.22962e-05,-0.00354662,0.00383004,263,176,5.24196,0.00108678,118.242,-26.0011
118,-26,5.34546,-0.000946045,0.0206837,-0.000102253,-3.46953e-05,0.0206837,-0.000102311,-0.00166917,0.00443884,268,176,5.34546,0.000943212,123.345,-26.0009
123,-26,5.45313,-0.000701904,0.0213671,-0.000160027,2.88604e-05,0.0213671,-0.000160065,0.00134065,0.00468862,273,176,5.45312,0.000696007,128.453,-26.0007
128,-26,5.56531,0.00108337,0,0,0,0,0,0,-1,278,176,5.56529,-0.00108626,133.565,-25.9989
-132,-31,0.341089,0.00216675,0,0,0,0,0,0,-1,18,181,0.341088,-0.00217311,-131.659,-30.9978
-127,-31,0.454647,0.00149536,0.0226459,-0.000131345,-6.40235e-05,0.022646,-0.000131527,-0.00281083,0.00512861,23,181,0.454647,-0.00149111,-126.545,-30.9985
-122,-31,0.568893,0.00112915,0.0220044,-1.41364e-05,-9.52392e-05,0.0220048,-1.45482e-05,-0.00432531,0.0052345,28,181,0.568894,-0.00112672,-121.431,-30.9989
-117,-31,0.680099,0.000106812,0.020945,3.78325e-05,-8.92236e-05,0.0209453,3.74513e-05,-0.00426752,0.00497213,33,181,0.680099,-0.000111738,-116.32,-30.9999
-112,-31,0.784771,0.000305176,0.0196886,4.59109e-05,-5.83922e-05,0.0196887,4.57373e-05,-0.00297269,0.00438696,38,181,0.784771,-0.000300502,-111.215,-30.9997
-107,-31,0.880295,0.000473022,0.0184981,1.76743e-05,-1.85993e-05,0.0184981,1.7656e-05,-0.00100643,0.00349343,43,181,0.880296,-0.000466864,-106.12,-30.9995
-102,-31,0.965656,0.000534058,0.0178145,-1.43324e-06,7.59011e-06,0.0178145,-1.43517e-06,0.000426031,0.00271976,48,181,0.965657,-0.000532612,-101.034,-30.9995
-97,-31,1.05252,0.0010376,0.0179007,9.01571e-06,1.25683e-05,0.0179008,9.00589e-06,0.000702463,0.00273922,53,181,1.05252,-0.00103169,-95.9475,-30.999
-92,-31,1.14211,0.000808716,0.0186985,3.51223e-05,4.16391e-06,0.0186985,3.51211e-05,0.000223106,0.0036156,58,181,1.1421,-0.000810248,-90.8579,-30.9992
-87,-31,1.23759,0.00114441,0.0198592,6.98711e-05,-1.13683e-05,0.0198592,6.9865e-05,-0.000574468,0.00454794,63,181,1.23759,-0.00113919,-85.7624,-30.9989
-82,-31,1.34312,0.00215149,0.0209531,9.67321e-05,-2.45309e-05,0.0209531,9.67039e-05,-0.00117618,0.00509452,68,181,1.34312,-0.00214778,-80.6569,-30.9978
-77,-31,1.45403,0.00257874,0.0215895,0.000112978,-2.69978e-05,0.0215895,0.000112943,-0.00125708,0.00520293,73,181,1.45403,-0.00257923,-75.546,-30.9974
-72,-31,1.5664,0.0015564,0.0215455,0.000124145,-7.57265e-06,0.0215455,0.000124143,-0.00035351,0.00509221,78,181,1.5664,-0.0015572,-70.4336,-30.9984
-67,-31,1.67747,0.00177002,0.0208705,0.000113354,1.89968e-05,0.0208705,0.000113335,0.00091519,0.00469575,83,181,1.67747,-0.00177123,-65.3225,-30.9982
-62,-31,1.77925,0.00135803,0.0198316,8.59092e-05,2.22233e-05,0.0198316,8.58838e-05,0.00112548,0.00392295,88,181,1.77925,-0.00135177,-60.2207,-30.9986
-57,-31,1.87682,0.00231934,0.0188118,6.24424e-05,-3.9237e-06,0.0188118,6.24424e-05,-0.000209271,0.00303376,93,181,1.87682,-0.0023262,-55.1232,-30.9977
-52,-31,1.9663,-4.57764e-05,0.0182053,5.48766e-05,-3.65426e-05,0.0182054,5.48037e-05,-0.00201331,0.00229504,98,181,1.9663,5.307e-05,-50.0337,-31
-47,-31,2.05511,-0.00119019,0.0182151,7.06866e-05,-4.8078e-05,0.0182152,7.05598e-05,-0.00264972,0.0022348,103,181,2.05512,0.00119721,-44.9449,-31.0012
-42,-31,2.14541,-0.00125122,0.0188074,9.9105e-05,-3.70494e-05,0.0188074,9.90322e-05,-0.00198037,0.00288684,108,181,2.14541,0.00124442,-39.8546,-31.0013
-37,-31,2.24313,-0.00180054,0.0197594,0.000108391,-1.54883e-05,0.0197594,0.000108379,-0.000788169,0.00378104,113,181,2.24312,0.00179507,-34.7569,-31.0018
-32,-31,2.34473,-0.00154114,0.0207209,9.27813e-05,-4.19944e-07,0.0207209,9.27821e-05,-2.03578e-05,0.00460904,118,181,2.34473,0.0015481,-29.6553,-31.0015
-27,-31,2.45405,-0.000457764,0.0213732,5.53108e-05,9.82682e-06,0.0213732,5.53066e-05,0.000460966,0.00487239,123,181,2.45405,0.000450705,-24.546,-31.0005
-22,-31,2.56699,0.000762939,0.0214741,1.16564e-05,2.1881e-06,0.0214741,1.16564e-05,0.00010195,0.00492894,128,181,2.56698,-0.000766003,-19.433,-30.9992
-17,-31,2.67593,0.00141907,0.0209245,-1.57298e-05,-2.02891e-05,0.0209245,-1.57496e-05,-0.000968906,0.00469363,133,181,2.67594,-0.00141743,-14.3241,-30.9986
-12,-31,2.78252,0.000823975,0.0198873,-3.11342e-05,-5.12656e-05,0.0198874,-3.12664e-05,-0.00257376,0.00410593,138,181,2.78251,-0.000819135,-9.21748,-30.9992
-7,-31,2.87862,0.00135803,0.018772,-3.2117e-05,-6.38305e-05,0.0187723,-3.23346e-05,-0.00339444,0.0033752,143,181,2.87862,-0.00135943,-4.12138,-30.9986
-2,-31,2.96745,0.000488281,0.0180349,-3.00731e-05,-4.97657e-05,0.018035,-3.02093e-05,-0.00275479,0.00262228,148,181,2.96745,-0.000484543,0.967453,-30.9995
3,-31,3.05464,0.000595093,0.0179904,-4.30363e-05,-2.54058e-05,0.0179904,-4.30718e-05,-0.00140881,0.0025022,153,181,3.05465,-0.000602245,6.05464,-30.9994
8,-31,3.14314,0.000167847,0.0186428,-7.17378e-05,-1.26233e-05,0.0186428,-7.17463e-05,-0.000674516,0.003101,158,181,3.14314,-0.000161207,11.1431,-30.9998
13,-31,3.23869,-0.000274658,0.0197184,-9.65522e-05,-1.0194e-05,0.0197184,-9.65567e-05,-0.000514462,0.00397292,163,181,3.2387,0.000271304,16.2387,-31.0003
18,-31,3.34178,-0.001297,0.020785,-9.24522e-05,-7.5078e-06,0.020785,-9.24552e-05,-0.000359613,0.00454712,168,181,3.34178,0.00129187,21.3418,-31.0013
23,-31,3.45152,-0.00137329,0.0214139,-5.19017e-05,2.31286e-06,0.0214139,-5.19026e-05,0.000107747,0.0048327,173,181,3.45153,0.00136849,26.4515,-31.0014
28,-31,3.565,-0.000427246,0.0213808,8.9901e-08,6.30992e-07,0.0213808,8.9407e-08,2.95122e-05,0.00471339,178,181,3.56501,0.00042798,31.565,-31.0004
33,-31,3.67307,-0.000259399,0.0207097,3.36862e-05,-2.0768e-05,0.0207097,3.36654e-05,-0.00100445,0.00421597,183,181,3.67306,0.000256484,36.6731,-31.0003
38,-31,3.77608,-0.000595093,0.0196878,4.27946e-05,-5.89272e-05,0.019688,4.26173e-05,-0.00299956,0.00355115,188,181,3.77608,0.000598262,41.7761,-31.0006
43,-31,3.87271,-0.0010376,0.018756,2.51856e-05,-9.05428e-05,0.0187565,2.47471e-05,-0.00483374,0.00281187,193,181,3.87271,0.00103365,46.8727,-31.001
48,-31,3.96059,-0.00134277,0.0182843,-2.26345e-06,-0.000103374,0.0182849,-2.84798e-06,-0.00565276,0.00247517,198,181,3.96059,0.00134661,51.9606,-31.0013
53,-31,4.05099,-0.00262451,0.0184548,-3.43662e-05,-9.96192e-05,0.0184554,-3.49022e-05,-0.00538777,0.00269225,203,181,4.05099,0.00262695,57.051,-31.0026
58,-31,4.14366,-0.00198364,0.0191988,-7.75421e-05,-8.18346e-05,0.0191991,-7.78893e-05,-0.00424525,0.00332774,208,181,4.14367,0.00198045,62.1437,-31.002
63,-31,4.24258,-0.00239563,0.0201879,-0.000136567,-4.46166e-05,0.020188,-0.000136665,-0.0021952,0.00409465,213,181,4.24259,0.00239212,67.2426,-31.0024
68,-31,4.34866,-0.00256348,0.0210357,-0.000211179,5.3574e-06,0.0210357,-0.00021118,0.00025215,0.00468487,218,181,4.34867,0.00255614,72.3487,-31.0026
73,-31,4.45979,-0.000854492,0.0214329,-0.000275547,4.93813e-05,0.021433,-0.000275658,0.00227474,0.00492314,223,181,4.45979,0.000847368,77.4598,-31.0009
78,-31,4.57053,-0.00105286,0.0212602,-0.000299712,6.51073e-05,0.0212604,-0.000299909,0.0030198,0.00474216,228,181,4.57052,0.00104778,82.5705,-31.0011
83,-31,4.67865,0.00038147,0.0205918,-0.000274601,4.215e-05,0.0205919,-0.000274685,0.00201998,0.00429107,233,181,4.67865,-0.000384608,87.6786,-30.9996
88,-31,4.77933,0.000717163,0.0196246,-0.000218873,-1.26882e-06,0.0196246,-0.000218874,-6.39413e-05,0.00370479,238,181,4.77933,-0.000710548,92.7793,-30.9993
93,-31,4.87775,0.00137329,0.0186863,-0.000147095,-4.54412e-05,0.0186864,-0.000147205,-0.00241278,0.0028199,243,181,4.87775,-0.00136848,97.8777,-30.9986
98,-31,4.96606,0.000778198,0.018139,-7.97096e-05,-7.53122e-05,0.0181393,-8.00211e-05,-0.00413369,0.00232678,248,181,4.96607,-0.000779438,102.966,-30.9992
103,-31,5.05347,0.000213623,0.0182152,-3.21688e-05,-8.39835e-05,0.0182156,-3.25544e-05,-0.00460238,0.00228356,253,181,5.05348,-0.000211068,108.053,-30.9998
108,-31,5.14542,-0.000595093,0.0188712,-1.16119e-05,-7.55913e-05,0.0188715,-1.19144e-05,-0.0040031,0.00292694,258,181,5.14542,0.000595846,113.145,-31.0006
113,-31,5.24286,-0.000595093,0.0197711,-1.40847e-05,-4.94057e-05,0.0197712,-1.42083e-05,-0.00249708,0.00372065,263,181,5.24285,0.000592875,118.243,-31.0006
118,-31,5.34668,-0.000411987,0.0206414,-2.5691e-05,-1.15279e-05,0.0206414,-2.5698e-05,-0.00055779,0.00433376,268,181,5.34668,0.000414445,123.347,-31.0004
123,-31,5.45325,0.000930786,0.0212541,-3.21298e-05,4.04491e-05,0.0212542,-3.22079e-05,0.00190024,0.00466639,273,181,5.45324,-0.000923687,128.453,-30.9991
128,-31,5.56512,0.00315857,0,0,0,0,0,0,-1,278,181,5.56513,-0.00315467,133.565,-30.9968
-132,-36,0.34129,0.00369263,0,0,0,0,0,0,-1,18,186,0.341289,-0.00369915,-131.659,-35.9963
-127,-36,0.455456,0.00196838,0.0226878,-8.89335e-05,-0.000125749,0.0226885,-8.96277e-05,-0.00552071,0.00521086,23,186,0.455455,-0.00197006,-126.545,-35.998
-122,-36,0.569267,0.00088501,0.0220375,-1.00183e-05,-0.000117,0.0220381,-1.06394e-05,-0.00530654,0.00523244,28,186,0.569266,-0.00088528,-121.431,-35.9991
-117,-36,0.681988,1.52588e-05,0.0209186,2.34202e-05,-6.80404e-05,0.0209188,2.31992e-05,-0.00325623,0.00487322,33,186,0.681989,-1.11095e-05,-116.318,-36
-112,-36,0.785557,0.000671387,0.0196262,2.07792e-05,-9.05003e-06,0.0196262,2.07759e-05,-0.000461609,0.00439614,38,186,0.785556,-0.000670145,-111.214,-35.9993
-107,-36,0.879436,0.000900269,0.0184345,-1.01293e-05,3.4241e-05,0.0184346,-1.01924e-05,0.00185641,0.00356921,43,186,0.879435,-0.000900454,-106.121,-35.9991
-102,-36,0.96505,0.00137329,0.0177827,-3.35195e-05,4.43646e-05,0.0177829,-3.3631e-05,0.0024901,0.0028443,48,186,0.965049,-0.00137872,-101.035,-35.9986
-97,-36,1.05223,0.00132751,0.0179085,-3.00962e-05,3.39619e-05,0.0179085,-3.01609e-05,0.00189322,0.00287113,53,186,1.05224,-0.00133404,-95.9478,-35.9987
-92,-36,1.14158,0.000183105,0.0187266,-2.51502e-06,1.96978e-05,0.0187266,-2.53506e-06,0.00105172,0.00374108,58,186,1.14158,-0.000176752,-90.8584,-35.9998
-87,-36,1.23728,0.000244141,0.0198835,4.94776e-05,6.84599e-06,0.0198835,4.94756e-05,0.000345164,0.00468877,63,186,1.23728,-0.000249108,-85.7627,-35.9998
-82,-36,1.34377,0.000839233,0.0209586,0.00010552,-2.70297e-06,0.0209586,0.000105519,-0.00012962,0.00516687,68,186,1.34377,-0.000836408,-80.6562,-35.9992
-77,-36,1.45419,0.000518799,0.0215724,0.000148348,-4.96634e-06,0.0215724,0.000148348,-0.000231811,0.00542905,73,186,1.45419,-0.000518694,-75.5458,-35.9995
-72,-36,1.5657,0.000228882,0.0215146,0.000165752,9.44636e-06,0.0215146,0.000165747,0.000442476,0.00546355,78,186,1.5657,-0.000234073,-70.4343,-35.9998
-67,-36,1.67711,0.000808716,0.0208422,0.000144016,2.52816e-05,0.0208423,0.000143985,0.00122144,0.00501798,83,186,1.67711,-0.000812869,-65.3229,-35.9992
-62,-36,1.77897,0.000457764,0.0198187,9.8075e-05,1.25792e-05,0.0198187,9.80673e-05,0.000637873,0.00416161,88,186,1.77897,-0.000457543,-60.221,-35.9995
-57,-36,1.87611,0.00236511,0.0188176,5.3043e-05,-2.24498e-05,0.0188176,5.30155e-05,-0.00119639,0.0031983,93,186,1.87611,-0.00237068,-55.1239,-35.9976
-52,-36,1.9658,-0.000305176,0.0182246,2.57468e-05,-5.34703e-05,0.0182248,2.559e-05,-0.00293808,0.00235363,98,186,1.9658,0.000300528,-50.0342,-36.0003
-47,-36,2.05489,-0.00100708,0.0182468,2.38626e-05,-5.4133e-05,0.0182469,2.37012e-05,-0.00297057,0.00227288,103,186,2.05488,0.00100416,-44.9451,-36.001
-42,-36,2.14541,-0.00117493,0.0188489,3.93144e-05,-2.86612e-05,0.0188489,3.92711e-05,-0.00152375,0.00294821,108,186,2.14541,0.00116929,-39.8546,-36.0012
-37,-36,2.24249,-0.00180054,0.0198002,4.84597e-05,4.60416e-06,0.0198002,4.84595e-05,0.000233102,0.00378394,113,186,2.24249,0.00180646,-34.7575,-36.0018
-32,-36,2.34557,-0.000701904,0.0207416,4.40949e-05,2.43803e-05,0.0207417,4.40655e-05,0.00117793,0.00448801,118,186,2.34557,0.000704677,-29.6544,-36.0007
-27,-36,2.45472,0.000686646,0.0213655,2.75617e-05,3.25843e-05,0.0213656,2.75113e-05,0.00152705,0.00492149,123,186,2.45472,-0.000686904,-24.5453,-35.9993
-22,-36,2.5656,0.00183105,0.0214534,5.63693e-06,2.2049e-05,0.0214534,5.61401e-06,0.00102803,0.00505376,128,186,2.5656,-0.001829,-19.4344,-35.9982
-17,-36,2.67543,0.00202942,0.0209119,-1.27594e-05,-3.64578e-07,0.0209119,-1.27591e-05,-1.74234e-05,0.00480929,133,186,2.67543,-0.00202676,-14.3246,-35.998
-12,-36,2.78246,0.000930786,0.019879,-3.41285e-05,-2.83061e-05,0.019879,-3.41693e-05,-0.00142148,0.00420047,138,186,2.78246,-0.000924234,-9.21754,-35.9991
-7,-36,2.87891,0.000762939,0.0187412,-4.2811e-05,-3.79346e-05,0.0187413,-4.28874e-05,-0.0020195,0.00351774,143,186,2.8789,-0.000764335,-4.12109,-35.9992
-2,-36,2.96729,-6.10352e-05,0.0179814,-3.87915e-05,-1.4429e-05,0.0179814,-3.88026e-05,-0.000800712,0.00292255,148,186,2.96728,5.41597e-05,0.967285,-36.0001
3,-36,3.05421,-0.00050354,0.0179489,-3.35244e-05,2.40981e-05,0.0179489,-3.35565e-05,0.00134009,0.00277024,153,186,3.05421,0.000498365,6.05421,-36.0005
8,-36,3.14255,-0.000427246,0.0186468,-4.1482e-05,4.49053e-05,0.0186469,-4.15891e-05,0.00240284,0.00318959,158,186,3.14255,0.000422039,11.1425,-36.0004
13,-36,3.2392,0.000228882,0.0197652,-5.41758e-05,3.23249e-05,0.0197652,-5.42281e-05,0.00163097,0.00395891,163,186,3.23919,-0.000230456,16.2392,-35.9998
18,-36,3.34276,-0.000610352,0.0208421,-5.49209e-05,-2.77174e-06,0.0208421,-5.49201e-05,-0.000132638,0.00454442,168,186,3.34275,0.000616924,21.3428,-36.0006
23,-36,3.45308,-0.000961304,0.0214612,-3.37178e-05,-3.64944e-05,0.0214613,-3.378e-05,-0.00169781,0.00481303,173,186,3.45308,0.000959377,26.4531,-36.001
28,-36,3.56592,-0.000961304,0.0214204,-1.03053e-05,-7.01621e-05,0.0214206,-1.05361e-05,-0.00327387,0.00468922,178,186,3.56591,0.000962639,31.5659,-36.001
33,-36,3.67274,-0.000656128,0.0207437,-7.41732e-06,-0.000108753,0.0207443,-7.98702e-06,-0.00524066,0.00416883,183,186,3.67275,0.000652048,36.6727,-36.0007
38,-36,3.7771,-0.00115967,0.0197132,-2.08589e-05,-0.000150523,0.0197144,-2.20081e-05,-0.00762698,0.00351276,188,186,3.7771,0.00115815,41.7771,-36.0012
43,-36,3.87297,-0.00135803,0.0187669,-4.88177e-05,-0.000174536,0.0187685,-5.04367e-05,-0.00927499,0.00286295,193,186,3.87298,0.00135058,46.873,-36.0014
48,-36,3.96117,-0.00151062,0.0182773,-7.01702e-05,-0.000166602,0.0182788,-7.1683e-05,-0.00907939,0.00256894,198,186,3.96117,0.00151041,51.9612,-36.0015
53,-36,4.05212,-0.00216675,0.0184373,-8.7126e-05,-0.000127844,0.0184382,-8.80072e-05,-0.00690095,0.00283786,203,186,4.05213,0.0021724,57.0521,-36.0022
58,-36,4.1449,-0.00177002,0.0191717,-0.000108472,-6.72606e-05,0.019172,-0.000108706,-0.00348852,0.00343873,208,186,4.14489,0.00177199,62.1449,-36.0018
63,-36,4.24411,-0.00163269,0.0201429,-0.000142944,9.22463e-06,0.0201429,-0.00014295,0.000454732,0.00408811,213,186,4.24411,0.00163583,67.2441,-36.0016
68,-36,4.35036,-0.000991821,0.0209825,-0.000189546,7.92163e-05,0.0209828,-0.000189843,0.00374148,0.00460069,218,186,4.35036,0.000984448,72.3504,-36.001
73,-36,4.46082,0.00115967,0.0213973,-0.000229764,0.00011489,0.0213979,-0.000230373,0.00531213,0.00483984,223,186,4.46082,-0.00116232,77.4608,-35.9988
78,-36,4.57106,0.00201416,0.0212614,-0.000234823,9.58957e-05,0.0212619,-0.000235251,0.00446092,0.00471969,228,186,4.57107,-0.00200964,82.5711,-35.998
83,-36,4.67883,0.00285339,0.020623,-0.000198708,3.50314e-05,0.020623,-0.000198768,0.00168244,0.00431491,233,186,4.67883,-0.00285223,87.6788,-35.9971
88,-36,4.78,0.00242615,0.019658,-0.000143299,-3.38656e-05,0.0196581,-0.000143357,-0.00171026,0.00379723,238,186,4.78,-0.00243202,92.78,-35.9976
93,-36,4.87846,0.00170898,0.0186986,-8.40255e-05,-8.28368e-05,0.0186989,-8.43909e-05,-0.00441018,0.00294552,243,186,4.87847,-0.00170807,97.8785,-35.9983
98,-36,4.96654,0.000549316,0.0181307,-4.15326e-05,-9.91452e-05,0.0181312,-4.20744e-05,-0.00545566,0.00244779,248,186,4.96654,-0.00054197,102.967,-35.9995
103,-36,5.05389,-0.000915527,0.0182086,-2.4037e-05,-8.49121e-05,0.018209,-2.44332e-05,-0.00465701,0.00241645,253,186,5.0539,0.000908582,108.054,-36.0009
108,-36,5.14569,-0.00253296,0.0188823,-2.60194e-05,-6.15312e-05,0.0188825,-2.62195e-05,-0.00325414,0.00295262,258,186,5.1457,0.00253025,113.146,-36.0025
113,-36,5.24319,-0.00273132,0.0197927,-2.31719e-05,-3.89471e-05,0.0197927,-2.32477e-05,-0.00196544,0.00368206,263,186,5.24319,0.00272421,118.243,-36.0027
118,-36,5.34729,-0.00241089,0.0206565,-1.87832e-06,-2.67031e-05,0.0206566,-1.91201e-06,-0.0012926,0.00421094,268,186,5.34729,0.00241485,123.347,-36.0024
123,-36,5.45364,-0.000595093,0.0212269,6.62893e-05,-1.97428e-05,0.021227,6.62711e-05,-0.000932995,0.00451552,273,186,5.45363,0.000593015,128.454,-36.0006
128,-36,5.56531,0.00184631,0,0,0,0,0,0,-1,278,186,5.5653,-0.00184216,133.565,-35.9982
-132,-41,0.34107,0.0052948,0,0,0,0,0,0,-1,18,191,0.34107,-0.00529273,-131.659,-40.9947
-127,-41,0.456148,0.00231934,0.022741,-4.71484e-05,-0.000120423,0.0227417,-4.77862e-05,-0.00528427,0.00550964,23,191,0.456147,-0.00232038,-126.544,-40.9977
-122,-41,0.570499,0.000167847,0.0220625,-2.11317e-05,-9.69245e-05,0.0220629,-2.15573e-05,-0.00438886,0.00545438,28,191,0.570498,-0.000165527,-121.43,-40.9998
-117,-41,0.682968,-0.000274658,0.0208894,-5.76919e-06,-3.13336e-05,0.0208894,-5.81611e-06,-0.00149956,0.00496086,33,191,0.682967,0.000280282,-116.317,-41.0003
-112,-41,0.785358,0.000701904,0.0195736,-7.01366e-06,3.40567e-05,0.0195737,-7.07153e-06,0.0017393,0.00450243,38,191,0.78536,-0.000699432,-111.215,-40.9993
-107,-41,0.878185,0.00138855,0.0183875,-2.5246e-05,7.10844e-05,0.0183878,-2.55201e-05,0.00386053,0.00366604,43,191,0.878184,-0.0013873,-106.122,-40.9986
-102,-41,0.964985,0.00244141,0.0177606,-4.74878e-05,6.48996e-05,0.0177608,-4.77247e-05,0.00364432,0.0029698,48,191,0.964984,-0.00244655,-101.035,-40.9976
-97,-41,1.05181,0.00201416,0.0179115,-6.00617e-05,4.05787e-05,0.0179116,-6.01523e-05,0.00225792,0.00305269,53,191,1.05181,-0.00200801,-95.9482,-40.998
-92,-41,1.14033,0.000656128,0.0187407,-5.08484e-05,1.58108e-05,0.0187407,-5.08614e-05,0.000841378,0.00393973,58,191,1.14033,-0.000651905,-90.8597,-40.9993
-87,-41,1.23642,0.00100708,0.0198995,-7.72392e-06,-2.25394e-06,0.0198995,-7.72439e-06,-0.000113222,0.00483307,63,191,1.23642,-0.00101256,-85.7636,-40.999
-82,-41,1.3433,0.00105286,0.0209722,5.38488e-05,-1.28607e-05,0.0209722,5.38407e-05,-0.000614803,0.00520779,68,191,1.3433,-0.00104718,-80.6567,-40.9989
-77,-41,1.45363,-0.000564575,0.0215842,0.000108648,-1.18262e-05,0.0215842,0.000108642,-0.000550682,0.00563409,73,191,1.45363,0.000561956,-75.5464,-41.0006
-72,-41,1.5647,-0.000823975,0.0215318,0.000131236,3.41784e-06,0.0215318,0.000131235,0.000159708,0.005642,78,191,1.56471,0.00083086,-70.4353,-41.0008
-67,-41,1.67682,0.000183105,0.0208632,0.000113134,1.47698e-05,0.0208632,0.000113123,0.000711791,0.00511916,83,191,1.67682,-0.000187601,-65.3232,-40.9998
-62,-41,1.77943,3.05176e-05,0.01983,7.02959e-05,-5.82448e-06,0.01983,7.02944e-05,-0.000294765,0.00425593,88,191,1.77943,-3.3405e-05,-60.2206,-41
-57,-41,1.87608,0.00230408,0.0188101,2.56875e-05,-4.11955e-05,0.0188102,2.55974e-05,-0.00219305,0.00324694,93,191,1.87608,-0.00230569,-55.1239,-40.9977
-52,-41,1.96577,-0.000213623,0.0182036,-4.93783e-06,-6.34636e-05,0.0182038,-5.15953e-06,-0.00348532,0.00241476,98,191,1.96578,0.000207135,-50.0342,-41.0002
-47,-41,2.05524,-0.000762939,0.0182362,-1.79473e-05,-4.86075e-05,0.0182363,-1.8076e-05,-0.0026628,0.00231953,103,191,2.05524,0.00076985,-44.9448,-41.0008
-42,-41,2.14503,-0.00157166,0.0188688,-1.66137e-05,-1.01091e-05,0.0188688,-1.66185e-05,-0.000535285,0.00299801,108,191,2.14503,0.00157025,-39.855,-41.0016
-37,-41,2.24213,-0.00270081,0.0198412,-7.70961e-06,2.86228e-05,0.0198412,-7.75047e-06,0.00144203,0.00378178,113,191,2.24212,0.0026961,-34.7579,-41.0027
-32,-41,2.34648,-0.0010376,0.0207748,2.46626e-06,4.60811e-05,0.0207749,2.3637e-06,0.00221838,0.00444592,118,191,2.34648,0.00103184,-29.6535,-41.001
-27,-41,2.45553,-0.000213623,0.0213687,9.58688e-06,4.69413e-05,0.0213688,9.48366e-06,0.00219771,0.00486749,123,191,2.45553,0.000212018,-24.5445,-41.0002
-22,-41,2.56615,0.0010376,0.0214336,7.16934e-06,3.23574e-05,0.0214337,7.11996e-06,0.00151016,0.00491885,128,191,2.56615,-0.00103216,-19.4339,-40.999
-17,-41,2.67517,0.00164795,0.0208922,-1.06469e-05,1.34661e-05,0.0208922,-1.06553e-05,0.000644223,0.00462238,133,191,2.67517,-0.00164373,-14.3248,-40.9984
-12,-41,2.78287,0.00137329,0.0198588,-4.32003e-05,-9.49311e-06,0.0198588,-4.3205e-05,-0.000476993,0.00406318,138,191,2.78286,-0.0013744,-9.21713,-40.9986
-7,-41,2.87964,0.00143433,0.0186946,-6.46364e-05,-1.88876e-05,0.0186947,-6.46543e-05,-0.00100684,0.00352904,143,191,2.87964,-0.00142829,-4.12036,-40.9986
-2,-41,2.96671,0.00117493,0.0179063,-6.27992e-05,6.2625e-06,0.0179063,-6.28009e-05,0.000348515,0.00313269,148,191,2.9667,-0.00117795,0.966705,-40.9988
3,-41,3.05292,-0.000106812,0.0178831,-3.98049e-05,5.83063e-05,0.0178833,-3.99938e-05,0.00325312,0.00312469,153,191,3.05292,0.000108354,6.05292,-41.0001
8,-41,3.14143,-0.000152588,0.0186392,-1.89496e-05,9.78094e-05,0.0186397,-1.94609e-05,0.005242,0.00352917,158,191,3.14144,0.000148664,11.1414,-41.0002
13,-41,3.23849,0.000717163,0.0198331,-6.97014e-06,9.17939e-05,0.0198336,-7.3947e-06,0.00462655,0.00418549,163,191,3.23849,-0.000716644,16.2385,-40.9993
18,-41,3.34247,0.000244141,0.0209599,-6.19877e-06,3.67051e-05,0.0209599,-6.26314e-06,0.00175068,0.00476182,168,191,3.34246,-0.000241041,21.3425,-40.9998
23,-41,3.45328,-0.000244141,0.0215949,-1.05927e-05,-3.7866e-05,0.0215949,-1.0659e-05,-0.00175261,0.00502317,173,191,3.45327,0.00023863,26.4533,-41.0002
28,-41,3.56693,-0.000793457,0.0215444,-2.77125e-05,-0.000113158,0.021545,-2.83057e-05,-0.00524538,0.00489652,178,191,3.56692,0.000792348,31.5669,-41.0008
33,-41,3.67387,-0.00038147,0.0208352,-5.93257e-05,-0.000181808,0.0208368,-6.09076e-05,-0.00870033,0.00437409,183,191,3.67387,0.000380909,36.6739,-41.0004
38,-41,3.77924,-0.000564575,0.0197545,-9.03569e-05,-0.000237595,0.0197573,-9.32012e-05,-0.0119704,0.00371253,188,191,3.77924,0.000571554,41.7792,-41.0006
43,-41,3.87584,-0.00050354,0.0187467,-0.000114121,-0.000257688,0.0187503,-0.00011764,-0.0136592,0.00312624,193,191,3.87583,0.00050063,46.8758,-41.0005
48,-41,3.963,-0.00100708,0.0182002,-0.000114513,-0.000227681,0.018203,-0.000117344,-0.0124291,0.00275068,198,191,3.96299,0.00100989,51.963,-41.001
53,-41,4.05348,-0.00088501,0.0183284,-0.000101664,-0.000149952,0.0183296,-0.000102883,-0.00813557,0.00294425,203,191,4.05349,0.000891606,57.0535,-41.0009
58,-41,4.14528,-0.00126648,0.019057,-8.77099e-05,-4.03877e-05,0.0190571,-8.77958e-05,-0.00210959,0.00348424,208,191,4.14528,0.00126949,62.1453,-41.0013
63,-41,4.24426,-0.0010376,0.0200397,-8.14823e-05,7.59111e-05,0.02004,-8.17683e-05,0.00377262,0.00393823,213,191,4.24426,0.00104257,67.2443,-41.001
68,-41,4.34967,7.62939e-05,0.0209122,-8.05179e-05,0.00015939,0.0209134,-8.17291e-05,0.00759206,0.00428282,218,191,4.34967,-7.93456e-05,72.3497,-40.9999
73,-41,4.45912,0.00224304,0.0213832,-7.84754e-05,0.000177977,0.0213847,-7.99503e-05,0.00829201,0.00454346,223,191,4.45913,-0.00224761,77.4591,-40.9978
78,-41,4.56953,0.00296021,0.0213042,-5.91251e-05,0.000121328,0.0213049,-5.98151e-05,0.00567904,0.00458013,228,191,4.56954,-0.00296746,82.5695,-40.997
83,-41,4.67809,0.00320435,0.0206898,-2.75274e-05,3.17318e-05,0.0206899,-2.75765e-05,0.00153165,0.00426812,233,191,4.67808,-0.00320545,87.6781,-40.9968
88,-41,4.78096,0.00227356,0.0197059,-3.61508e-06,-4.4738e-05,0.019706,-3.71691e-06,-0.00226986,0.0037146,238,191,4.78095,-0.00227615,92.781,-40.9977
93,-41,4.87943,0.00177002,0.0187049,2.17352e-06,-8.12839e-05,0.0187052,1.82074e-06,-0.00434599,0.00290248,243,191,4.87942,-0.00176923,97.8794,-40.9982
98,-41,4.96696,0.000747681,0.0181069,-1.9121e-05,-7.75318e-05,0.0181072,-1.94516e-05,-0.00427728,0.0024435,248,191,4.96696,-0.000746442,102.967,-40.9993
103,-41,5.05429,-0.000534058,0.0181907,-6.18505e-05,-4.79795e-05,0.0181908,-6.19767e-05,-0.00262862,0.00249447,253,191,5.05429,0.000537865,108.054,-41.0005
108,-41,5.14474,-0.00119019,0.0188989,-0.000107157,-2.79735e-05,0.018899,-0.000107197,-0.00147181,0.00306595,258,191,5.14475,0.00119687,113.145,-41.0012
113,-41,5.24255,-0.000473022,0.019848,-0.000117603,-3.19304e-05,0.0198481,-0.000117655,-0.00159926,0.00380652,263,191,5.24257,0.000478477,118.243,-41.0005
118,-41,5.34824,-0.00158691,0.0207465,-8.52269e-05,-6.90291e-05,0.0207467,-8.54563e-05,-0.0033136,0.00425225,268,191,5.34824,0.00158879,123.348,-41.0016
123,-41,5.45499,-0.00152588,0.0213205,2.37823e-05,-0.000132623,0.0213214,2.29562e-05,-0.00622706,0.00451558,273,191,5.45498,0.00152077,128.455,-41.0015
128,-41,5.5672,-4.57764e-05,0,0,0,0,0,0,-1,278,191,5.56721,5.22558e-05,133.567,-41
-132,-46,0.338514,0.00572205,0,0,0,0,0,0,-1,18,196,0.338513,-0.00572201,-131.661,-45.9943
-127,-46,0.455076,0.0025177,0.0228859,-5.13359e-06,-6.51517e-05,0.0228861,-5.31878e-06,-0.00284614,0.00584487,23,196,0.455077,-0.00251863,-126.545,-45.9975
-122,-46,0.569778,0.00125122,0.0221255,-2.80299e-05,-5.32953e-05,0.0221256,-2.81576e-05,-0.00240571,0.00581626,28,196,0.569778,-0.00124827,-121.43,-45.9987
-117,-46,0.682949,-0.000534058,0.0208907,-2.63511e-05,-1.16918e-06,0.0208907,-2.63508e-05,-5.58961e-05,0.00529596,33,196,0.68295,0.000536017,-116.317,-46.0005
-112,-46,0.784946,0.000396729,0.0195502,-1.75616e-05,5.06533e-05,0.0195504,-1.76923e-05,0.00258858,0.00473156,38,196,0.784946,-0.000396809,-111.215,-45.9996
-107,-46,0.877014,0.000656128,0.0183668,-1.35056e-05,7.77971e-05,0.0183671,-1.38357e-05,0.00423253,0.00380374,43,196,0.877013,-0.000662955,-106.123,-45.9993
-102,-46,0.964653,0.00234985,0.0177535,-2.64673e-05,6.31862e-05,0.0177537,-2.66926e-05,0.00355373,0.00307196,48,196,0.964653,-0.00235308,-101.035,-45.9977
-97,-46,1.05095,0.00245667,0.0179149,-5.15435e-05,3.10966e-05,0.017915,-5.15971e-05,0.00173081,0.00319153,53,196,1.05095,-0.00245099,-95.9491,-45.9975
-92,-46,1.13943,0.000991821,0.0187479,-6.82622e-05,-5.689e-06,0.0187479,-6.82641e-05,-0.000302347,0.00403972,58,196,1.13943,-0.000993335,-90.8606,-45.999
-87,-46,1.23566,0.00120544,0.0199126,-5.74373e-05,-3.61554e-05,0.0199127,-5.75017e-05,-0.00181047,0.00489773,63,196,1.23566,-0.00120887,-85.7643,-45.9988
-82,-46,1.34288,0.000305176,0.0209949,-2.44273e-05,-5.30169e-05,0.020995,-2.45599e-05,-0.00252227,0.00538889,68,196,1.34288,-0.000299808,-80.6571,-45.9997
-77,-46,1.45303,-0.00177002,0.0216212,1.07061e-05,-5.00348e-05,0.0216213,1.0591e-05,-0.00231529,0.00597176,73,196,1.45303,0.00177135,-75.547,-46.0018
-72,-46,1.56467,-0.00195313,0.0215847,2.60445e-05,-3.11991e-05,0.0215848,2.60007e-05,-0.00144717,0.00600565,78,196,1.56467,0.00196028,-70.4353,-46.002
-67,-46,1.67632,-0.000793457,0.0209105,2.24669e-05,-1.73548e-05,0.0209105,2.24533e-05,-0.000830847,0.00546393,83,196,1.67632,0.00078633,-65.3237,-46.0008
-62,-46,1.78053,-0.000656128,0.0198391,7.77614e-06,-3.33926e-05,0.0198392,7.72066e-06,-0.00168382,0.00457353,88,196,1.78053,0.000660718,-60.2195,-46.0007
-57,-46,1.87682,0.00172424,0.0187693,-8.7625e-06,-5.70868e-05,0.0187695,-8.93511e-06,-0.00304004,0.00344346,93,196,1.87682,-0.0017201,-55.1232,-45.9983
-52,-46,1.96625,0.000228882,0.018132,-2.2759e-05,-6.03796e-05,0.0181322,-2.29608e-05,-0.00332578,0.0025378,98,196,1.96625,-0.000235155,-50.0338,-45.9998
-47,-46,2.05506,-0.00038147,0.0181802,-3.71541e-05,-2.39481e-05,0.0181802,-3.71858e-05,-0.00131458,0.00239613,103,196,2.05506,0.000379691,-44.9449,-46.0004
-42,-46,2.14535,-0.00151062,0.0188668,-4.67408e-05,2.68362e-05,0.0188669,-4.67794e-05,0.00141888,0.00304147,108,196,2.14535,0.00150649,-39.8547,-46.0015
-37,-46,2.24161,-0.00205994,0.0198854,-3.81844e-05,6.38039e-05,0.0198856,-3.83891e-05,0.00320238,0.00381805,113,196,2.24161,0.00205509,-34.7584,-46.0021
-32,-46,2.34715,-0.000961304,0.0208285,-1.3038e-05,6.99876e-05,0.0208287,-1.32732e-05,0.00335804,0.00448753,118,196,2.34715,0.000957206,-29.6529,-46.001
-27,-46,2.4564,-4.57764e-05,0.0213965,1.7112e-05,5.87802e-05,0.0213966,1.69501e-05,0.00274936,0.00481022,123,196,2.4564,4.94826e-05,-24.5436,-46
-22,-46,2.5668,0.00112915,0.021428,3.22894e-05,4.19497e-05,0.021428,3.22061e-05,0.00196065,0.00477526,128,196,2.56681,-0.00113314,-19.4332,-45.9989
-17,-46,2.6756,0.00167847,0.0208701,1.70744e-05,3.24066e-05,0.0208701,1.70246e-05,0.00155404,0.00438089,133,196,2.67561,-0.0016733,-14.3244,-45.9983
-12,-46,2.78302,0.00164795,0.019824,-1.80953e-05,1.78287e-05,0.019824,-1.81114e-05,0.00089853,0.00383553,138,196,2.78302,-0.00164787,-9.21698,-45.9984
-7,-46,2.88022,0.00196838,0.0186287,-4.68318e-05,6.39906e-06,0.0186287,-4.68343e-05,0.000342644,0.00343545,143,196,2.88022,-0.00196734,-4.11978,-45.998
-2,-46,2.96664,0.00234985,0.0178044,-5.20538e-05,2.1647e-05,0.0178044,-5.20796e-05,0.00121228,0.00325307,148,196,2.96665,-0.00234928,0.966644,-45.9977
3,-46,3.05141,0.000289917,0.0177831,-2.93714e-05,7.38546e-05,0.0177834,-2.96785e-05,0.00414613,0.00350916,153,196,3.0514,-0.000285153,6.05141,-45.9997
8,-46,3.13976,4.57764e-05,0.0186044,2.99902e-07,0.000125399,0.0186053,-5.45755e-07,0.00674,0.00401593,158,196,3.13975,-5.26474e-05,11.1398,-46
13,-46,3.23616,0.000579834,0.0199055,2.31296e-05,0.000134105,0.0199064,2.2226e-05,0.00674452,0.00459898,163,196,3.23617,-0.000577035,16.2362,-45.9994
18,-46,3.34125,1.52588e-05,0.0211314,2.25511e-05,8.11266e-05,0.0211318,2.22391e-05,0.00384317,0.00514173,168,196,3.34125,-1.87065e-05,21.3412,-46
23,-46,3.45354,-0.000900269,0.0218178,-1.01651e-06,-1.07699e-05,0.0218178,-1.02259e-06,-0.000493608,0.00543646,173,196,3.45354,0.000904498,26.4535,-46.0009
28,-46,3.56905,-0.00108337,0.0217548,-4.2896e-05,-0.000111206,0.0217554,-4.34639e-05,-0.00510154,0.0053349,178,196,3.56905,0.00107781,31.569,-46.0011
33,-46,3.677,0.000274658,0.0209788,-8.56499e-05,-0.000202581,0.0209808,-8.75983e-05,-0.009616,0.00481017,183,196,3.67701,-0.000268727,36.677,-45.9997
38,-46,3.78401,0.000793457,0.0198003,-0.000113295,-0.000272615,0.019804,-0.000117027,-0.0136865,0.00428426,188,196,3.784,-0.000799403,41.784,-45.9992
43,-46,3.87988,0.0010376,0.0186854,-0.000119793,-0.000294561,0.01869,-0.000124405,-0.0156587,0.00374839,193,196,3.87989,-0.00103816,46.8799,-45.999
48,-46,3.96648,-1.52588e-05,0.0180523,-9.96896e-05,-0.000253411,0.0180558,-0.000103226,-0.0139569,0.00319822,198,196,3.96647,9.70499e-06,51.9665,-46
53,-46,4.05562,0.000427246,0.0181359,-6.70029e-05,-0.000153179,0.0181372,-6.8292e-05,-0.0084143,0.00305258,203,196,4.05561,-0.000425459,57.0556,-45.9996
58,-46,4.14558,-0.000991821,0.0188688,-3.43321e-05,-1.44908e-05,0.0188688,-3.43435e-05,-0.00076658,0.00343114,208,196,4.14559,0.000998446,62.1456,-46.001
63,-46,4.24352,-0.000946045,0.0199021,-2.01771e-06,0.000119969,0.0199029,-2.74088e-06,0.00602705,0.00382965,213,196,4.24352,0.00093995,67.2435,-46.0009
68,-46,4.34781,0.000305176,0.0208543,3.66502e-05,0.000199129,0.0208562,3.47449e-05,0.00956423,0.00421029,218,196,4.34781,-0.000307404,72.3478,-45.9997
73,-46,4.45639,0.00224304,0.0214123,8.00465e-05,0.00019627,0.0214141,7.82413e-05,0.00919959,0.00451204,223,196,4.45639,-0.00223871,77.4564,-45.9978
78,-46,4.56754,0.00312805,0.0213892,0.000123598,0.000116088,0.0213899,0.000122964,0.00545873,0.00450924,228,196,4.56753,-0.00312677,82.5675,-45.9969
83,-46,4.67696,0.00343323,0.0207723,0.000146605,2.47994e-05,0.0207723,0.000146575,0.00120235,0.0041679,233,196,4.67696,-0.00342954,87.677,-45.9966
88,-46,4.78198,0.00259399,0.0197417,0.00013305,-3.18419e-05,0.0197418,0.000132999,-0.00162387,0.0035989,238,196,4.78199,-0.00259471,92.782,-45.9974
93,-46,4.87927,0.00157166,0.0186899,7.96816e-05,-3.874e-05,0.01869,7.9602e-05,-0.00208164,0.00287722,243,196,4.87927,-0.00156523,97.8793,-45.9984
98,-46,4.96693,0.00088501,0.0180709,-7.32374e-06,-1.35884e-05,0.0180709,-7.33417e-06,-0.000751643,0.00245234,248,196,4.96694,-0.000880049,102.967,-45.9991
103,-46,5.0542,-0.000457764,0.0181756,-0.000107411,2.01834e-05,0.0181756,-0.000107434,0.00110394,0.00266958,253,196,5.05419,0.000463953,108.054,-46.0005
108,-46,5.14426,-0.00106812,0.0189307,-0.000192371,2.16835e-05,0.0189308,-0.000192396,0.00113389,0.00337131,258,196,5.14426,0.00107431,113.144,-46.0011
113,-46,5.24265,-0.000106812,0.0199322,-0.000224131,-1.89339e-05,0.0199322,-0.000224148,-0.000939352,0.00406426,263,196,5.24266,0.000109732,118.243,-46.0001
118,-46,5.34842,-0.000900269,0.0208873,-0.000202875,-0.000107123,0.0208878,-0.000203419,-0.00507909,0.00441252,268,196,5.34841,0.000898997,123.348,-46.0009
123,-46,5.45691,-0.00254822,0.0215038,-0.000106029,-0.000235627,0.0215064,-0.000108599,-0.010902,0.00462883,273,196,5.4569,0.00254515,128.457,-46.0025
128,-46,5.56885,-0.00370789,0,0,0,0,0,0,-1,278,196,5.56886,0.00371491,133.569,-46.0037
-132,-51,0.336073,0.0052948,0,0,0,0,0,0,-1,18,201,0.336073,-0.00530113,-131.664,-50.9947
-127,-51,0.453371,0.00257874,0.0230604,3.7619e-05,-4.61859e-06,0.0230604,3.76198e-05,-0.00020061,0.00585709,23,201,0.453371,-0.00257547,-126.547,-50.9974
-122,-51,0.569164,0.00169373,0.022208,-2.07427e-05,-3.92334e-06,0.022208,-2.07433e-05,-0.000176499,0.00589098,28,201,0.569165,-0.0016908,-121.431,-50.9983
-117,-51,0.682201,0.00038147,0.0209252,-3.25959e-05,1.99554e-05,0.0209252,-3.26149e-05,0.000952171,0.00546189,33,201,0.682203,-0.000384974,-116.318,-50.9996
-112,-51,0.784519,0.000961304,0.019562,-1.66965e-05,4.77863e-05,0.0195621,-1.68132e-05,0.00244071,0.00487373,38,201,0.784518,-0.000963743,-111.215,-50.999
-107,-51,0.876572,0.000701904,0.0183742,8.58985e-06,6.2508e-05,0.0183745,8.37725e-06,0.00340348,0.003931,43,201,0.876571,-0.000697946,-106.123,-50.9993
-102,-51,0.964401,0.00260925,0.0177625,1.29962e-05,4.69186e-05,0.0177627,1.28709e-05,0.00264334,0.00314614,48,201,0.964403,-0.00260573,-101.036,-50.9974
-97,-51,1.05054,0.0030365,0.0179236,-8.63742e-06,1.4329e-05,0.0179236,-8.64826e-06,0.000799064,0.00330892,53,201,1.05054,-0.00304231,-95.9495,-50.997
-92,-51,1.13915,0.00186157,0.0187552,-3.86693e-05,-2.91259e-05,0.0187552,-3.87141e-05,-0.00154976,0.00415106,58,201,1.13915,-0.00185811,-90.8608,-50.9981
-87,-51,1.23572,0.0027771,0.0199257,-6.10143e-05,-7.1715e-05,0.0199259,-6.12726e-05,-0.00358808,0.00506696,63,201,1.23572,-0.00278048,-85.7643,-50.9972
-82,-51,1.34256,0.00138855,0.0210227,-7.34458e-05,-9.65049e-05,0.0210231,-7.38874e-05,-0.00457441,0.00556074,68,201,1.34256,-0.00138743,-80.6574,-50.9986
-77,-51,1.45245,-0.00105286,0.0216713,-8.24169e-05,-9.54882e-05,0.0216717,-8.28356e-05,-0.0043894,0.00613378,73,201,1.45245,0.00105468,-75.5476,-51.0011
-72,-51,1.56536,-0.00198364,0.0216514,-9.07502e-05,-7.57853e-05,0.0216516,-9.10144e-05,-0.00348559,0.00612932,78,201,1.56536,0.00198821,-70.4346,-51.002
-67,-51,1.67741,-0.000915527,0.0209582,-8.24586e-05,-6.06915e-05,0.0209584,-8.26344e-05,-0.00288445,0.00556055,83,201,1.67741,0.000918549,-65.3226,-51.0009
-62,-51,1.78259,6.10352e-05,0.0198263,-6.01641e-05,-6.99918e-05,0.0198265,-6.04093e-05,-0.00351951,0.00465194,88,201,1.78258,-5.85757e-05,-60.2174,-50.9999
-57,-51,1.87838,0.00157166,0.0186861,-3.61976e-05,-7.96534e-05,0.0186864,-3.65358e-05,-0.00425437,0.00336172,93,201,1.87838,-0.00156669,-55.1216,-50.9984
-52,-51,1.96625,0.000549316,0.0180083,-2.60093e-05,-5.77393e-05,0.0180085,-2.61953e-05,-0.00320159,0.00259,98,201,1.96625,-0.00054681,-50.0338,-50.9995
-47,-51,2.05408,0.000228882,0.0180783,-3.77153e-05,6.25972e-06,0.0180783,-3.77167e-05,0.000345535,0.00249533,103,201,2.05408,-0.000231881,-44.9459,-50.9998
-42,-51,2.14382,-0.00125122,0.0188412,-5.66398e-05,7.08889e-05,0.0188415,-5.69047e-05,0.00375109,0.00309934,108,201,2.14382,0.00125551,-39.8562,-51.0013
-37,-51,2.2403,-0.00115967,0.0199354,-5.28449e-05,0.000101753,0.0199359,-5.33629e-05,0.00509047,0.0038469,113,201,2.2403,0.00115657,-34.7597,-51.0012
-32,-51,2.34692,-0.000976563,0.0209088,-2.0497e-05,9.18417e-05,0.0209092,-2.08998e-05,0.00438809,0.00452241,118,201,2.34692,0.000976898,-29.6531,-51.001
-27,-51,2.45708,-0.000732422,0.0214529,2.57954e-05,6.90059e-05,0.0214531,2.55732e-05,0.00322045,0.00476986,123,201,2.45708,0.000732155,-24.5429,-51.0007
-22,-51,2.56702,0.000198364,0.021435,5.90543e-05,5.64661e-05,0.0214351,5.89062e-05,0.00264155,0.00468751,128,201,2.56702,-0.000194882,-19.433,-50.9998
-17,-51,2.67584,0.000930786,0.0208413,6.14136e-05,6.19746e-05,0.0208415,6.12289e-05,0.00298239,0.00413353,133,201,2.67584,-0.000925936,-14.3242,-50.9991
-12,-51,2.78267,0.00198364,0.0197765,4.42093e-05,5.8889e-05,0.0197767,4.40339e-05,0.00298435,0.00358751,138,201,2.78268,-0.0019856,-9.21733,-50.998
-7,-51,2.87999,0.00263977,0.0185587,2.19222e-05,4.40877e-05,0.0185588,2.18162e-05,0.00237838,0.0032314,143,201,2.87998,-0.00263954,-4.12001,-50.9974
-2,-51,2.96663,0.00271606,0.0177033,7.25746e-06,3.91185e-05,0.0177034,7.17025e-06,0.00221056,0.00314856,148,201,2.96663,-0.00272183,0.966629,-50.9973
3,-51,3.04962,0.000701904,0.0176787,6.90283e-06,6.96242e-05,0.017679,6.62915e-06,0.00393976,0.00369772,153,201,3.04961,-0.000706667,6.04962,-50.9993
8,-51,3.13638,-0.000305176,0.0185619,1.34807e-05,0.000110524,0.0185626,1.28215e-05,0.00595837,0.00430206,158,201,3.13638,0.000304929,11.1364,-51.0003
13,-51,3.23129,-0.000869751,0.0199769,1.96638e-05,0.000123733,0.0199776,1.88975e-05,0.00619961,0.00490208,163,201,3.2313,0.000869404,16.2313,-51.0009
18,-51,3.33888,-0.00135803,0.0213204,1.17462e-05,8.82361e-05,0.0213208,1.13808e-05,0.00414075,0.00526201,168,201,3.33888,0.00135099,21.3389,-51.0014
23,-51,3.45345,-0.00196838,0.0220703,-1.12445e-05,1.42693e-05,0.0220703,-1.12541e-05,0.00064621,0.00564746,173,201,3.45344,0.00197219,26.4534,-51.002
28,-51,3.5714,-0.00102234,0.0219877,-4.02851e-05,-7.24259e-05,0.0219879,-4.05237e-05,-0.00328786,0.0055926,178,201,3.5714,0.0010192,31.5714,-51.001
33,-51,3.68161,0.000900269,0.0211282,-5.76908e-05,-0.000156557,0.0211294,-5.88484e-05,-0.00738912,0.00514623,183,201,3.68162,-0.000906406,36.6816,-50.9991
38,-51,3.78809,0.00175476,0.0198343,-6.07379e-05,-0.000225389,0.0198368,-6.32899e-05,-0.011327,0.00479366,188,201,3.78809,-0.00175777,41.7881,-50.9982
43,-51,3.88409,0.00175476,0.018599,-4.93312e-05,-0.000251388,0.0186023,-5.27184e-05,-0.0134772,0.00423288,193,201,3.88409,-0.00175287,46.8841,-50.9982
48,-51,3.96967,0.00038147,0.0178751,-2.56469e-05,-0.00021686,0.0178778,-2.8274e-05,-0.0121122,0.00354036,198,201,3.96967,-0.000380558,51.9697,-50.9996
53,-51,4.0569,0.000762939,0.0179147,-3.11795e-07,-0.000123543,0.0179156,-1.16322e-06,-0.00689564,0.00315097,203,201,4.05691,-0.000757778,57.0569,-50.9992
58,-51,4.14496,-0.00143433,0.0186622,1.90811e-05,7.50273e-06,0.0186622,1.90781e-05,0.000402441,0.00343394,208,201,4.14495,0.00143824,62.145,-51.0014
63,-51,4.24091,-0.00152588,0.0197739,4.52674e-05,0.000126669,0.0197747,4.44548e-05,0.00642019,0.00387222,213,201,4.24091,0.00152616,67.2409,-51.0015
68,-51,4.34457,-0.000610352,0.0208328,8.97218e-05,0.000181932,0.0208344,8.81264e-05,0.00876981,0.00428483,218,201,4.34457,0.00061656,72.3446,-51.0006
73,-51,4.45486,0.000183105,0.0214847,0.000150198,0.000159282,0.0214859,0.000149009,0.00746538,0.00461184,223,201,4.45486,-0.00018726,77.4549,-50.9998
78,-51,4.56761,0.000350952,0.0214972,0.000203656,7.84856e-05,0.0214975,0.000203366,0.00368582,0.00464843,228,201,4.56761,-0.000356515,82.5676,-50.9996
83,-51,4.67752,0.000579834,0.0208455,0.000220716,1.19396e-05,0.0208455,0.000220709,0.000578896,0.00429929,233,201,4.67751,-0.000586349,87.6775,-50.9994
88,-51,4.78253,0.000198364,0.0197495,0.000190124,-6.77924e-06,0.0197495,0.000190122,-0.000346597,0.0036927,238,201,4.78254,-0.000199539,92.7825,-50.9998
93,-51,4.87816,0.000366211,0.0186501,0.000113296,2.07823e-05,0.0186501,0.000113274,0.00112114,0.00294853,243,201,4.87816,-0.000368211,97.8782,-50.9996
98,-51,4.96613,0.000915527,0.0180253,3.64531e-06,6.37934e-05,0.0180255,3.41982e-06,0.00353977,0.00244168,248,201,4.96613,-0.000914411,102.966,-50.9991
103,-51,5.0527,0.00137329,0.0181625,-0.000111498,9.49488e-05,0.018163,-0.000111992,0.00519565,0.00262976,253,201,5.05271,-0.00136719,108.053,-50.9986
108,-51,5.1441,0.0012207,0.0189666,-0.000204557,7.66463e-05,0.0189669,-0.000204864,0.00399792,0.00350568,258,201,5.14411,-0.00121722,113.144,-50.9988
113,-51,5.24228,0.00263977,0.0200168,-0.000248384,7.20499e-06,0.0200168,-0.000248387,0.000355536,0.00428691,263,201,5.24226,-0.00264363,118.242,-50.9974
118,-51,5.34885,0.00213623,0.0210239,-0.00024987,-0.000111068,0.0210245,-0.000250449,-0.00522068,0.00467396,268,201,5.34885,-0.00213312,123.349,-50.9979
123,-51,5.45816,-0.000228882,0.0216838,-0.000207984,-0.000268573,0.0216871,-0.000211279,-0.0122658,0.00484975,273,201,5.45816,0.000222279,128.458,-51.0002
128,-51,5.56952,-0.00480652,0,0,0,0,0,0,-1,278,201,5.56952,0.00480133,133.57,-51.0048
-132,-56,0.334438,0.00282288,0,0,0,0,0,0,-1,18,206,0.334439,-0.00282502,-131.666,-55.9972
-127,-56,0.452002,0.00169373,0.0231369,7.62259e-05,4.07911e-05,0.023137,7.61533e-05,0.00176885,0.00572748,23,206,0.452002,-0.00168632,-126.548,-55.9983
-122,-56,0.570299,0.00131226,0.0222574,3.4947e-07,4.40707e-05,0.0222575,2.62633e-07,0.00198007,0.00587115,28,206,0.5703,-0.00131052,-121.43,-55.9987
-117,-56,0.68079,0.000823975,0.0209745,-2.66148e-05,4.08393e-05,0.0209746,-2.66945e-05,0.00194461,0.00553311,33,206,0.68079,-0.000816614,-116.319,-55.9992
-112,-56,0.784302,0.0010376,0.0196077,-1.39586e-05,4.27466e-05,0.0196078,-1.40518e-05,0.00217853,0.00488927,38,206,0.784301,-0.00104147,-111.216,-55.999
-107,-56,0.876591,0.000213623,0.0184135,2.31585e-05,4.1165e-05,0.0184136,2.30661e-05,0.00223839,0.0039343,43,206,0.87659,-0.000217307,-106.123,-55.9998
-102,-56,0.96463,0.00202942,0.0177925,4.90604e-05,2.52505e-05,0.0177925,4.90239e-05,0.00142309,0.00309337,48,206,0.964631,-0.00202493,-101.035,-55.998
-97,-56,1.05085,0.00270081,0.0179433,4.94564e-05,-4.18641e-06,0.0179433,4.9456e-05,-0.000233959,0.00325116,53,206,1.05085,-0.00270221,-95.9492,-55.9973
-92,-56,1.13995,0.0018158,0.0187702,2.90008e-05,-4.49877e-05,0.0187703,2.88934e-05,-0.00240045,0.00408696,58,206,1.13995,-0.00181593,-90.86,-55.9982
-87,-56,1.23624,0.00231934,0.0199454,-8.29541e-06,-8.91195e-05,0.0199458,-8.69483e-06,-0.00446619,0.00503709,63,206,1.23623,-0.00232597,-85.7638,-55.9977
-82,-56,1.34303,0.00151062,0.0210531,-5.889e-05,-0.000113597,0.0210537,-5.95003e-05,-0.00538048,0.00556655,68,206,1.34302,-0.00150828,-80.657,-55.9985
-77,-56,1.45322,-0.000579834,0.0217175,-0.000114278,-0.000113223,0.0217181,-0.000114867,-0.00518597,0.00593729,73,206,1.45322,0.000572876,-75.5468,-56.0006
-72,-56,1.56717,-0.00111389,0.021707,-0.000153085,-9.82347e-05,0.0217075,-0.000153527,-0.00449366,0.00582256,78,206,1.56717,0.00112089,-70.4328,-56.0011
-67,-56,1.67895,0.000289917,0.0209914,-0.000142961,-9.28489e-05,0.0209918,-0.00014337,-0.00439315,0.00526282,83,206,1.67895,-0.000287371,-65.3211,-55.9997
-62,-56,1.78522,0.00132751,0.0197973,-9.55193e-05,-0.000107312,0.0197979,-9.60995e-05,-0.00539432,0.00439213,88,206,1.78521,-0.0013246,-60.2148,-55.9987
-57,-56,1.87946,0.00178528,0.018578,-4.28576e-05,-0.000112748,0.0185786,-4.35403e-05,-0.00605466,0.00332637,93,206,1.87946,-0.00178136,-55.1205,-55.9982
-52,-56,1.96622,0.000610352,0.0178458,-1.9052e-05,-7.01071e-05,0.0178461,-1.93268e-05,-0.00392423,0.00266243,98,206,1.96622,-0.000609499,-50.0338,-55.9994
-47,-56,2.05265,0.000335693,0.0179353,-2.98198e-05,1.99132e-05,0.0179354,-2.98414e-05,0.00110844,0.00264139,103,206,2.05265,-0.000340407,-44.9473,-55.9997
-42,-56,2.14177,-0.000991821,0.0187901,-5.40126e-05,9.79269e-05,0.0187906,-5.45224e-05,0.00519649,0.00323909,108,206,2.14177,0.000992868,-39.8582,-56.001
-37,-56,2.2383,-0.000198364,0.0199844,-5.38983e-05,0.000122899,0.0199851,-5.46509e-05,0.00613288,0.00395812,113,206,2.23831,0.000204462,-34.7617,-56.0002
-32,-56,2.34605,3.05176e-05,0.0210055,-2.05599e-05,9.92998e-05,0.0210059,-2.10293e-05,0.00472257,0.00465254,118,206,2.34605,-2.8192e-05,-29.6539,-56
-27,-56,2.45678,-4.57764e-05,0.0215258,3.29569e-05,6.85268e-05,0.0215261,3.27397e-05,0.0031883,0.00487748,123,206,2.45678,4.29733e-05,-24.5432,-56
-22,-56,2.56757,0.000747681,0.0214453,7.94275e-05,6.28329e-05,0.0214455,7.92416e-05,0.00294077,0.00474215,128,206,2.56757,-0.00075419,-19.4324,-55.9993
-17,-56,2.67593,0.00166321,0.0208038,0.000103576,8.20985e-05,0.0208041,0.00010325,0.00396599,0.00415213,133,206,2.67593,-0.00166079,-14.3241,-55.9983
-12,-56,2.78328,0.00259399,0.019724,0.000108632,9.12809e-05,0.0197244,0.000108209,0.00465342,0.00351855,138,206,2.78327,-0.00259912,-9.21672,-55.9974
-7,-56,2.87831,0.00259399,0.0185062,9.60211e-05,7.6387e-05,0.0185065,9.57046e-05,0.00414909,0.0030639,143,206,2.87831,-0.00259025,-4.12169,-55.9974
-2,-56,2.96565,0.00213623,0.0176444,7.22322e-05,5.18896e-05,0.0176446,7.20778e-05,0.0029529,0.00298847,148,206,2.96565,-0.00213421,0.965652,-55.9979
3,-56,3.04808,0.000610352,0.0176225,4.25817e-05,4.78587e-05,0.0176226,4.24515e-05,0.00272233,0.00376199,153,206,3.04808,-0.00061396,6.04808,-55.9994
8,-56,3.13432,-0.000518799,0.0185506,1.33685e-05,5.87336e-05,0.0185508,1.31819e-05,0.00316837,0.00448668,158,206,3.13433,0.000517904,11.1343,-56.0005
13,-56,3.22813,-0.000869751,0.0200445,-1.21757e-05,6.16476e-05,0.0200447,-1.23652e-05,0.00307363,0.00519223,163,206,3.22813,0.000870226,16.2281,-56.0009
18,-56,3.33754,-0.000747681,0.0214678,-3.06991e-05,4.71824e-05,0.0214679,-3.08016e-05,0.00219467,0.00553366,168,206,3.33755,0.000740579,21.3375,-56.0007
23,-56,3.4525,-0.000915527,0.0222562,-3.66106e-05,1.63988e-05,0.0222562,-3.66215e-05,0.000735608,0.00582061,173,206,3.45251,0.00091129,26.4525,-56.0009
28,-56,3.57175,0.000640869,0.0221478,-2.40779e-05,-1.9842e-05,0.0221478,-2.40961e-05,-0.000894917,0.00580702,178,206,3.57174,-0.000635782,31.5717,-55.9994
33,-56,3.68546,0.00184631,0.0212204,5.19071e-06,-6.07538e-05,0.0212205,5.01703e-06,-0.00286366,0.0054492,183,206,3.68546,-0.00184918,36.6855,-55.9982
38,-56,3.79124,0.00238037,0.0198411,3.32879e-05,-0.000104278,0.0198417,3.27388e-05,-0.00526428,0.00506968,188,206,3.79125,-0.00237342,41.7912,-55.9976
43,-56,3.88654,0.0017395,0.0185196,5.23969e-05,-0.00013103,0.0185205,5.14667e-05,-0.00709482,0.00439867,193,206,3.88654,-0.00174169,46.8865,-55.9983
48,-56,3.972,0.000534058,0.0177352,5.98561e-05,-0.000119268,0.017736,5.90514e-05,-0.00674732,0.0036239,198,206,3.97201,-0.000538863,51.972,-55.9995
53,-56,4.05702,0.000610352,0.0177479,5.49843e-05,-6.21462e-05,0.0177481,5.47646e-05,-0.00351244,0.00311526,203,206,4.05702,-0.00060715,57.057,-55.9994
58,-56,4.14459,-0.00202942,0.018511,4.03305e-05,2.63284e-05,0.0185111,4.02927e-05,0.00142541,0.00332022,208,206,4.1446,0.00203084,62.1446,-56.002
63,-56,4.23949,-0.00117493,0.0196945,3.81193e-05,0.000103993,0.0196951,3.75686e-05,0.00529033,0.00381349,213,206,4.23949,0.00117354,67.2395,-56.0012
68,-56,4.34293,-0.000869751,0.0208486,6.15757e-05,0.000128392,0.0208494,6.07828e-05,0.00617622,0.00431199,218,206,4.34292,0.000869328,72.3429,-56.0009
73,-56,4.45413,-0.00106812,0.0215733,0.000110784,9.65667e-05,0.0215738,0.00011035,0.00449919,0.00468735,223,206,4.45414,0.00107015,77.4541,-56.0011
78,-56,4.56755,-0.001297,0.0215966,0.000155596,3.54272e-05,0.0215967,0.000155537,0.0016523,0.00476582,228,206,4.56755,0.00130125,82.5676,-56.0013
83,-56,4.67741,-0.00132751,0.0208934,0.000170273,2.86529e-06,0.0208934,0.000170274,0.000138266,0.0044292,233,206,4.67741,0.00133421,87.6774,-56.0013
88,-56,4.78389,-0.00125122,0.0197315,0.000148399,1.82811e-05,0.0197315,0.000148382,0.000933514,0.00380995,238,206,4.78389,0.00124922,92.7839,-56.0013
93,-56,4.87727,-0.000930786,0.0185946,9.21791e-05,6.76458e-05,0.0185949,9.19309e-05,0.00365598,0.00303743,243,206,4.87728,0.000932084,97.8773,-56.0009
98,-56,4.96541,0.00012207,0.0179741,1.24076e-05,0.000118833,0.0179748,1.1621e-05,0.00661552,0.00243687,248,206,4.9654,-0.000119463,102.965,-55.9999
103,-56,5.05142,0.00230408,0.0181455,-6.79517e-05,0.000144881,0.0181466,-6.91032e-05,0.00795394,0.00248541,253,206,5.05141,-0.00229963,108.051,-55.9977
108,-56,5.14316,0.0027771,0.0189902,-0.000131643,0.000117771,0.018991,-0.000132368,0.00615864,0.00332715,258,206,5.14317,-0.00277139,113.143,-55.9972
113,-56,5.24158,0.00410461,0.020074,-0.000168256,4.06604e-05,0.020074,-0.000168338,0.00200868,0.00421225,263,206,5.24156,-0.00410542,118.242,-55.9959
118,-56,5.34888,0.00384521,0.02111,-0.00018722,-7.55253e-05,0.0211103,-0.000187487,-0.00354619,0.0047645,268,206,5.34889,-0.00384071,123.349,-55.9962
123,-56,5.45923,0.00158691,0.0217907,-0.000205855,-0.000220477,0.0217929,-0.000208066,-0.0100219,0.0049824,273,206,5.45924,-0.00158007,128.459,-55.9984
128,-56,5.5712,-0.00398254,0,0,0,0,0,0,-1,278,206,5.57118,0.00398348,133.571,-56.004
-132,-61,0.334993,0.0015564,0,0,0,0,0,0,-1,18,211,0.334993,-0.00155779,-131.665,-60.9984
-127,-61,0.451588,0.00161743,0.0230478,0.000107123,6.19679e-05,0.023048,0.000106955,0.00270119,0.00549308,23,211,0.451588,-0.00161533,-126.548,-60.9984
-122,-61,0.568565,0.00170898,0.0222337,3.57877e-05,7.78527e-05,0.022234,3.55141e-05,0.00350714,0.00567564,28,211,0.568566,-0.00171197,-121.431,-60.9983
-117,-61,0.680717,0.00131226,0.0210108,-5.93211e-07,6.14177e-05,0.021011,-7.72066e-07,0.00292304,0.00539555,33,211,0.680718,-0.00130476,-116.319,-60.9987
-112,-61,0.784409,0.00119019,0.0196724,7.08819e-07,4.50697e-05,0.0196725,6.06291e-07,0.00229107,0.00473357,38,211,0.784409,-0.00118924,-111.216,-60.9988
-107,-61,0.878387,3.05176e-05,0.0184795,3.51462e-05,2.70474e-05,0.0184795,3.51062e-05,0.00146643,0.00380841,43,211,0.878386,-3.00616e-05,-106.122,-61
-102,-61,0.964718,0.00105286,0.0178432,7.46986e-05,7.33665e-06,0.0178432,7.46949e-05,0.000412902,0.00295387,48,211,0.964717,-0.00105817,-101.035,-60.9989
-97,-61,1.05092,0.00245667,0.0179737,0.000101367,-1.90617e-05,0.0179737,0.000101347,-0.00106655,0.00309249,53,211,1.05092,-0.00245707,-95.9491,-60.9975
-92,-61,1.14073,0.00205994,0.0187884,0.0001047,-4.84478e-05,0.0187885,0.000104574,-0.00259303,0.00389627,58,211,1.14073,-0.00206443,-90.8593,-60.9979
-87,-61,1.23746,0.00250244,0.0199637,7.42429e-05,-7.87802e-05,0.019964,7.39312e-05,-0.00396082,0.00483254,63,211,1.23745,-0.00250179,-85.7625,-60.9975
-82,-61,1.34312,0.00265503,0.0210764,1.09165e-05,-9.01528e-05,0.0210768,1.05314e-05,-0.00427954,0.00549663,68,211,1.34313,-0.00266112,-80.6569,-60.9973
-77,-61,1.45383,0.00204468,0.0217501,-6.7176e-05,-8.84913e-05,0.0217505,-6.75349e-05,-0.00405593,0.00582975,73,211,1.45383,-0.00205,-75.5462,-60.998
-72,-61,1.56873,0.00157166,0.0217476,-0.000123631,-8.75197e-05,0.021748,-0.000123981,-0.0040015,0.00565689,78,211,1.56873,-0.0015646,-70.4313,-60.9984
-67,-61,1.68011,0.00241089,0.0210205,-0.000119446,-0.000106177,0.021021,-0.000119979,-0.00502242,0.00503459,83,211,1.68011,-0.00240606,-65.3199,-60.9976
-62,-61,1.78547,0.00209045,0.0197789,-7.25653e-05,-0.000138987,0.0197799,-7.35382e-05,-0.00700085,0.00423895,88,211,1.78547,-0.002097,-60.2145,-60.9979
-57,-61,1.88105,0.00157166,0.018481,-2.19835e-05,-0.000150861,0.0184823,-2.32132e-05,-0.00815258,0.00337121,93,211,1.88105,-0.00157589,-55.1189,-60.9984
-52,-61,1.9665,0,0.0176784,-6.01679e-06,-0.000101855,0.017679,-6.60308e-06,-0.00575933,0.00270241,98,211,1.9665,-2.9008e-06,-50.0335,-61
-47,-61,2.05115,-7.62939e-05,0.017772,-1.93087e-05,-3.18003e-06,0.017772,-1.93082e-05,-0.000178741,0.00279806,103,211,2.05115,7.95386e-05,-44.9489,-61.0001
-42,-61,2.13881,-0.000686646,0.0187159,-3.99329e-05,7.84109e-05,0.0187162,-4.02611e-05,0.00418052,0.00343038,108,211,2.13881,0.000687437,-39.8612,-61.0007
-37,-61,2.23552,-0.000427246,0.0200189,-3.4897e-05,0.000100729,0.0200194,-3.54024e-05,0.00502275,0.00418495,113,211,2.23552,0.000433397,-34.7645,-61.0004
-32,-61,2.34455,-0.000839233,0.0210977,-2.20081e-06,7.58334e-05,0.0210979,-2.47452e-06,0.00359396,0.0048537,118,211,2.34455,0.000837534,-29.6554,-61.0008
-27,-61,2.45609,-0.00146484,0.0215968,4.74498e-05,4.98159e-05,0.0215969,4.73335e-05,0.00231169,0.00507109,123,211,2.45609,0.00146968,-24.5439,-61.0015
-22,-61,2.56757,-0.00140381,0.0214509,9.04638e-05,5.46727e-05,0.021451,9.03234e-05,0.00255951,0.00484188,128,211,2.56757,0.0013995,-19.4324,-61.0014
-17,-61,2.67525,-0.000793457,0.0207606,0.000118001,8.39796e-05,0.020761,0.000117659,0.00406817,0.00422809,133,211,2.67525,0.000796652,-14.3248,-61.0008
-12,-61,2.78087,0.000350952,0.0196762,0.000126749,0.000101552,0.0196767,0.000126222,0.00519445,0.0035868,138,211,2.78087,-0.000350016,-9.21913,-60.9996
-7,-61,2.87773,0.000457764,0.018485,0.000114697,8.63782e-05,0.0184854,0.00011429,0.00470191,0.00309242,143,211,2.87774,-0.000464189,-4.12227,-60.9995
-2,-61,2.96465,0.000610352,0.0176495,8.71989e-05,4.64909e-05,0.0176496,8.70768e-05,0.00264717,0.00300955,148,211,2.96464,-0.000613528,0.964645,-60.9994
3,-61,3.04718,0.000350952,0.0176407,4.58024e-05,9.8568e-06,0.0176407,4.57969e-05,0.000560209,0.00391149,153,211,3.04717,-0.000355691,6.04718,-60.9996
8,-61,3.13365,-0.000167847,0.0185859,-1.04949e-06,-1.0464e-05,0.0185859,-1.05426e-06,-0.000562976,0.00474495,158,211,3.13365,0.000163778,11.1337,-61.0002
13,-61,3.22775,-0.00038147,0.0200992,-4.81225e-05,-2.10307e-05,0.0200992,-4.81457e-05,-0.00104384,0.00546858,163,211,3.22775,0.000388908,16.2278,-61.0004
18,-61,3.33835,-0.000244141,0.0215324,-7.52834e-05,-1.96744e-05,0.0215324,-7.53002e-05,-0.000910526,0.00573755,168,211,3.33835,0.000239014,21.3383,-61.0002
23,-61,3.45421,-0.000549316,0.0223109,-6.46253e-05,-7.54151e-06,0.0223109,-6.46273e-05,-0.000337042,0.00589978,173,211,3.45421,0.000547251,26.4542,-61.0005
28,-61,3.57198,6.10352e-05,0.0221704,-1.22275e-05,1.59808e-05,0.0221704,-1.22404e-05,0.00072042,0.00584401,178,211,3.57198,-5.42593e-05,31.572,-60.9999
33,-61,3.68616,0.000686646,0.0212131,5.66776e-05,3.56741e-05,0.0212132,5.66188e-05,0.0016862,0.00543478,183,211,3.68616,-0.00068231,36.6862,-60.9993
38,-61,3.79086,0.00126648,0.0198159,0.00010675,3.48986e-05,0.019816,0.000106689,0.00177067,0.0050079,188,211,3.79086,-0.00126272,41.7909,-60.9987
43,-61,3.88669,0.000488281,0.0184797,0.00012198,1.57588e-05,0.0184797,0.000121967,0.000858427,0.00425034,193,211,3.88668,-0.000494819,46.8867,-60.9995
48,-61,3.97208,-0.000457764,0.0176859,0.000102985,1.36821e-06,0.0176859,0.000102986,7.78145e-05,0.00337254,198,211,3.97208,0.000462541,51.9721,-61.0005
53,-61,4.05597,-0.000854492,0.0176911,6.1374e-05,1.03463e-05,0.0176911,6.13676e-05,0.000586866,0.0028539,203,211,4.05596,0.000849606,57.056,-61.0009
58,-61,4.14368,-0.00296021,0.0184552,1.31706e-05,4.15502e-05,0.0184553,1.30776e-05,0.002253,0.0030851,208,211,4.14368,0.00296159,62.1437,-61.003
63,-61,4.23727,-0.00164795,0.0196716,-1.78199e-05,6.92721e-05,0.0196719,-1.80639e-05,0.00351818,0.00376531,213,211,4.23727,0.0016536,67.2373,-61.0016
68,-61,4.34134,-0.000854492,0.0208775,-2.04131e-05,6.74125e-05,0.0208777,-2.06297e-05,0.00322575,0.00432212,218,211,4.34134,0.000853372,72.3413,-61.0009
73,-61,4.45297,-0.00166321,0.0216405,5.01968e-06,3.98179e-05,0.0216405,4.94625e-06,0.00184039,0.0047389,223,211,4.45298,0.00165878,77.453,-61.0017
78,-61,4.56775,-0.00192261,0.0216622,3.16027e-05,1.04235e-05,0.0216622,3.15988e-05,0.000481886,0.00484236,228,211,4.56775,0.00191739,82.5677,-61.0019
83,-61,4.67799,-0.00205994,0.0209175,4.48345e-05,9.57838e-06,0.0209175,4.48292e-05,0.000458897,0.00450792,233,211,4.678,0.00205902,87.678,-61.0021
88,-61,4.78447,-0.00138855,0.0197095,4.33129e-05,4.41722e-05,0.0197096,4.32124e-05,0.00224609,0.0038889,238,211,4.78447,0.00139305,92.7845,-61.0014
93,-61,4.8774,-0.00131226,0.0185481,3.066e-05,9.48441e-05,0.0185486,3.0173e-05,0.0051217,0.00308859,243,211,4.8774,0.00131406,97.8774,-61.0013
98,-61,4.96536,-0.000106812,0.0179287,1.202e-05,0.000139249,0.0179298,1.09375e-05,0.0077714,0.00245581,248,211,4.96536,0.000111431,102.965,-61.0001
103,-61,5.05084,0.00285339,0.018119,-1.73643e-06,0.000157712,0.0181204,-3.10875e-06,0.00870253,0.00242706,253,211,5.05084,-0.00285168,108.051,-60.9971
108,-61,5.142,0.00308228,0.0189877,-1.16441e-05,0.000134419,0.0189886,-1.25943e-05,0.00707446,0.00324184,258,211,5.14201,-0.00308424,113.142,-60.9969
113,-61,5.24005,0.00444031,0.0200912,-2.52475e-05,7.03571e-05,0.0200914,-2.5494e-05,0.00349743,0.00414908,263,211,5.24004,-0.00443395,118.24,-60.9956
118,-61,5.34805,0.00402832,0.0211395,-5.03051e-05,-2.04965e-05,0.0211395,-5.03249e-05,-0.000967282,0.00485028,268,211,5.34806,-0.00402573,123.348,-60.996
123,-61,5.45782,0.00180054,0.0218158,-0.000110674,-0.000132685,0.0218166,-0.000111477,-0.00605105,0.00513569,273,211,5.45782,-0.00180723,128.458,-60.9982
128,-61,5.57071,-0.00326538,0,0,0,0,0,0,-1,278,211,5.5707,0.00325957,133.571,-61.0033
-132,-66,0.336103,0.000366211,0,0,0,0,0,0,-1,18,216,0.336104,-0.000367154,-131.664,-65.9996
-127,-66,0.45137,0.000915527,0.022838,0.00012875,5.79559e-05,0.0228381,0.000128602,0.00255206,0.00532699,23,216,0.45137,-0.000918726,-126.549,-65.9991
-122,-66,0.565607,0.00170898,0.0221423,7.63402e-05,7.89527e-05,0.0221426,7.60574e-05,0.00357796,0.00546194,28,216,0.565607,-0.00170925,-121.434,-65.9983
-117,-66,0.6782,0.00140381,0.0210145,3.90524e-05,6.64755e-05,0.0210147,3.88417e-05,0.00316916,0.00513567,33,216,0.6782,-0.00140446,-116.322,-65.9986
-112,-66,0.783375,0.00146484,0.0197324,2.77725e-05,4.71606e-05,0.0197325,2.76593e-05,0.00239336,0.00440758,38,216,0.783376,-0.00145838,-111.217,-65.9985
-107,-66,0.877525,0.000198364,0.0185574,4.85654e-05,2.21791e-05,0.0185574,4.85377e-05,0.0011983,0.0035294,43,216,0.877526,-0.000203474,-106.122,-65.9998
-102,-66,0.964783,0.000244141,0.0179105,8.75078e-05,-2.82774e-06,0.0179105,8.75071e-05,-0.000158657,0.00268911,48,216,0.964783,-0.000247029,-101.035,-65.9998
-97,-66,1.05222,0.00141907,0.0180153,0.000127443,-2.87277e-05,0.0180153,0.000127397,-0.00160599,0.00278736,53,216,1.05221,-0.00141211,-95.9478,-65.9986
-92,-66,1.14187,0.00117493,0.0188079,0.000149477,-4.54149e-05,0.018808,0.000149367,-0.002434,0.0035759,58,216,1.14187,-0.0011724,-90.8581,-65.9988
-87,-66,1.23795,0.000854492,0.0199753,0.000135422,-5.3588e-05,0.0199754,0.000135277,-0.002701,0.00449364,63,216,1.23795,-0.000850793,-85.762,-65.9991
-82,-66,1.34385,0.00117493,0.0210897,8.53295e-05,-4.36804e-05,0.0210898,8.52393e-05,-0.00207958,0.00526622,68,216,1.34385,-0.00117661,-80.6562,-65.9988
-77,-66,1.45744,0.00119019,0.0217728,1.88819e-05,-3.75894e-05,0.0217729,1.88164e-05,-0.00172793,0.00558167,73,216,1.45744,-0.00118525,-75.5426,-65.9988
-72,-66,1.56961,0.00186157,0.0217826,-2.94522e-05,-5.49555e-05,0.0217827,-2.95909e-05,-0.00251948,0.00538784,78,216,1.56961,-0.00186133,-70.4304,-65.9981
-67,-66,1.67995,0.00257874,0.0210579,-3.05119e-05,-0.000101492,0.0210584,-3.10009e-05,-0.00481252,0.0048165,83,216,1.67995,-0.00257655,-65.3201,-65.9974
-62,-66,1.78802,0.00227356,0.0197879,-5.15515e-06,-0.000153956,0.0197891,-6.35348e-06,-0.00777764,0.0041335,88,216,1.78803,-0.00227916,-60.212,-65.9977
-57,-66,1.88388,0.00131226,0.0184237,1.57681e-05,-0.000174553,0.0184253,1.41123e-05,-0.00948138,0.00332346,93,216,1.88388,-0.00131005,-55.1161,-65.9987
-52,-66,1.96796,0.000137329,0.0175472,7.53752e-06,-0.000134806,0.0175482,6.50156e-06,-0.0076852,0.00270875,98,216,1.96796,-0.000134767,-50.032,-65.9999
-47,-66,2.05078,0.000183105,0.0176241,-1.17974e-05,-5.24569e-05,0.0176243,-1.19535e-05,-0.0029744,0.00291386,103,216,2.05078,-0.00018393,-44.9492,-65.9998
-42,-66,2.13688,0.000198364,0.018628,-2.37654e-05,1.60733e-05,0.018628,-2.37795e-05,0.000861757,0.00358131,108,216,2.13688,-0.000203154,-39.8631,-65.9998
-37,-66,2.23392,0.000305176,0.0200193,-9.47631e-06,3.89329e-05,0.0200194,-9.55258e-06,0.00194384,0.00435631,113,216,2.23393,-0.000303074,-34.7661,-65.9997
-32,-66,2.34428,7.62939e-05,0.0211522,1.94593e-05,2.99216e-05,0.0211522,1.94171e-05,0.00141589,0.00499985,118,216,2.34428,-7.1913e-05,-29.6557,-65.9999
-27,-66,2.45602,-0.000717163,0.021643,5.15965e-05,2.56445e-05,0.021643,5.15673e-05,0.00118772,0.00525039,123,216,2.45602,0.00072254,-24.544,-66.0007
-22,-66,2.5681,-0.00088501,0.0214511,6.85644e-05,4.50352e-05,0.0214512,6.8469e-05,0.00210615,0.00500655,128,216,2.56809,0.000884776,-19.4319,-66.0009
-17,-66,2.67514,-0.000640869,0.0207268,7.19832e-05,7.6621e-05,0.0207271,7.16997e-05,0.00370952,0.0044072,133,216,2.67514,0.000642638,-14.3249,-66.0006
-12,-66,2.77931,-0.000320435,0.0196492,6.40259e-05,8.99389e-05,0.0196496,6.36131e-05,0.00459207,0.00377602,138,216,2.7793,0.000320232,-9.22069,-66.0003
-7,-66,2.87622,-0.000213623,0.0185003,4.76462e-05,6.49504e-05,0.0185006,4.74174e-05,0.00351977,0.00327921,143,216,2.87623,0.000214489,-4.12378,-66.0002
-2,-66,2.96339,0.000198364,0.0177115,2.98444e-05,1.13851e-05,0.0177115,2.98377e-05,0.000643897,0.00309301,148,216,2.9634,-0.0002004,0.963394,-65.9998
3,-66,3.04692,0.000106812,0.0177205,5.94217e-06,-4.36609e-05,0.0177207,5.83474e-06,-0.00246467,0.00396793,153,216,3.04692,-0.000102148,6.04692,-65.9999
8,-66,3.13451,-0.000274658,0.0186529,-2.62864e-05,-7.65833e-05,0.0186533,-2.65995e-05,-0.00409982,0.00488151,158,216,3.1345,0.000280888,11.1345,-66.0003
13,-66,3.2289,0.000228882,0.0201281,-6.97593e-05,-8.67226e-05,0.0201284,-7.01323e-05,-0.00429355,0.00557646,163,216,3.22889,-0.000232535,16.2289,-65.9998
18,-66,3.33942,0.000259399,0.0215085,-9.98481e-05,-7.50465e-05,0.0215087,-0.00010011,-0.00347298,0.00570021,168,216,3.33942,-0.000262811,21.3394,-65.9997
23,-66,3.45494,-9.15527e-05,0.0222364,-8.85197e-05,-4.20021e-05,0.0222365,-8.85986e-05,-0.00188139,0.00567746,173,216,3.45495,9.3908e-05,26.4549,-66.0001
28,-66,3.57071,-0.000457764,0.0220627,-2.5088e-05,1.6616e-05,0.0220628,-2.51001e-05,0.00075227,0.0056174,178,216,3.57071,0.000462128,31.5707,-66.0005
33,-66,3.68414,-0.000396729,0.0211139,5.52236e-05,8.26753e-05,0.0211143,5.48996e-05,0.00392586,0.00523233,183,216,3.68415,0.000389935,36.6841,-66.0004
38,-66,3.78969,9.15527e-05,0.0197645,0.000110998,0.000124125,0.0197653,0.000110213,0.00631534,0.0047933,188,216,3.78969,-8.98593e-05,41.7897,-65.9999
43,-66,3.88353,-0.000778198,0.018484,0.00011998,0.000123349,0.0184848,0.000119152,0.00671649,0.00399274,193,216,3.88353,0.000774856,46.8835,-66.0008
48,-66,3.97023,-0.00102234,0.0177315,8.41699e-05,9.63052e-05,0.017732,8.3643e-05,0.00545699,0.00307789,198,216,3.97024,0.00102917,51.9702,-66.001
53,-66,4.05495,-0.00105286,0.0177479,2.30447e-05,6.83337e-05,0.0177482,2.27811e-05,0.00385517,0.00261537,203,216,4.05495,0.00104688,57.0549,-66.0011
58,-66,4.14328,-0.00222778,0.0184952,-3.6252e-05,5.01412e-05,0.0184953,-3.63886e-05,0.00270571,0.00292892,208,216,4.14328,0.00222459,62.1433,-66.0022
63,-66,4.23785,-0.000808716,0.0196947,-7.65537e-05,3.39732e-05,0.0196948,-7.66115e-05,0.00171831,0.003681,213,216,4.23786,0.00081065,67.2379,-66.0008
68,-66,4.34059,-0.000335693,0.0208946,-9.14218e-05,1.26632e-05,0.0208946,-9.14298e-05,0.000603409,0.00423943,218,216,4.34058,0.000334553,72.3406,-66.0003
73,-66,4.45285,-0.000900269,0.0216548,-8.55247e-05,-3.10086e-06,0.0216548,-8.55252e-05,-0.000142631,0.00466909,223,216,4.45285,0.000898801,77.4529,-66.0009
78,-66,4.56819,-0.001297,0.0216711,-7.62264e-05,1.81531e-06,0.0216711,-7.62269e-05,8.34727e-05,0.00475249,228,216,4.5682,0.00130131,82.5682,-66.0013
83,-66,4.67877,-0.00158691,0.0209142,-6.70275e-05,2.79396e-05,0.0209142,-6.70645e-05,0.00133164,0.00441068,233,216,4.67877,0.00158667,87.6788,-66.0016
88,-66,4.78383,-0.000854492,0.0196973,-5.39568e-05,6.81847e-05,0.0196976,-5.41927e-05,0.00345211,0.00382647,238,216,4.78382,0.000862024,92.7838,-66.0009
93,-66,4.87772,-0.00115967,0.0185325,-2.90032e-05,0.000102807,0.018533,-2.95732e-05,0.00553851,0.00306339,243,216,4.87771,0.00115984,97.8777,-66.0012
98,-66,4.96501,0,0.0179079,1.06979e-05,0.000124256,0.0179087,9.83477e-06,0.00694231,0.00249368,248,216,4.96501,-4.72278e-06,102.965,-66
103,-66,5.05063,0.00262451,0.0180909,6.38654e-05,0.000130874,0.0180918,6.29146e-05,0.00725938,0.00243567,253,216,5.05063,-0.00262533,108.051,-65.9974
108,-66,5.14087,0.00280762,0.0189592,0.000110422,0.00012113,0.0189599,0.000109643,0.00642609,0.00322919,258,216,5.14086,-0.00280624,113.141,-65.9972
113,-66,5.24097,0.00384521,0.0200762,0.000126003,8.88069e-05,0.0200766,0.000125607,0.00445132,0.00414404,263,216,5.24096,-0.00384593,118.241,-65.9962
118,-66,5.34729,0.00387573,0.0211462,0.000106021,4.13091e-05,0.0211463,0.000105941,0.00196334,0.00491522,268,216,5.34729,-0.00388185,123.347,-65.9961
123,-66,5.45679,0.00259399,0.0218388,2.81986e-05,-2.98032e-05,0.0218388,2.81576e-05,-0.00136645,0.00524136,273,216,5.4568,-0.00259872,128.457,-65.9974
128,-66,5.57047,-0.00126648,0,0,0,0,0,0,-1,278,216,5.57047,0.00127323,133.57,-66.0013
-132,-71,0.337107,-0.000610352,0,0,0,0,0,0,-1,18,221,0.337106,0.000606505,-131.663,-71.0006
-127,-71,0.45159,4.57764e-05,0.0226748,0.000118975,3.00539e-05,0.0226749,0.000118935,0.00133242,0.00525387,23,221,0.451589,-4.82112e-05,-126.548,-71
-122,-71,0.565094,0.00128174,0.0220349,8.99426e-05,4.99288e-05,0.022035,8.98298e-05,0.00227517,0.00524613,28,221,0.565094,-0.001289,-121.435,-70.9987
-117,-71,0.677322,0.00115967,0.0209778,6.26965e-05,5.21026e-05,0.0209779,6.25672e-05,0.00249113,0.00480778,33,221,0.677324,-0.00115242,-116.323,-70.9988
-112,-71,0.781605,0.00160217,0.0197558,4.85356e-05,4.08491e-05,0.0197559,4.84502e-05,0.00207278,0.00400253,38,221,0.781604,-0.00160531,-111.218,-70.9984
-107,-71,0.877445,0.000686646,0.0186193,5.72319e-05,1.86895e-05,0.0186193,5.7213e-05,0.00100686,0.00321996,43,221,0.877443,-0.000686144,-106.123,-70.9993
-102,-71,0.964512,-0.000183105,0.017979,8.56902e-05,-9.32539e-06,0.017979,8.56863e-05,-0.000521166,0.00252917,48,221,0.964511,0.000187809,-101.035,-71.0002
-97,-71,1.05275,0.000366211,0.0180618,0.00011893,-3.40536e-05,0.0180619,0.000118866,-0.00189787,0.00265949,53,221,1.05275,-0.000358754,-95.9473,-70.9996
-92,-71,1.1424,-0.000106812,0.0188253,0.000139719,-4.07156e-05,0.0188254,0.00013963,-0.00217898,0.00340941,58,221,1.1424,0.000100154,-90.8576,-71.0001
-87,-71,1.23845,-0.000686646,0.0199754,0.000133515,-2.93307e-05,0.0199755,0.000133473,-0.00147822,0.00426822,63,221,1.23845,0.000684214,-85.7616,-71.0007
-82,-71,1.34377,0,0.0210907,0.000105839,-2.53199e-06,0.0210907,0.000105839,-0.000120658,0.00512719,68,221,1.34376,-4.92046e-06,-80.6562,-71
-77,-71,1.45615,0.000991821,0.0217931,7.33951e-05,7.14018e-06,0.0217931,7.33929e-05,0.000328742,0.00547771,73,221,1.45615,-0.000987099,-75.5438,-70.999
-72,-71,1.57001,0.00238037,0.0218269,5.56642e-05,-2.54015e-05,0.0218269,5.56353e-05,-0.00116675,0.00531802,78,221,1.57001,-0.00238264,-70.43,-70.9976
-67,-71,1.68068,0.00276184,0.0211128,5.9343e-05,-8.77367e-05,0.0211132,5.89779e-05,-0.00416723,0.0047942,83,221,1.68068,-0.0027604,-65.3193,-70.9972
-62,-71,1.78864,0.00201416,0.0198225,6.3028e-05,-0.000145529,0.0198235,6.19562e-05,-0.00736451,0.00408683,88,221,1.78864,-0.00201966,-60.2114,-70.998
-57,-71,1.88577,0.000869751,0.0184069,5.10369e-05,-0.000166294,0.0184084,4.95305e-05,-0.00905846,0.0032601,93,221,1.88576,-0.000871913,-55.1142,-70.9991
-52,-71,1.96992,0.000427246,0.0174701,2.10373e-05,-0.00014285,0.0174713,1.9867e-05,-0.00818593,0.00266748,98,221,1.96992,-0.00043333,-50.0301,-70.9996
-47,-71,2.05091,9.15527e-05,0.0175184,-2.78096e-06,-9.39832e-05,0.0175189,-3.28477e-06,-0.00536376,0.00294633,103,221,2.05091,-9.50673e-05,-44.9491,-70.9999
-42,-71,2.13697,0.00050354,0.0185425,-6.80631e-06,-5.32856e-05,0.0185426,-6.95884e-06,-0.00287262,0.00362197,108,221,2.13697,-0.000497528,-39.863,-70.9995
-37,-71,2.23292,6.10352e-05,0.0199799,1.26766e-05,-3.03517e-05,0.0199799,1.26306e-05,-0.00152007,0.00438014,113,221,2.23292,-5.65859e-05,-34.7671,-70.9999
-32,-71,2.34406,-0.000167847,0.0211497,3.26274e-05,-1.31043e-05,0.0211497,3.26196e-05,-0.000620557,0.00498968,118,221,2.34407,0.000167889,-29.6559,-71.0002
-27,-71,2.45564,-0.00157166,0.0216495,3.62384e-05,1.61357e-05,0.0216495,3.62257e-05,0.000746564,0.00529293,123,221,2.45564,0.0015764,-24.5444,-71.0016
-22,-71,2.56731,-0.00170898,0.0214484,1.05472e-05,5.25626e-05,0.0214485,1.04196e-05,0.00245184,0.00502428,128,221,2.56731,0.0017075,-19.4327,-71.0017
-17,-71,2.6759,-0.00123596,0.0207208,-2.87862e-05,7.63278e-05,0.0207211,-2.90666e-05,0.00367845,0.00449306,133,221,2.6759,0.00123467,-14.3241,-71.0012
-12,-71,2.77838,-0.000686646,0.0196636,-6.12815e-05,6.72031e-05,0.0196638,-6.15101e-05,0.00340698,0.00396626,138,221,2.77838,0.000687277,-9.22162,-71.0007
-7,-71,2.8755,-7.62939e-05,0.0185553,-7.6836e-05,1.69215e-05,0.0185553,-7.68509e-05,0.000908189,0.00351675,143,221,2.8755,7.38465e-05,-4.1245,-71.0001
-2,-71,2.96321,0.000350952,0.0178047,-7.02248e-05,-5.30361e-05,0.0178049,-7.03828e-05,-0.00296702,0.00332003,148,221,2.96321,-0.000343412,0.963211,-70.9996
3,-71,3.04778,-0.000183105,0.0178179,-5.6344e-05,-0.000111496,0.0178186,-5.70389e-05,-0.00623746,0.00402838,153,221,3.04778,0.000178298,6.04778,-71.0002
8,-71,3.13615,-0.000839233,0.0187107,-5.27793e-05,-0.000134423,0.0187117,-5.37429e-05,-0.0071636,0.00488838,158,221,3.13615,0.000834613,11.1362,-71.0008
13,-71,3.2307,0.000732422,0.0201192,-7.30169e-05,-0.000124715,0.02012,-7.37878e-05,-0.00617608,0.00553248,163,221,3.2307,-0.000725748,16.2307,-70.9993
18,-71,3.34056,0.00115967,0.0214282,-0.000100599,-0.000100053,0.0214287,-0.000101064,-0.00464725,0.00557296,168,221,3.34056,-0.00116098,21.3406,-70.9988
23,-71,3.45544,0.00138855,0.0220971,-0.00010525,-6.6077e-05,0.0220973,-0.000105447,-0.00297609,0.00540976,173,221,3.45544,-0.00138214,26.4554,-70.9986
28,-71,3.57066,9.15527e-05,0.0218944,-6.29114e-05,-7.62293e-06,0.0218944,-6.29136e-05,-0.000347171,0.00534461,178,221,3.57066,-9.06815e-05,31.5707,-70.9999
33,-71,3.68217,-0.000900269,0.0209713,-1.62669e-07,6.92482e-05,0.0209715,-3.91155e-07,0.00330197,0.00493358,183,221,3.68218,0.000906968,36.6822,-71.0009
38,-71,3.78468,-0.000793457,0.0197,4.81579e-05,0.000131748,0.0197009,4.72749e-05,0.00670372,0.00438291,188,221,3.78468,0.000798942,41.7847,-71.0008
43,-71,3.88019,-0.00140381,0.0185133,5.77762e-05,0.000151365,0.0185145,5.65341e-05,0.00820086,0.0035833,193,221,3.88019,0.00139958,46.8802,-71.0014
48,-71,3.96843,-0.00170898,0.0178313,2.78277e-05,0.000130795,0.0178323,2.68668e-05,0.00734603,0.00273539,198,221,3.96843,0.00170697,51.9684,-71.0017
53,-71,4.05394,-0.00137329,0.0178699,-2.33676e-05,9.10307e-05,0.0178704,-2.38298e-05,0.00508724,0.00239561,203,221,4.05394,0.00137643,57.0539,-71.0014
58,-71,4.14308,-0.00157166,0.0185934,-6.68722e-05,4.70668e-05,0.0185935,-6.6991e-05,0.00252228,0.00283762,208,221,4.14308,0.00156857,62.1431,-71.0016
63,-71,4.23897,1.52588e-05,0.0197468,-9.64043e-05,3.59918e-06,0.0197469,-9.64059e-05,0.000181381,0.00356288,213,221,4.23897,-8.21082e-06,67.239,-71
68,-71,4.34129,0.000106812,0.0208964,-0.000110611,-3.04761e-05,0.0208964,-0.000110656,-0.00145076,0.00415712,218,221,4.3413,-0.000106319,72.3413,-70.9999
73,-71,4.45262,0.000259399,0.0216154,-0.000117077,-3.53068e-05,0.0216154,-0.000117134,-0.00162461,0.0046318,223,221,4.45262,-0.000255364,77.4526,-70.9997
78,-71,4.5675,-0.000244141,0.0216182,-0.000119525,-3.44415e-06,0.0216182,-0.000119527,-0.000158441,0.00474931,228,221,4.5675,0.000247439,82.5675,-71.0002
83,-71,4.67799,-0.000808716,0.0208767,-0.000115371,4.37811e-05,0.0208768,-0.000115462,0.00208559,0.00443392,233,221,4.67799,0.000805785,87.678,-71.0008
88,-71,4.78287,-0.000137329,0.0196926,-9.75039e-05,8.27722e-05,0.0196929,-9.78503e-05,0.00418241,0.0038286,238,221,4.78287,0.000137521,92.7829,-71.0001
93,-71,4.87679,-0.000762939,0.0185535,-5.59572e-05,9.47769e-05,0.018554,-5.64409e-05,0.00509277,0.00306147,243,221,4.87678,0.000769182,97.8768,-71.0008
98,-71,4.96465,0.00012207,0.0179229,1.24816e-05,8.49195e-05,0.0179234,1.20793e-05,0.00474119,0.00248771,248,221,4.96464,-0.000126742,102.965,-70.9999
103,-71,5.05115,0.00157166,0.0180708,0.000101127,7.53162e-05,0.0180711,0.000100811,0.0041912,0.0024464,253,221,5.05113,-0.00157804,108.051,-70.9984
108,-71,5.14011,0.0015564,0.0189094,0.000184483,8.00113e-05,0.0189097,0.000184142,0.00427289,0.00319146,258,221,5.1401,-0.00155878,113.14,-70.9984
113,-71,5.23926,0.00230408,0.0200329,0.000229213,8.76058e-05,0.0200332,0.000228826,0.00442361,0.00408994,263,221,5.23927,-0.00229794,118.239,-70.9977
118,-71,5.34628,0.00241089,0.021144,0.000233862,9.35451e-05,0.0211444,0.000233444,0.00447355,0.00488731,268,221,5.34629,-0.0024106,123.346,-70.9976
123,-71,5.45615,0.0022583,0.0218989,0.000177876,7.53603e-05,0.0218991,0.000177613,0.00346941,0.00526827,273,221,5.45614,-0.00226261,128.456,-70.9977
128,-71,5.5708,6.10352e-05,0,0,0,0,0,0,-1,278,221,5.57081,-5.53281e-05,133.571,-70.9999
-132,-76,0.339569,-0.00120544,0,0,0,0,0,0,-1,18,226,0.33957,0.0012113,-131.66,-76.0012
-127,-76,0.452478,-0.000839233,0.0224872,7.653e-05,8.13622e-06,0.0224872,7.65277e-05,0.000363051,0.00526887,23,226,0.452478,0.000834285,-126.548,-76.0008
-122,-76,0.5658,3.05176e-05,0.0219016,5.6347e-05,1.88432e-05,0.0219017,5.6331e-05,0.000862574,0.00516597,28,226,0.565799,-3.49305e-05,-121.434,-76
-117,-76,0.677338,-4.57764e-05,0.020911,4.7416e-05,2.77527e-05,0.020911,4.73782e-05,0.0013302,0.00471207,33,226,0.677338,4.03102e-05,-116.323,-76
-112,-76,0.780605,0.000823975,0.0197425,4.54644e-05,2.28447e-05,0.0197425,4.54383e-05,0.0011598,0.00398934,38,226,0.780604,-0.000822224,-111.219,-75.9992
-107,-76,0.877129,0.000289917,0.0186569,5.36471e-05,6.8365e-06,0.0186569,5.36451e-05,0.00036749,0.00310587,43,226,0.877127,-0.000288687,-106.123,-75.9997
-102,-76,0.964222,-0.000488281,0.0180396,7.1132e-05,-1.7847e-05,0.0180396,7.11149e-05,-0.000993242,0.00245526,48,226,0.964222,0.000482209,-101.036,-76.0005
-97,-76,1.05303,-0.000152588,0.0181094,8.6497e-05,-3.68883e-05,0.0181094,8.64221e-05,-0.00204674,0.00258389,53,226,1.05303,0.000157701,-95.947,-76.0002
-92,-76,1.14273,-0.000869751,0.0188428,9.27178e-05,-3.71908e-05,0.0188428,9.26433e-05,-0.0019835,0.00333596,58,226,1.14273,0.000872243,-90.8573,-76.0009
-87,-76,1.23927,-0.00114441,0.0199698,8.6826e-05,-1.68282e-05,0.0199699,8.68114e-05,-0.000846359,0.00406069,63,226,1.23927,0.00113801,-85.7607,-76.0011
-82,-76,1.34388,-0.00088501,0.0210845,8.07174e-05,1.40001e-05,0.0210845,8.07084e-05,0.000666552,0.00487924,68,226,1.34388,0.000886743,-80.6561,-76.0009
-77,-76,1.45628,0.000106812,0.021812,8.52526e-05,2.30489e-05,0.021812,8.52291e-05,0.00106086,0.00528324,73,226,1.45629,-0.000111602,-75.5437,-75.9999
-72,-76,1.57026,0.00112915,0.0218735,0.000101056,-1.32835e-05,0.0218735,0.000101048,-0.000610105,0.00528624,78,226,1.57026,-0.00112674,-70.4297,-75.9989
-67,-76,1.68338,0.00128174,0.0211662,0.000113759,-6.75068e-05,0.0211664,0.000113543,-0.00320656,0.00484007,83,226,1.68338,-0.00128799,-65.3166,-75.9987
-62,-76,1.78934,0.000961304,0.0198579,0.000105188,-0.000107642,0.0198585,0.000104601,-0.00544926,0.00409726,88,226,1.78935,-0.000966529,-60.2107,-75.999
-57,-76,1.88699,0.000274658,0.0184123,7.39639e-05,-0.000116736,0.018413,7.32206e-05,-0.00636534,0.00320683,93,226,1.887,-0.000269061,-55.113,-75.9997
-52,-76,1.97134,0.00062561,0.0174437,3.50502e-05,-0.000108611,0.0174443,3.43723e-05,-0.00623861,0.00261579,98,226,1.97135,-0.000629925,-50.0287,-75.9994
-47,-76,2.05318,1.52588e-05,0.0174649,1.05084e-05,-9.84387e-05,0.0174655,9.95398e-06,-0.00563952,0.00291154,103,226,2.05318,-1.02183e-05,-44.9468,-76
-42,-76,2.13871,0.000320435,0.0184726,8.956e-06,-9.28062e-05,0.0184731,8.48901e-06,-0.00502626,0.00357392,108,226,2.13871,-0.000314953,-39.8613,-75.9997
-37,-76,2.23374,-0.000518799,0.0199107,2.42156e-05,-7.48607e-05,0.019911,2.39341e-05,-0.00376433,0.00433752,113,226,2.23374,0.000521786,-34.7663,-76.0005
-32,-76,2.34387,-0.00100708,0.0210986,3.2013e-05,-3.45206e-05,0.0210987,3.19565e-05,-0.00163864,0.00501179,118,226,2.34387,0.00100937,-29.6561,-76.001
-27,-76,2.45513,-0.00241089,0.0216273,1.02966e-05,2.60237e-05,0.0216274,1.0265e-05,0.00120385,0.00524937,123,226,2.45513,0.00241551,-24.5449,-76.0024
-22,-76,2.56732,-0.0019989,0.0214585,-4.86179e-05,7.33348e-05,0.0214587,-4.88684e-05,0.00340974,0.00511032,128,226,2.56732,0.00200228,-19.4327,-76.002
-17,-76,2.67447,-0.000976563,0.020759,-0.000119036,7.62123e-05,0.0207593,-0.000119315,0.0036503,0.00470827,133,226,2.67447,0.000970883,-14.3255,-76.001
-12,-76,2.77975,0.000152588,0.0197274,-0.000163701,2.97808e-05,0.0197275,-0.000163745,0.00149718,0.00429832,138,226,2.77975,-0.000159088,-9.22025,-75.9998
-7,-76,2.87589,0.000656128,0.018642,-0.000170271,-5.27192e-05,0.0186421,-0.00017042,-0.00280235,0.00386019,143,226,2.87589,-0.000656435,-4.12411,-75.9993
-2,-76,2.96408,0.00112915,0.0179042,-0.000138218,-0.000135909,0.0179052,-0.000139241,-0.00753219,0.00356016,148,226,2.96408,-0.00112252,0.964081,-75.9989
3,-76,3.04976,0.000747681,0.0179019,-9.08448e-05,-0.000185322,0.0179038,-9.27532e-05,-0.0102984,0.00398029,153,226,3.04975,-0.000747464,6.04976,-75.9993
8,-76,3.13853,-0.00088501,0.0187382,-5.40538e-05,-0.000185304,0.0187401,-5.58812e-05,-0.00985935,0.00467969,158,226,3.13853,0.000882165,11.1385,-76.0009
13,-76,3.23357,0.000427246,0.0200685,-4.67862e-05,-0.00014676,0.0200696,-4.78569e-05,-0.00729544,0.00525507,163,226,3.23357,-0.00043054,16.2336,-75.9996
18,-76,3.34253,0.00177002,0.0213112,-6.66374e-05,-0.000103021,0.0213117,-6.71344e-05,-0.00481888,0.00538781,168,226,3.34253,-0.00177719,21.3425,-75.9982
23,-76,3.45657,0.00224304,0.021941,-9.10123e-05,-7.25181e-05,0.0219412,-9.1251e-05,-0.00329144,0.00530073,173,226,3.45657,-0.00224494,26.4566,-75.9978
28,-76,3.57045,0.000808716,0.0217326,-8.66678e-05,-3.43978e-05,0.0217326,-8.6721e-05,-0.00157649,0.00519973,178,226,3.57045,-0.000816145,31.5704,-75.9992
33,-76,3.68082,-0.000839233,0.0208462,-6.01321e-05,2.23218e-05,0.0208462,-6.01551e-05,0.0010677,0.0047702,183,226,3.68082,0.000840749,36.6808,-76.0008
38,-76,3.78238,-0.00138855,0.0196474,-3.03607e-05,7.94411e-05,0.0196477,-3.06815e-05,0.00403702,0.00401628,188,226,3.78238,0.0013944,41.7824,-76.0014
43,-76,3.8777,-0.00167847,0.0185455,-1.68799e-05,0.000111093,0.0185461,-1.75443e-05,0.00598458,0.00315619,193,226,3.8777,0.00168154,46.8777,-76.0017
48,-76,3.96703,-0.00175476,0.0179317,-2.56553e-05,0.000108699,0.0179323,-2.63136e-05,0.00605289,0.00239886,198,226,3.96702,0.00176146,51.967,-76.0018
53,-76,4.05255,-0.000671387,0.0179987,-4.68325e-05,8.01811e-05,0.0179991,-4.71892e-05,0.00444315,0.00223557,203,226,4.05256,0.0006706,57.0526,-76.0007
58,-76,4.14272,-0.000244141,0.0187071,-6.0676e-05,3.56049e-05,0.0187072,-6.07427e-05,0.00189711,0.00279924,208,226,4.14271,0.000245154,62.1427,-76.0002
63,-76,4.24022,0.00131226,0.0198116,-6.96353e-05,-1.47796e-05,0.0198116,-6.96462e-05,-0.000743396,0.00354242,213,226,4.24022,-0.00130614,67.2402,-75.9987
68,-76,4.34261,0.000793457,0.0208896,-7.74759e-05,-5.36708e-05,0.0208898,-7.76146e-05,-0.00255974,0.00420373,218,226,4.34261,-0.000800882,72.3426,-75.9992
73,-76,4.45349,0.00134277,0.0215412,-9.10488e-05,-5.44687e-05,0.0215414,-9.11858e-05,-0.00251791,0.00469137,223,226,4.45349,-0.00133668,77.4535,-75.9987
78,-76,4.56747,0.000549316,0.0215203,-0.000101525,-1.20407e-05,0.0215203,-0.000101532,-0.000556879,0.00476679,228,226,4.56747,-0.000553129,82.5675,-75.9995
83,-76,4.67685,-0.000259399,0.0208109,-0.000103625,4.48803e-05,0.020811,-0.000103721,0.00214588,0.00442029,233,226,4.67685,0.000255602,87.6768,-76.0003
88,-76,4.78133,0.000686646,0.0196897,-8.9978e-05,7.8865e-05,0.01969,-9.02936e-05,0.00398708,0.00375314,238,226,4.78132,-0.000682062,92.7813,-75.9993
93,-76,4.87558,0.000274658,0.0186016,-5.24308e-05,7.25271e-05,0.0186019,-5.27138e-05,0.00388794,0.00299939,243,226,4.87558,-0.000280129,97.8756,-75.9997
98,-76,4.96471,0.000717163,0.0179715,1.25211e-05,3.67082e-05,0.0179715,1.24453e-05,0.002044,0.00246173,248,226,4.9647,-0.000713772,102.965,-75.9993
103,-76,5.05133,0.000595093,0.0180673,9.89921e-05,8.96757e-06,0.0180673,9.89875e-05,0.000499077,0.00245708,253,226,5.05132,-0.000593216,108.051,-75.9994
108,-76,5.1398,0.000427246,0.0188506,0.000192114,1.75583e-05,0.0188507,0.000192098,0.000941031,0.00317552,258,226,5.13981,-0.000431679,113.14,-75.9996
113,-76,5.23779,0.000579834,0.0199657,0.000262064,5.4248e-05,0.0199659,0.000261914,0.00275317,0.00405916,263,226,5.2378,-0.000587339,118.238,-75.9994
118,-76,5.34433,0.000427246,0.0211224,0.000310133,0.000107119,0.021123,0.000309581,0.00514671,0.00486762,268,226,5.34433,-0.000420711,123.344,-75.9996
123,-76,5.4556,0.00106812,0.0219788,0.000318107,0.000153381,0.0219799,0.000317022,0.00708062,0.00531897,273,226,5.45561,-0.00106225,128.456,-75.9989
128,-76,5.57199,0.000823975,0,0,0,0,0,0,-1,278,226,5.57198,-0.00082139,133.572,-75.9992
-132,-81,0.341169,-0.00184631,0,0,0,0,0,0,-1,18,231,0.341169,0.00185189,-131.659,-81.0018
-127,-81,0.453964,-0.001297,0.0223136,1.12923e-05,-5.49877e-07,0.0223136,1.12932e-05,-2.46556e-05,0.00537894,23,231,0.453965,0.00129905,-126.546,-81.0013
-122,-81,0.569448,-0.000396729,0.0217631,-1.30338e-05,6.59963e-06,0.0217632,-1.30348e-05,0.000303066,0.00518153,28,231,0.569449,0.00039275,-121.431,-81.0004
-117,-81,0.677185,-0.000320435,0.0208398,-8.69102e-06,8.25748e-06,0.0208399,-8.6939e-06,0.00039607,0.00479337,33,231,0.677184,0.000317265,-116.323,-81.0003
-112,-81,0.780277,0.000534058,0.0197134,7.17904e-06,-1.39263e-07,0.0197134,7.17863e-06,-7.06692e-06,0.00405765,38,231,0.780279,-0.000536986,-111.22,-80.9995
-107,-81,0.876526,-0.000289917,0.0186733,2.45973e-05,-1.33303e-05,0.0186733,2.45888e-05,-0.000714811,0.00308124,43,231,0.876527,0.00028857,-106.123,-81.0003
-102,-81,0.964127,-0.000976563,0.0180835,3.91353e-05,-2.98951e-05,0.0180836,3.90867e-05,-0.00165675,0.0024497,48,231,0.964128,0.000977702,-101.036,-81.001
-97,-81,1.05281,-0.000595093,0.0181506,4.29437e-05,-3.96009e-05,0.0181507,4.28567e-05,-0.00218695,0.00254429,53,231,1.05281,0.000595349,-95.9472,-81.0006
-92,-81,1.14303,-0.00120544,0.0188602,4.01315e-05,-3.69255e-05,0.0188602,4.0058e-05,-0.00196202,0.0033036,58,231,1.14303,0.00120134,-90.857,-81.0012
-87,-81,1.23958,-0.000930786,0.0199628,3.83197e-05,-1.87343e-05,0.0199628,3.83025e-05,-0.000940263,0.00399672,63,231,1.23958,0.000924897,-85.7604,-81.0009
-82,-81,1.34386,-0.000671387,0.0210735,4.98581e-05,5.10319e-06,0.0210735,4.98565e-05,0.000242736,0.00479862,68,231,1.34387,0.000667071,-80.6561,-81.0007
-77,-81,1.4561,0.000274658,0.021822,7.8501e-05,1.26272e-05,0.021822,7.84937e-05,0.000580736,0.0052606,73,231,1.4561,-0.000274404,-75.5439,-80.9997
-72,-81,1.57059,0.000823975,0.0219019,0.000110441,-9.7017e-06,0.0219019,0.000110437,-0.000445206,0.00534997,78,231,1.57059,-0.000830023,-70.4294,-80.9992
-67,-81,1.68232,0.000961304,0.0211904,0.000123978,-3.132e-05,0.0211904,0.000123931,-0.00148672,0.00491167,83,231,1.68232,-0.000962182,-65.3177,-80.999
-62,-81,1.79252,0.00012207,0.0198679,0.000109602,-3.61263e-05,0.019868,0.000109536,-0.0018284,0.00413899,88,231,1.79252,-0.000129124,-60.2075,-80.9999
-57,-81,1.88718,-0.000198364,0.0184188,7.55026e-05,-2.84102e-05,0.0184188,7.54585e-05,-0.0015488,0.00317663,93,231,1.88718,0.000195564,-55.1128,-81.0002
-52,-81,1.97224,0.000656128,0.0174557,3.99246e-05,-3.30199e-05,0.0174557,3.98615e-05,-0.00189597,0.00255914,98,231,1.97224,-0.000653226,-50.0278,-80.9993
-47,-81,2.05428,0.000137329,0.0174664,1.70263e-05,-5.94286e-05,0.0174666,1.68243e-05,-0.00340573,0.00282664,103,231,2.05429,-0.000132375,-44.9457,-80.9999
-42,-81,2.13988,0.000427246,0.0184381,1.01567e-05,-9.09086e-05,0.0184385,9.70811e-06,-0.00493304,0.00349319,108,231,2.13989,-0.000421995,-39.8601,-80.9996
-37,-81,2.23486,-6.10352e-05,0.0198446,1.07475e-05,-9.0171e-05,0.019845,1.03377e-05,-0.0045462,0.00426836,113,231,2.23487,6.35573e-05,-34.7651,-81.0001
-32,-81,2.34345,-0.00115967,0.0210353,5.94931e-06,-4.48899e-05,0.0210354,5.85336e-06,-0.00213461,0.0048685,118,231,2.34345,0.0011592,-29.6565,-81.0012
-27,-81,2.45519,-0.00213623,0.0216054,-2.34581e-05,3.01659e-05,0.0216055,-2.35001e-05,0.0013947,0.00510359,123,231,2.45519,0.00213213,-24.5448,-81.0021
-22,-81,2.56599,-0.000961304,0.0214971,-8.06014e-05,7.90469e-05,0.0214974,-8.08919e-05,0.00366329,0.00502583,128,231,2.566,0.000963492,-19.434,-81.001
-17,-81,2.67374,0.00106812,0.0208407,-0.000143046,5.80265e-05,0.0208409,-0.000143206,0.00276527,0.00477599,133,231,2.67373,-0.00106839,-14.3263,-80.9989
-12,-81,2.77921,0.00273132,0.0198221,-0.000174666,-2.12632e-05,0.0198222,-0.000174688,-0.00106333,0.00449235,138,231,2.77921,-0.00272377,-9.22079,-80.9973
-7,-81,2.87711,0.00248718,0.0187308,-0.000168288,-0.00012454,0.0187316,-0.000169109,-0.00658933,0.00399731,143,231,2.87711,-0.00248916,-4.12289,-80.9975
-2,-81,2.96585,0.00248718,0.0179813,-0.000126299,-0.000209099,0.0179837,-0.000128713,-0.0115455,0.00364896,148,231,2.96585,-0.00249221,0.965851,-80.9975
3,-81,3.05165,0.00254822,0.0179553,-7.00746e-05,-0.000242399,0.0179586,-7.33342e-05,-0.0134444,0.00387035,153,231,3.05166,-0.00254399,6.05165,-80.9975
8,-81,3.14091,-6.10352e-05,0.0187379,-1.9965e-05,-0.000219045,0.0187405,-2.25231e-05,-0.0116753,0.00448729,158,231,3.14091,6.14369e-05,11.1409,-81.0001
13,-81,3.23557,0.00111389,0.0199938,8.36524e-06,-0.00015724,0.019995,7.12834e-06,-0.00786709,0.00499512,163,231,3.23557,-0.00111322,16.2356,-80.9989
18,-81,3.34262,0.00276184,0.0211798,4.40391e-06,-9.49523e-05,0.0211802,3.97768e-06,-0.00448397,0.00526595,168,231,3.34261,-0.00275893,21.3426,-80.9972
23,-81,3.45572,0.00311279,0.0217922,-2.5309e-05,-6.3634e-05,0.0217924,-2.5495e-05,-0.00291662,0.00537603,173,231,3.45573,-0.0031091,26.4557,-80.9969
28,-81,3.5717,0.00192261,0.0216046,-5.36722e-05,-4.71496e-05,0.0216047,-5.37755e-05,-0.00217696,0.00521588,178,231,3.5717,-0.00192655,31.5717,-80.9981
33,-81,3.68037,0.000274658,0.0207639,-6.73828e-05,-2.19896e-05,0.0207639,-6.74063e-05,-0.0010556,0.00480627,183,231,3.68037,-0.000270946,36.6804,-80.9997
38,-81,3.78137,-0.000411987,0.0196191,-6.67412e-05,1.31529e-05,0.0196191,-6.67498e-05,0.00066814,0.00403999,188,231,3.78136,0.000411871,41.7814,-81.0004
43,-81,3.87685,-0.000549316,0.0185717,-5.97717e-05,4.3859e-05,0.0185718,-5.98757e-05,0.00235401,0.00312913,193,231,3.87685,0.000543535,46.8768,-81.0005
48,-81,3.96693,-0.00138855,0.0180028,-5.55051e-05,5.68186e-05,0.018003,-5.56838e-05,0.00314635,0.00233959,198,231,3.96693,0.00138344,51.9669,-81.0014
53,-81,4.05226,-0.000366211,0.0180946,-5.19263e-05,4.69317e-05,0.0180947,-5.20488e-05,0.00258624,0.0021525,203,231,4.05226,0.00036236,57.0523,-81.0004
58,-81,4.14304,-0.00038147,0.018802,-4.26341e-05,1.42254e-05,0.018802,-4.26453e-05,0.00075488,0.0027369,208,231,4.14304,0.000374666,62.143,-81.0004
63,-81,4.24144,0.000823975,0.0198736,-3.04968e-05,-2.96652e-05,0.0198737,-3.05409e-05,-0.0014904,0.00351621,213,231,4.24144,-0.000825626,67.2414,-80.9992
68,-81,4.34409,0.000167847,0.020886,-2.45038e-05,-6.60316e-05,0.0208862,-2.47117e-05,-0.00315778,0.00424079,218,231,4.34409,-0.000170807,72.3441,-80.9998
73,-81,4.45468,0.00138855,0.0214633,-3.26549e-05,-6.75522e-05,0.0214635,-3.28664e-05,-0.00314252,0.004647,223,231,4.45467,-0.0013874,77.4547,-80.9986
78,-81,4.56754,0.000808716,0.0214069,-4.44145e-05,-2.62776e-05,0.021407,-4.44474e-05,-0.00122498,0.00465306,228,231,4.56754,-0.000810293,82.5675,-80.9992
83,-81,4.6756,3.05176e-05,0.0207294,-5.43567e-05,3.28707e-05,0.0207294,-5.44097e-05,0.00158156,0.00427291,233,231,4.67559,-3.04918e-05,87.6756,-81
88,-81,4.77943,0.000717163,0.0196823,-5.42724e-05,6.41716e-05,0.0196825,-5.44805e-05,0.00325135,0.00359232,238,231,4.77944,-0.000715836,92.7794,-80.9993
93,-81,4.87471,0.000686646,0.0186579,-3.51533e-05,4.9751e-05,0.018658,-3.52859e-05,0.00266145,0.00287472,243,231,4.87471,-0.000682139,97.8747,-80.9993
98,-81,4.9651,0.000488281,0.0180386,7.13972e-06,8.72828e-07,0.0180386,7.13952e-06,4.84059e-05,0.00239372,248,231,4.9651,-0.000482855,102.965,-80.9995
103,-81,5.05139,-0.000823975,0.0180838,6.75637e-05,-4.4753e-05,0.0180839,6.74529e-05,-0.00248402,0.00245682,253,231,5.05141,0.000820389,108.051,-81.0008
108,-81,5.14053,-0.000991821,0.0188002,0.000145455,-4.98559e-05,0.0188004,0.000145321,-0.00267253,0.0031292,258,231,5.14054,0.000989573,113.141,-81.001
113,-81,5.23712,-0.00123596,0.0198856,0.000223338,-1.25482e-05,0.0198856,0.00022333,-0.00063819,0.00398096,263,231,5.23713,0.00123398,118.237,-81.0012
118,-81,5.34207,-0.00210571,0.0210612,0.000304917,5.74863e-05,0.0210614,0.000304758,0.00276955,0.00484865,268,231,5.34207,0.002103,123.342,-81.0021
123,-81,5.45334,-0.00105286,0.0220098,0.000379546,0.000156597,0.0220109,0.000378412,0.00723924,0.00541958,273,231,5.45333,0.00105935,128.453,-81.0011
128,-81,5.56918,0.000534058,0,0,0,0,0,0,-1,278,231,5.56917,-0.00053663,133.569,-80.9995
-132,-86,0.343811,-0.000167847,0.0222176,8.05124e-06,3.06387e-05,0.0222176,8.00751e-06,0.00137953,0.0053772,18,236,0.34381,0.000164992,-131.656,-86.0002
-127,-86,0.454809,0,0.0221421,-6.00936e-05,1.96293e-05,0.0221421,-6.01113e-05,0.000884115,0.00538985,23,236,0.45481,-3.78301e-06,-126.545,-86
-122,-86,0.567444,0.0012207,0.0216359,-7.95024e-05,1.17537e-05,0.0216359,-7.95098e-05,0.000541259,0.00522023,28,236,0.567443,-0.0012244,-121.433,-85.9988
-117,-86,0.676582,0.000656128,0.0207853,-7.0788e-05,-4.28727e-06,0.0207853,-7.07889e-05,-0.000205564,0.00482659,33,236,0.676581,-0.000662737,-116.323,-85.9993
-112,-86,0.780128,0.000793457,0.0196968,-4.74071e-05,-2.39792e-05,0.0196968,-4.74351e-05,-0.00121449,0.00407098,38,236,0.780127,-0.000787837,-111.22,-85.9992
-107,-86,0.876087,-0.000411987,0.0186887,-2.32285e-05,-3.85691e-05,0.0186888,-2.33082e-05,-0.00206119,0.00310419,43,236,0.876086,0.000417651,-106.124,-86.0004
-102,-86,0.964531,-0.00106812,0.0181197,-5.58147e-06,-4.63708e-05,0.0181198,-5.70156e-06,-0.00255833,0.00244024,48,236,0.964529,0.00107557,-101.035,-86.0011
-97,-86,1.05286,-0.000701904,0.0181872,-2.61423e-07,-4.49102e-05,0.0181873,-3.71598e-07,-0.00246928,0.00248476,53,236,1.05286,0.000706473,-95.9471,-86.0007
-92,-86,1.14398,-0.00114441,0.0188789,1.28063e-06,-3.86114e-05,0.018879,1.20234e-06,-0.00204534,0.00321444,58,236,1.14398,0.00114761,-90.856,-86.0011
-87,-86,1.24061,-0.000274658,0.0199586,8.80666e-06,-2.55586e-05,0.0199586,8.77399e-06,-0.00128114,0.0039467,63,236,1.24061,0.000268376,-85.7594,-86.0003
-82,-86,1.34419,-1.52588e-05,0.0210572,2.89236e-05,-1.05465e-05,0.0210572,2.89176e-05,-0.000501541,0.00466182,68,236,1.34419,1.6929e-05,-80.6558,-86
-77,-86,1.4565,0.000823975,0.0218049,6.06879e-05,-1.07723e-06,0.0218049,6.06887e-05,-4.95411e-05,0.00515461,73,236,1.45651,-0.000828066,-75.5435,-85.9992
-72,-86,1.57127,0.00038147,0.0218788,8.58743e-05,3.49829e-06,0.0218788,8.58726e-05,0.000160524,0.005303,78,236,1.57128,-0.000374251,-70.4287,-85.9996
-67,-86,1.68287,4.57764e-05,0.0211558,8.98086e-05,2.42168e-05,0.0211558,8.97814e-05,0.00114957,0.00491324,83,236,1.68287,-4.09562e-05,-65.3171,-86
-62,-86,1.79237,-0.000427246,0.0198399,7.43907e-05,5.55973e-05,0.0198401,7.42339e-05,0.00281281,0.00416353,88,236,1.79238,0.000420481,-60.2076,-86.0004
-57,-86,1.88654,-0.000762939,0.0184244,5.04362e-05,7.53848e-05,0.0184247,5.01275e-05,0.00410272,0.00317956,93,236,1.88655,0.000758365,-55.1135,-86.0008
-52,-86,1.97263,0.000350952,0.0175033,2.68581e-05,5.92226e-05,0.0175035,2.66572e-05,0.00338867,0.0025288,98,236,1.97263,-0.000344091,-50.0274,-85.9996
-47,-86,2.05434,-7.62939e-05,0.0175239,7.85795e-06,3.7957e-06,0.0175239,7.85757e-06,0.000216698,0.0027427,103,236,2.05434,8.24914e-05,-44.9457,-86.0001
-42,-86,2.14066,-1.52588e-05,0.0184572,-8.81591e-06,-5.98204e-05,0.0184574,-9.00961e-06,-0.00323944,0.00343299,108,236,2.14066,2.02265e-05,-39.8593,-86
-37,-86,2.23482,-0.000305176,0.0198184,-2.91946e-05,-8.67369e-05,0.0198188,-2.95741e-05,-0.00437004,0.00420604,113,236,2.23482,0.000301009,-34.7652,-86.0003
-32,-86,2.3429,-0.00149536,0.0210013,-4.76555e-05,-5.79389e-05,0.0210015,-4.7815e-05,-0.00275255,0.00476308,118,236,2.34289,0.00149108,-29.6571,-86.0015
-27,-86,2.4539,-0.00248718,0.0216107,-6.85192e-05,8.84748e-06,0.0216107,-6.8523e-05,0.00040811,0.00498157,123,236,2.45389,0.00248421,-24.5461,-86.0025
-22,-86,2.56572,-0.000930786,0.0215648,-9.01502e-05,4.94773e-05,0.021565,-9.02629e-05,0.00228478,0.00489705,128,236,2.56573,0.00093153,-19.4343,-86.0009
-17,-86,2.67387,0.00273132,0.0209426,-0.000106001,1.25072e-05,0.0209426,-0.000106009,0.000594208,0.00464967,133,236,2.67388,-0.00273748,-14.3261,-85.9973
-12,-86,2.78075,0.00457764,0.0199108,-0.000102107,-7.8922e-05,0.0199112,-0.000102418,-0.00394347,0.00440186,138,236,2.78075,-0.00458325,-9.21925,-85.9954
-7,-86,2.87938,0.00360107,0.0187876,-8.03323e-05,-0.000179676,0.0187893,-8.2043e-05,-0.00952166,0.00382686,143,236,2.87938,-0.00360738,-4.12062,-85.9964
-2,-86,2.96835,0.00318909,0.0180168,-4.34927e-05,-0.000249025,0.0180202,-4.69256e-05,-0.013785,0.00342307,148,236,2.96835,-0.00318662,0.968353,-85.9968
3,-86,3.05432,0.00285339,0.0179756,-7.40907e-07,-0.00026271,0.0179794,-4.58024e-06,-0.0146101,0.00350279,153,236,3.05432,-0.00285413,6.05432,-85.9971
8,-86,3.14375,-0.000656128,0.0187235,4.28866e-05,-0.000222805,0.0187262,4.02303e-05,-0.0119248,0.00412621,158,236,3.14376,0.000651231,11.1438,-86.0007
13,-86,3.23906,0.000213623,0.0199178,8.10999e-05,-0.000151431,0.019919,7.99438e-05,-0.00763329,0.00478548,163,236,3.23906,-0.000211525,16.2391,-85.9998
18,-86,3.34511,0.00196838,0.0210516,9.55701e-05,-8.02803e-05,0.0210519,9.52631e-05,-0.00383082,0.00522905,168,236,3.34511,-0.00196916,21.3451,-85.998
23,-86,3.45634,0.00270081,0.0216597,7.5067e-05,-4.65885e-05,0.0216598,7.49659e-05,-0.00215839,0.00543581,173,236,3.45635,-0.00270172,26.4563,-85.9973
28,-86,3.56967,0.00198364,0.0215132,2.77988e-05,-4.3898e-05,0.0215133,2.77078e-05,-0.00204314,0.00523831,178,236,3.56967,-0.00198297,31.5697,-85.998
33,-86,3.68021,0.000762939,0.0207238,-1.88024e-05,-4.35325e-05,0.0207239,-1.88928e-05,-0.00209869,0.00480124,183,236,3.68021,-0.000756404,36.6802,-85.9992
38,-86,3.78099,3.05176e-05,0.0196139,-4.86212e-05,-2.97507e-05,0.0196139,-4.86663e-05,-0.00151306,0.00397803,188,236,3.78099,-3.36417e-05,41.781,-86
43,-86,3.87672,-0.000289917,0.0185904,-5.79715e-05,-5.89344e-06,0.0185904,-5.7973e-05,-0.000316029,0.0030267,193,236,3.87672,0.000291319,46.8767,-86.0003
48,-86,3.96671,-0.00132751,0.0180444,-5.75277e-05,1.30985e-05,0.0180444,-5.75371e-05,0.000723594,0.00227114,198,236,3.9667,0.00133239,51.9667,-86.0013
53,-86,4.0522,-0.000305176,0.01816,-4.93632e-05,1.26747e-05,0.01816,-4.93722e-05,0.000696051,0.00211182,203,236,4.0522,0.00030863,57.0522,-86.0003
58,-86,4.14343,-0.000335693,0.0188793,-3.59773e-05,-1.62179e-05,0.0188793,-3.5991e-05,-0.000857398,0.00276374,208,236,4.14344,0.000336533,62.1434,-86.0003
63,-86,4.2419,0.000701904,0.0199326,-1.23816e-05,-5.8269e-05,0.0199328,-1.25514e-05,-0.00292145,0.00356802,213,236,4.2419,-0.000701664,67.2419,-85.9993
68,-86,4.34546,0.000442505,0.02089,1.04511e-05,-9.12307e-05,0.0208904,1.00527e-05,-0.00436927,0.00430441,218,236,4.34546,-0.000445358,72.3455,-85.9996
73,-86,4.45541,0.00192261,0.0213935,1.96662e-05,-9.00696e-05,0.0213938,1.92858e-05,-0.00421392,0.00466771,223,236,4.45542,-0.00192142,77.4554,-85.9981
78,-86,4.56818,0.00210571,0.0212912,1.53442e-05,-4.66449e-05,0.0212913,1.5242e-05,-0.00219237,0.00464024,228,236,4.56817,-0.00211319,82.5682,-85.9979
83,-86,4.67567,0.00114441,0.0206353,3.48223e-07,1.69103e-05,0.0206354,3.34345e-07,0.000819495,0.00421165,233,236,4.67567,-0.00113809,87.6757,-85.9989
88,-86,4.77834,0.000717163,0.0196594,-1.44479e-05,5.09414e-05,0.0196595,-1.45808e-05,0.00258928,0.003503,238,236,4.77833,-0.000719061,92.7783,-85.9993
93,-86,4.87462,0.00114441,0.0187014,-1.5357e-05,3.71654e-05,0.0187015,-1.54311e-05,0.00198566,0.00284175,243,236,4.87462,-0.00114486,97.8746,-85.9989
98,-86,4.96532,0.000671387,0.0181081,1.88486e-06,-1.18259e-05,0.0181081,1.87755e-06,-0.00065314,0.0024019,248,236,4.96532,-0.000670635,102.965,-85.9993
103,-86,5.05203,-0.000366211,0.0181238,2.93933e-05,-6.84553e-05,0.0181241,2.91336e-05,-0.00378315,0.00257746,253,236,5.05203,0.000359011,108.052,-86.0004
108,-86,5.14212,-0.000946045,0.0187826,7.29412e-05,-9.7134e-05,0.0187831,7.24364e-05,-0.00519148,0.00327265,258,236,5.14212,0.000944522,113.142,-86.0009
113,-86,5.23822,-0.00175476,0.0198231,0.000130548,-8.68257e-05,0.0198235,0.000130166,-0.00440895,0.00398805,263,236,5.23823,0.00176049,118.238,-86.0018
118,-86,5.34143,-0.00411987,0.0209768,0.0002078,-3.96827e-05,0.0209769,0.000207725,-0.00191066,0.00489506,268,236,5.34144,0.00412681,123.341,-86.0041
123,-86,5.45203,-0.00386047,0.0219729,0.000308302,6.82115e-05,0.0219731,0.000308086,0.00314848,0.00554373,273,236,5.45203,0.00386309,128.452,-86.0039
128,-86,5.56668,-0.00163269,0,0,0,0,0,0,-1,278,236,5.56667,0.00164025,133.567,-86.0016
-132,-91,0.343662,-0.000442505,0.0221562,-4.34306e-05,6.31602e-05,0.0221564,-4.3611e-05,0.00284507,0.00550069,18,241,0.343662,0.000435096,-131.656,-91.0004
-127,-91,0.455406,0.000152588,0.0220443,-8.20149e-05,4.70365e-05,0.0220444,-8.21138e-05,0.00212581,0.00555488,23,241,0.455407,-0.000157789,-126.545,-90.9998
-122,-91,0.567863,0.00125122,0.0215609,-9.36107e-05,2.17018e-05,0.021561,-9.36333e-05,0.00100218,0.00536021,28,241,0.567864,-0.00125499,-121.432,-90.9987
-117,-91,0.676384,0.00100708,0.020758,-8.99728e-05,-1.10608e-05,0.020758,-8.99788e-05,-0.000530545,0.00490647,33,241,0.676384,-0.00101141,-116.324,-90.999
-112,-91,0.780422,0.000778198,0.0196963,-7.72528e-05,-4.32605e-05,0.0196964,-7.73482e-05,-0.00218778,0.0041106,38,241,0.780423,-0.000782615,-111.22,-90.9992
-107,-91,0.875862,-0.000137329,0.0187054,-6.11305e-05,-6.15451e-05,0.0187056,-6.13322e-05,-0.00327946,0.00311676,43,241,0.875861,0.00013567,-106.124,-91.0001
-102,-91,0.96513,-0.000808716,0.0181442,-4.6612e-05,-6.21885e-05,0.0181444,-4.6826e-05,-0.00341863,0.00245294,48,241,0.965129,0.000812026,-101.035,-91.0008
-97,-91,1.05266,-0.000930786,0.0182081,-3.86948e-05,-4.8444e-05,0.0182082,-3.88231e-05,-0.00265491,0.0024849,53,241,1.05266,0.000928008,-95.9473,-91.0009
-92,-91,1.14478,-0.00132751,0.0188877,-3.10784e-05,-3.40803e-05,0.0188878,-3.11397e-05,-0.00180139,0.00319592,58,241,1.14478,0.0013258,-90.8552,-91.0013
-87,-91,1.24119,-0.000671387,0.0199517,-1.91646e-05,-2.18064e-05,0.0199517,-1.9188e-05,-0.00109191,0.0038852,63,241,1.24119,0.000673003,-85.7588,-91.0007
-82,-91,1.34453,-0.00146484,0.0210362,-1.78522e-06,-1.07952e-05,0.0210362,-1.79e-06,-0.000513128,0.00450912,68,241,1.34453,0.00146319,-80.6555,-91.0015
-77,-91,1.45668,-0.0017395,0.021763,1.93976e-05,3.07796e-06,0.021763,1.93976e-05,0.000141557,0.00502502,73,241,1.45668,0.001736,-75.5433,-91.0017
-72,-91,1.57085,-0.00108337,0.021807,3.04384e-05,3.23106e-05,0.0218071,3.039e-05,0.00148373,0.00519414,78,241,1.57085,0.00107645,-70.4291,-91.0011
-67,-91,1.68471,-0.00137329,0.0210696,2.67468e-05,8.38056e-05,0.0210699,2.64142e-05,0.00398253,0.00484633,83,241,1.68471,0.00136732,-65.3153,-91.0014
-62,-91,1.79053,-0.000976563,0.0197824,1.8566e-05,0.000136258,0.0197833,1.76271e-05,0.00689387,0.00412045,88,241,1.79054,0.000971262,-60.2095,-91.001
-57,-91,1.88413,-0.000869751,0.0184324,1.2836e-05,0.000159327,0.0184338,1.14571e-05,0.00864904,0.00318248,93,241,1.88413,0.000865013,-55.1159,-91.0009
-52,-91,1.97185,0.000366211,0.0175817,7.41439e-06,0.000134188,0.0175827,6.39074e-06,0.00763487,0.00252695,98,241,1.97184,-0.000366704,-50.0282,-90.9996
-47,-91,2.05353,-0.000152588,0.017632,-1.23088e-06,6.07771e-05,0.0176322,-1.44076e-06,0.00344668,0.00267863,103,241,2.05353,0.000153592,-44.9465,-91.0002
-42,-91,2.14075,1.52588e-05,0.0185365,-1.98457e-05,-2.3841e-05,0.0185365,-1.98772e-05,-0.00128479,0.00332363,108,241,2.14076,-1.45492e-05,-39.8592,-91
-37,-91,2.23686,-4.57764e-05,0.0198501,-5.34805e-05,-7.84067e-05,0.0198504,-5.37895e-05,-0.00393925,0.00408292,113,241,2.23686,4.93306e-05,-34.7631,-91
-32,-91,2.34382,-0.000991821,0.021014,-8.28842e-05,-7.64093e-05,0.0210143,-8.31606e-05,-0.00362176,0.00465474,118,241,2.34382,0.000987869,-29.6562,-91.001
-27,-91,2.45353,-0.0018158,0.0216476,-9.13116e-05,-3.15645e-05,0.0216477,-9.13581e-05,-0.00145198,0.00492296,123,241,2.45353,0.00182024,-24.5465,-91.0018
-22,-91,2.56714,-0.00109863,0.0216462,-7.05449e-05,-1.35055e-06,0.0216462,-7.0544e-05,-6.21893e-05,0.00487091,128,241,2.56713,0.00110098,-19.4329,-91.0011
-17,-91,2.67671,0.00265503,0.0210356,-3.11031e-05,-3.88545e-05,0.0210356,-3.11742e-05,-0.00184435,0.004527,133,241,2.67672,-0.00264907,-14.3233,-90.9973
-12,-91,2.785,0.00411987,0.0199642,1.0472e-05,-0.000119665,0.0199649,9.75467e-06,-0.00599685,0.00422386,138,241,2.78501,-0.00412089,-9.215,-90.9959
-7,-91,2.88173,0.00320435,0.0187912,4.35813e-05,-0.000200934,0.0187933,4.1429e-05,-0.0107162,0.00363174,143,241,2.88173,-0.00320608,-4.11827,-90.9968
-2,-91,2.96988,0.00263977,0.0180004,6.39887e-05,-0.000246618,0.0180038,6.05993e-05,-0.0137461,0.00314193,148,241,2.96988,-0.00264234,0.969879,-90.9974
3,-91,3.05566,0.00233459,0.017961,7.86757e-05,-0.000242204,0.0179642,7.53962e-05,-0.013541,0.0031166,153,241,3.05566,-0.00232719,6.05566,-90.9977
8,-91,3.14565,-0.00152588,0.0187015,9.94893e-05,-0.000193869,0.0187035,9.74694e-05,-0.0104205,0.00375166,158,241,3.14564,0.00152626,11.1456,-91.0015
13,-91,3.24109,-0.00128174,0.0198597,0.000131342,-0.000126101,0.0198605,0.000130537,-0.0063915,0.00453132,163,241,3.2411,0.00127611,16.2411,-91.0013
18,-91,3.34666,0.000991821,0.0209524,0.000153696,-5.99296e-05,0.0209526,0.000153523,-0.00288137,0.00513827,168,241,3.34666,-0.000996676,21.3467,-90.999
23,-91,3.457,0.00195313,0.02156,0.00014329,-2.86194e-05,0.0215601,0.000143251,-0.00133631,0.00545437,173,241,3.45701,-0.00196019,26.457,-90.998
28,-91,3.56905,0.00169373,0.0214532,8.81807e-05,-3.44193e-05,0.0214532,8.81255e-05,-0.00161101,0.005278,178,241,3.56904,-0.00169914,31.569,-90.9983
33,-91,3.67973,0.00119019,0.0207058,2.43369e-05,-4.82701e-05,0.0207059,2.42246e-05,-0.00233397,0.00481201,183,241,3.67974,-0.00118638,36.6797,-90.9988
38,-91,3.78099,0.000793457,0.0196156,-2.03793e-05,-4.79811e-05,0.0196157,-2.04965e-05,-0.00244352,0.00396017,188,241,3.78099,-0.000788728,41.781,-90.9992
43,-91,3.87659,1.52588e-05,0.0186022,-3.69109e-05,-2.92994e-05,0.0186022,-3.69567e-05,-0.00157193,0.00303734,193,241,3.87659,-2.28249e-05,46.8766,-91
48,-91,3.96614,-0.00102234,0.0180735,-3.97903e-05,-9.66334e-06,0.0180735,-3.97954e-05,-0.000533495,0.00231024,198,241,3.96614,0.00102084,51.9661,-91.001
53,-91,4.0526,9.15527e-05,0.0182181,-3.45812e-05,-9.15849e-06,0.0182181,-3.45865e-05,-0.000501761,0.00214389,203,241,4.05259,-8.64317e-05,57.0526,-90.9999
58,-91,4.14426,-6.10352e-05,0.0189574,-2.78607e-05,-4.51517e-05,0.0189575,-2.79685e-05,-0.00237823,0.00282229,208,241,4.14426,6.26423e-05,62.1443,-91.0001
63,-91,4.24153,9.15527e-05,0.0199956,-5.10359e-06,-9.48948e-05,0.019996,-5.55348e-06,-0.00474444,0.0035889,213,241,4.24153,-9.3766e-05,67.2415,-90.9999
68,-91,4.34657,-0.000137329,0.0208979,2.68916e-05,-0.000127897,0.0208986,2.61078e-05,-0.00612769,0.00426783,218,241,4.34657,0.000137858,72.3466,-91.0001
73,-91,4.45694,0.000579834,0.0213247,5.22637e-05,-0.000119037,0.0213254,5.15981e-05,-0.00559559,0.00455179,223,241,4.45694,-0.000579953,77.4569,-90.9994
78,-91,4.56856,0.000610352,0.0211702,5.77535e-05,-6.61536e-05,0.0211704,5.75455e-05,-0.00313335,0.00449826,228,241,4.56856,-0.000614468,82.5686,-90.9994
83,-91,4.67497,3.05176e-05,0.0205276,4.28796e-05,5.34266e-06,0.0205276,4.28781e-05,0.000260812,0.00409501,233,241,4.67497,-2.48058e-05,87.675,-91
88,-91,4.77695,1.52588e-05,0.0196155,1.93396e-05,4.45221e-05,0.0196156,1.92383e-05,0.00227197,0.00340695,238,241,4.77695,-1.09987e-05,92.7769,-91
93,-91,4.8736,0.00128174,0.0187198,4.20001e-06,3.55824e-05,0.0187199,4.13228e-06,0.00190121,0.00277645,243,241,4.8736,-0.00128246,97.8736,-90.9987
98,-91,4.96503,0.000701904,0.0181614,-2.31768e-07,-4.0413e-06,0.0181614,-2.31899e-07,-0.000222518,0.00233456,248,241,4.96503,-0.000699735,102.965,-90.9993
103,-91,5.05148,-0.000350952,0.0181761,-5.2809e-06,-5.77585e-05,0.0181762,-5.46407e-06,-0.00317676,0.00261092,253,241,5.05149,0.000348778,108.051,-91.0004
108,-91,5.14172,-0.000823975,0.0188075,-7.30024e-06,-0.000104289,0.0188081,-7.87806e-06,-0.00554267,0.00341174,258,241,5.14173,0.000831439,113.142,-91.0008
113,-91,5.23947,-0.00141907,0.0198125,5.78178e-06,-0.000131679,0.0198133,4.90621e-06,-0.0066478,0.00412767,263,241,5.23948,0.00142384,118.239,-91.0014
118,-91,5.34149,-0.00462341,0.0209238,3.96711e-05,-0.000137124,0.0209247,3.877e-05,-0.00656554,0.00493393,268,241,5.34149,0.00462411,123.341,-91.0046
123,-91,5.45175,-0.00549316,0.0219087,0.000114151,-7.76223e-05,0.021909,0.000113874,-0.00356148,0.00551312,273,241,5.45174,0.00549657,128.452,-91.0055
128,-91,5.56519,-0.00335693,0,0,0,0,0,0,-1,278,241,5.56519,0.00335016,133.565,-91.0034
-132,-96,0.343697,0.000366211,0.0221893,-3.94215e-05,9.09274e-05,0.0221897,-3.97926e-05,0.00409044,0.00533258,18,246,0.343696,-0.00035991,-131.656,-95.9996
-127,-96,0.455633,0.00135803,0.0220334,-3.94471e-05,7.24663e-05,0.0220337,-3.96855e-05,0.003283,0.0054204,23,246,0.455633,-0.00135966,-126.544,-95.9986
-122,-96,0.568466,0.00262451,0.0215471,-4.38253e-05,3.68803e-05,0.0215472,-4.38895e-05,0.00170813,0.00533591,28,246,0.568466,-0.00262525,-121.432,-95.9974
-117,-96,0.676216,0.00227356,0.0207568,-5.0349e-05,-6.02173e-06,0.0207568,-5.0351e-05,-0.000289407,0.00482348,33,246,0.676215,-0.00227724,-116.324,-95.9977
-112,-96,0.780491,0.0014801,0.0197092,-5.878e-05,-4.72424e-05,0.0197093,-5.88922e-05,-0.00238983,0.00400408,38,246,0.780492,-0.0014733,-111.22,-95.9985
-107,-96,0.876198,0.000839233,0.0187234,-6.28614e-05,-7.12946e-05,0.0187237,-6.31316e-05,-0.00379497,0.00303618,43,246,0.876199,-0.000843222,-106.124,-95.9992
-102,-96,0.965321,-4.57764e-05,0.0181559,-6.11835e-05,-6.92987e-05,0.0181562,-6.14477e-05,-0.00380397,0.00245803,48,246,0.96532,5.33627e-05,-101.035,-96
-97,-96,1.05299,-0.000747681,0.0182086,-5.80892e-05,-4.58235e-05,0.0182087,-5.82039e-05,-0.00250856,0.00252322,53,246,1.05299,0.000746701,-95.947,-96.0007
-92,-96,1.14553,-0.000946045,0.0188826,-5.20759e-05,-2.16933e-05,0.0188826,-5.2101e-05,-0.00114569,0.00321347,58,246,1.14553,0.000941218,-90.8545,-96.0009
-87,-96,1.24218,-0.000350952,0.0199419,-4.66531e-05,-7.24894e-06,0.0199419,-4.66565e-05,-0.000362654,0.00384961,63,246,1.24218,0.000347328,-85.7578,-96.0004
-82,-96,1.34455,-0.00102234,0.0210135,-4.32216e-05,2.86969e-06,0.0210135,-4.32217e-05,0.000136284,0.00437337,68,246,1.34455,0.00102921,-80.6554,-96.001
-77,-96,1.4571,-0.00109863,0.0217049,-4.20474e-05,2.07683e-05,0.0217049,-4.20669e-05,0.000954996,0.00481968,73,246,1.4571,0.00110021,-75.5429,-96.0011
-72,-96,1.57114,-0.000289917,0.0217037,-4.67117e-05,6.16345e-05,0.0217039,-4.68856e-05,0.00283369,0.00495997,78,246,1.57114,0.000283235,-70.4289,-96.0003
-67,-96,1.68181,-0.000411987,0.0209538,-5.36077e-05,0.000121256,0.0209545,-5.43073e-05,0.00577178,0.00465224,83,246,1.68181,0.000418246,-65.3182,-96.0004
-62,-96,1.78606,-0.00062561,0.0197137,-4.87244e-05,0.000173023,0.0197152,-5.02402e-05,0.00875429,0.00395755,88,246,1.78605,0.000623898,-60.2139,-96.0006
-57,-96,1.88106,-0.00062561,0.0184509,-3.29389e-05,0.000190912,0.0184528,-3.49106e-05,0.0103271,0.00311641,93,246,1.88106,0.000625915,-55.1189,-96.0006
-52,-96,1.96963,0.000320435,0.0176865,-1.45477e-05,0.000161782,0.017688,-1.60262e-05,0.00913865,0.00251264,98,246,1.96963,-0.000320917,-50.0304,-95.9997
-47,-96,2.05212,-0.000183105,0.0177777,-3.36863e-06,8.54511e-05,0.0177781,-3.78024e-06,0.00480558,0.00265798,103,246,2.05212,0.000186696,-44.9479,-96.0002
-42,-96,2.1405,0.000411987,0.0186618,-8.76273e-06,-3.11662e-06,0.0186618,-8.76188e-06,-0.000166927,0.00323495,108,246,2.14051,-0.000417638,-39.8595,-95.9996
-37,-96,2.23794,0.000579834,0.0199255,-3.90042e-05,-6.97987e-05,0.0199258,-3.92478e-05,-0.00349608,0.00398726,113,246,2.23794,-0.000579964,-34.7621,-95.9994
-32,-96,2.34456,6.10352e-05,0.0210547,-7.24299e-05,-8.56169e-05,0.0210551,-7.27773e-05,-0.00405236,0.00454904,118,246,2.34456,-6.41565e-05,-29.6554,-95.9999
-27,-96,2.45446,-0.000305176,0.0216898,-7.53572e-05,-5.95905e-05,0.02169,-7.552e-05,-0.00273785,0.00483601,123,246,2.45446,0.000308813,-24.5455,-96.0003
-22,-96,2.56873,-0.000671387,0.0217107,-3.07645e-05,-3.41082e-05,0.0217108,-3.08184e-05,-0.0015688,0.00477275,128,246,2.56872,0.000670618,-19.4313,-96.0007
-17,-96,2.67929,0.00224304,0.0210987,4.33491e-05,-5.77491e-05,0.0210988,4.3191e-05,-0.00274271,0.00443318,133,246,2.67929,-0.00224504,-14.3207,-95.9978
-12,-96,2.78583,0.00341797,0.0199823,0.000108029,-0.000113607,0.019983,0.000107381,-0.00571601,0.00405906,138,246,2.78583,-0.00342551,-9.21417,-95.9966
-7,-96,2.8848,0.00224304,0.0187572,0.000144727,-0.00017027,0.0187588,0.00014317,-0.00914717,0.00347022,143,246,2.8848,-0.0022456,-4.1152,-95.9978
-2,-96,2.97159,0.0019989,0.0179481,0.000142723,-0.000194659,0.0179503,0.000140595,-0.0109308,0.00294054,148,246,2.97158,-0.00200161,0.971588,-95.998
3,-96,3.05666,0.00187683,0.0179213,0.000121616,-0.000180075,0.0179232,0.000119794,-0.0101154,0.00294066,153,246,3.05666,-0.00187487,6.05666,-95.9981
8,-96,3.14684,-0.000701904,0.0186802,0.000106347,-0.00013471,0.0186812,0.000105369,-0.00725218,0.00364332,158,246,3.14683,0.000709195,11.1468,-96.0007
13,-96,3.24245,-0.00115967,0.0198349,0.000113739,-8.22485e-05,0.0198353,0.000113396,-0.00417047,0.00451951,163,246,3.24245,0.00116203,16.2424,-96.0012
18,-96,3.34763,0.000137329,0.0209043,0.000126546,-3.49838e-05,0.0209043,0.000126488,-0.00168371,0.00521575,168,246,3.34762,-0.000135009,21.3476,-95.9999
23,-96,3.45767,0.000335693,0.0215107,0.000118521,-1.41318e-05,0.0215107,0.000118513,-0.000660606,0.00558158,173,246,3.45767,-0.000329908,26.4577,-95.9997
28,-96,3.56953,9.15527e-05,0.0214249,6.50861e-05,-2.67722e-05,0.0214249,6.50529e-05,-0.00125339,0.00544487,178,246,3.56953,-9.3644e-05,31.5695,-95.9999
33,-96,3.67996,-0.000213623,0.0206941,4.11938e-06,-4.69518e-05,0.0206942,4.014e-06,-0.00226928,0.00497309,183,246,3.67996,0.000206342,36.68,-96.0002
38,-96,3.78233,0.000457764,0.0196062,-3.12285e-05,-5.30457e-05,0.0196064,-3.13725e-05,-0.00270123,0.00414117,188,246,3.78233,-0.000455769,41.7823,-95.9995
43,-96,3.87685,-0.00038147,0.018598,-3.29909e-05,-3.62443e-05,0.0185981,-3.3062e-05,-0.00194537,0.0032498,193,246,3.87684,0.000378658,46.8768,-96.0004
48,-96,3.96657,-0.000396729,0.0180925,-2.18772e-05,-1.67547e-05,0.0180925,-2.18926e-05,-0.000924941,0.00240488,198,246,3.96657,0.000393346,51.9666,-96.0004
53,-96,4.05269,0.000946045,0.0182788,-9.31473e-06,-1.55496e-05,0.0182788,-9.32813e-06,-0.000850261,0.00218349,203,246,4.05269,-0.000945557,57.0527,-95.9991
58,-96,4.14569,0.00100708,0.019045,-4.21866e-06,-5.79533e-05,0.0190452,-4.39584e-06,-0.00304226,0.00283805,208,246,4.14569,-0.0010096,62.1457,-95.999
63,-96,4.24336,0.00109863,0.0200636,1.14396e-05,-0.000116213,0.0200643,1.0767e-05,-0.00579525,0.00352218,213,246,4.24336,-0.00109986,67.2434,-95.9989
68,-96,4.34947,0.000823975,0.0209044,3.882e-05,-0.000151571,0.0209055,3.77186e-05,-0.00726363,0.00409332,218,246,4.34947,-0.000826111,72.3495,-95.9992
73,-96,4.4594,7.62939e-05,0.021253,6.59484e-05,-0.000135656,0.0212539,6.50799e-05,-0.00640244,0.0043833,223,246,4.4594,-8.38461e-05,77.4594,-95.9999
78,-96,4.56975,-0.000228882,0.0210487,7.48621e-05,-7.46831e-05,0.021049,7.45952e-05,-0.00356071,0.00435462,228,246,4.56974,0.000224692,82.5697,-96.0002
83,-96,4.67503,0.000320435,0.0204155,6.53374e-05,3.11973e-07,0.0204155,6.53379e-05,1.53302e-05,0.00400455,233,246,4.67503,-0.00032571,87.675,-95.9997
88,-96,4.77588,0.000640869,0.019556,4.43715e-05,4.15414e-05,0.019556,4.42835e-05,0.00212905,0.00334793,238,246,4.77588,-0.000640242,92.7759,-95.9994
93,-96,4.87309,0.00160217,0.0187111,2.42084e-05,3.88398e-05,0.0187112,2.41278e-05,0.00207843,0.00273636,243,246,4.87309,-0.00160553,97.8731,-95.9984
98,-96,4.96483,0.000610352,0.0181876,1.89756e-06,1.40838e-05,0.0181876,1.88686e-06,0.000774444,0.00229094,248,246,4.96483,-0.000609058,102.965,-95.9994
103,-96,5.05103,-0.000656128,0.0182229,-3.21125e-05,-2.43318e-05,0.018223,-3.21446e-05,-0.00133288,0.00270956,253,246,5.05104,0.000663117,108.051,-96.0007
108,-96,5.14197,-0.00132751,0.0188616,-7.71019e-05,-7.43113e-05,0.0188619,-7.73938e-05,-0.00392371,0.00359372,258,246,5.14197,0.00132445,113.142,-96.0013
113,-96,5.2403,-0.0018158,0.0198584,-0.000111942,-0.000129373,0.0198592,-0.000112779,-0.0064779,0.00430775,263,246,5.24028,0.00180941,118.24,-96.0018
118,-96,5.34235,-0.00419617,0.0209423,-0.00013393,-0.000186381,0.020944,-0.000135578,-0.00884225,0.00511166,268,246,5.34235,0.0041994,123.342,-96.0042
123,-96,5.45261,-0.00521851,0.0218919,-0.000114536,-0.000201006,0.0218938,-0.000116372,-0.00913294,0.00560434,273,246,5.45262,0.00521286,128.453,-96.0052
128,-96,5.56534,-0.00369263,0,0,0,0,0,0,-1,278,246,5.56533,0.00370024,133.565,-96.0037
-132,-101,0.343472,0.000564575,0.0222622,-1.00463e-05,0.000108138,0.0222627,-1.05724e-05,0.00485512,0.00495915,18,251,0.343471,-0.000572035,-131.657,-100.999
-127,-101,0.455559,0.00108337,0.0220854,2.76637e-05,9.82606e-05,0.0220859,2.72263e-05,0.00445458,0.00528422,23,251,0.455559,-0.00107794,-126.544,-100.999
-122,-101,0.568857,0.00245667,0.0215783,3.46603e-05,6.15222e-05,0.0215785,3.44841e-05,0.00285567,0.00525567,28,251,0.568858,-0.00245914,-121.431,-100.998
-117,-101,0.676113,0.00233459,0.0207732,2.18522e-05,1.38646e-05,0.0207732,2.18432e-05,0.000668131,0.0047038,33,251,0.676113,-0.00233784,-116.324,-100.998
-112,-101,0.780773,0.0014801,0.0197312,-2.741e-06,-3.3953e-05,0.0197312,-2.79956e-06,-0.00172054,0.00387001,38,251,0.780772,-0.0014827,-111.219,-100.999
-107,-101,0.877064,0.001297,0.0187432,-2.58129e-05,-6.74169e-05,0.0187434,-2.60547e-05,-0.00359186,0.00293176,43,251,0.877062,-0.00129608,-106.123,-100.999
-102,-101,0.965382,0.000457764,0.0181562,-3.80365e-05,-6.80739e-05,0.0181564,-3.82913e-05,-0.00374145,0.00246681,48,251,0.965382,-0.000453717,-101.035,-101
-97,-101,1.05324,-0.000610352,0.0181887,-4.17616e-05,-4.04677e-05,0.0181888,-4.18518e-05,-0.00221977,0.00260025,53,251,1.05324,0.000615882,-95.9468,-101.001
-92,-101,1.14561,-0.00038147,0.0188629,-4.04862e-05,-9.02514e-06,0.0188629,-4.04911e-05,-0.000477435,0.00327008,58,251,1.14561,0.000376187,-90.8544,-101
-87,-101,1.24031,0.000457764,0.0199283,-4.64958e-05,9.7068e-06,0.0199283,-4.65e-05,0.000485952,0.00387083,63,251,1.24031,-0.000457488,-85.7597,-101
-82,-101,1.34451,-0.000442505,0.0209888,-6.34432e-05,2.28776e-05,0.0209888,-6.34687e-05,0.00108671,0.00431186,68,251,1.34451,0.000437062,-80.6555,-101
-77,-101,1.45739,-0.000350952,0.0216458,-9.00488e-05,4.40212e-05,0.0216459,-9.0139e-05,0.00202526,0.00466908,73,251,1.45739,0.000343878,-75.5426,-101
-72,-101,1.57059,0.00050354,0.0216061,-0.000115419,8.03323e-05,0.0216064,-0.000115716,0.00369821,0.0047997,78,251,1.57059,-0.000506411,-70.4294,-100.999
-67,-101,1.68092,0.000244141,0.020852,-0.000127341,0.000123376,0.0208527,-0.000128067,0.00588058,0.00455282,83,251,1.68092,-0.000241528,-65.3191,-101
-62,-101,1.78421,-0.000213623,0.0196597,-0.000111464,0.000153095,0.0196609,-0.00011265,0.00774274,0.00388426,88,251,1.78421,0.000214432,-60.2158,-101
-57,-101,1.88,-3.05176e-05,0.0184764,-7.67237e-05,0.000159024,0.0184778,-7.80877e-05,0.00857042,0.00307054,93,251,1.88001,3.43323e-05,-55.12,-101
-52,-101,1.96748,0.000259399,0.0177918,-3.336e-05,0.000131847,0.0177928,-3.43351e-05,0.00739615,0.00245723,98,251,1.96748,-0.000263169,-50.0325,-101
-47,-101,2.05112,6.10352e-05,0.0179275,1.97733e-06,6.89233e-05,0.0179278,1.71363e-06,0.0038449,0.00259135,103,251,2.05112,-5.35343e-05,-44.9489,-101
-42,-101,2.14076,0.000915527,0.0188,1.85243e-05,-4.24531e-06,0.0188,1.85231e-05,-0.000226038,0.00316903,108,251,2.14076,-0.000920234,-39.8592,-100.999
-37,-101,2.23882,0.000961304,0.0200099,3.88299e-06,-6.02407e-05,0.0200101,3.70201e-06,-0.00301109,0.00395265,113,251,2.23882,-0.000965467,-34.7612,-100.999
-32,-101,2.34644,0.00108337,0.0210882,-2.58399e-05,-7.57224e-05,0.0210884,-2.61124e-05,-0.0035863,0.00452738,118,251,2.34644,-0.00108748,-29.6536,-100.999
-27,-101,2.45553,0.00111389,0.0217036,-3.03275e-05,-5.67001e-05,0.0217037,-3.04757e-05,-0.00260881,0.00488559,123,251,2.45553,-0.00111863,-24.5445,-100.999
-22,-101,2.57011,0.000518799,0.0217302,1.46673e-05,-3.07919e-05,0.0217302,1.46227e-05,-0.00141796,0.00481436,128,251,2.57011,-0.000525256,-19.4299,-100.999
-17,-101,2.68163,0.00180054,0.021118,9.37103e-05,-3.40885e-05,0.021118,9.36547e-05,-0.00162138,0.00443293,133,251,2.68162,-0.00179899,-14.3184,-100.998
-12,-101,2.78755,0.00253296,0.0199745,0.000161232,-6.02259e-05,0.0199747,0.000161049,-0.00303964,0.00386583,138,251,2.78756,-0.00253174,-9.21245,-100.997
-7,-101,2.88675,0.00169373,0.0187131,0.000191887,-9.08161e-05,0.0187136,0.000191441,-0.00490319,0.00325656,143,251,2.88676,-0.00169988,-4.11325,-100.998
-2,-101,2.9726,0.00105286,0.0178911,0.000165275,-9.74381e-05,0.0178916,0.000164739,-0.00549674,0.00273303,148,251,2.97259,-0.00105435,0.972595,-100.999
3,-101,3.05714,-0.000198364,0.0178813,0.000107586,-8.0191e-05,0.0178817,0.000107224,-0.00451165,0.00292681,153,251,3.05715,0.000204681,6.05714,-101
8,-101,3.14662,-0.00175476,0.0186726,5.03473e-05,-4.93938e-05,0.0186728,5.0216e-05,-0.00265237,0.0037856,158,251,3.14663,0.00174736,11.1466,-101.002
13,-101,3.24278,-0.00254822,0.0198514,2.0908e-05,-2.06947e-05,0.0198514,2.08868e-05,-0.00104358,0.00473943,163,251,3.24278,0.00254607,16.2428,-101.003
18,-101,3.34764,-0.00270081,0.0209178,1.01073e-05,-4.27654e-07,0.0209178,1.01067e-05,-2.04544e-05,0.00547153,168,251,3.34764,0.00270286,21.3476,-101.003
23,-101,3.45811,-0.00189209,0.0215149,-2.66455e-06,5.30053e-06,0.0215149,-2.66638e-06,0.000246336,0.0057501,173,251,3.45811,0.00188537,26.4581,-101.002
28,-101,3.56911,-0.000823975,0.0214163,-4.36067e-05,-1.09803e-05,0.0214163,-4.3612e-05,-0.000511666,0.00559501,178,251,3.56911,0.000827404,31.5691,-101.001
33,-101,3.68059,6.10352e-05,0.0206705,-8.17113e-05,-3.44967e-05,0.0206706,-8.17683e-05,-0.00166231,0.00511511,183,251,3.68059,-6.60776e-05,36.6806,-101
38,-101,3.78316,0.000518799,0.0195765,-8.81191e-05,-4.82749e-05,0.0195766,-8.82382e-05,-0.00245489,0.0044185,188,251,3.78316,-0.000525388,41.7832,-100.999
43,-101,3.87619,-0.000762939,0.018582,-5.94983e-05,-3.89986e-05,0.0185821,-5.95804e-05,-0.00209202,0.00356404,193,251,3.87619,0.000760931,46.8762,-101.001
48,-101,3.96632,-0.000717163,0.0181084,-2.01282e-05,-2.11482e-05,0.0181084,-2.0152e-05,-0.00116657,0.00258114,198,251,3.96632,0.000717608,51.9663,-101.001
53,-101,4.05269,0.000183105,0.0183382,1.22377e-05,-1.17901e-05,0.0183382,1.22301e-05,-0.000643351,0.00232132,203,251,4.05269,-0.00018723,57.0527,-101
58,-101,4.14659,0.00038147,0.0191295,2.74521e-05,-4.29333e-05,0.0191296,2.73548e-05,-0.00224757,0.00288032,208,251,4.14659,-0.000380094,62.1466,-101
63,-101,4.24521,0.000808716,0.0201269,3.76635e-05,-9.50329e-05,0.0201274,3.72129e-05,-0.0047304,0.00347544,213,251,4.24522,-0.000809155,67.2452,-100.999
68,-101,4.35208,0.000640869,0.020909,4.9574e-05,-0.00012877,0.0209098,4.87799e-05,-0.00617294,0.00400679,218,251,4.35208,-0.000636574,72.3521,-100.999
73,-101,4.46181,-4.57764e-05,0.0211883,6.13128e-05,-0.000114003,0.0211889,6.06971e-05,-0.00539586,0.00434627,223,251,4.46181,4.97348e-05,77.4618,-101
78,-101,4.57068,-0.000732422,0.0209447,6.39502e-05,-6.09799e-05,0.0209449,6.37723e-05,-0.00292035,0.00432927,228,251,4.57068,0.000731845,82.5707,-101.001
83,-101,4.67505,0.000152588,0.0203177,6.36603e-05,1.0887e-06,0.0203177,6.36596e-05,5.37522e-05,0.00404849,233,251,4.67505,-0.000157839,87.675,-101
88,-101,4.77547,0.000183105,0.0194931,5.7557e-05,3.60251e-05,0.0194931,5.74905e-05,0.00185356,0.00344681,238,251,4.77547,-0.000177843,92.7755,-101
93,-101,4.8726,0.00088501,0.0186818,4.27699e-05,4.02848e-05,0.0186819,4.26825e-05,0.0021613,0.00280625,243,251,4.87261,-0.000884904,97.8726,-100.999
98,-101,4.96384,0.000473022,0.0181867,8.98698e-06,3.22829e-05,0.0181868,8.92952e-06,0.00177595,0.00230099,248,251,4.96384,-0.000478592,102.964,-101
103,-101,5.05029,-0.000366211,0.0182539,-4.43682e-05,1.2687e-05,0.0182539,-4.43775e-05,0.000693346,0.00282943,253,251,5.0503,0.000372801,108.05,-101
108,-101,5.14093,-0.000549316,0.0189224,-0.000112998,-3.16597e-05,0.0189224,-0.00011305,-0.00166319,0.00373671,258,251,5.14092,0.000551134,113.141,-101.001
113,-101,5.24005,-0.000457764,0.0199353,-0.000173811,-9.70383e-05,0.0199358,-0.000174279,-0.00482544,0.00442849,263,251,5.24006,0.000453266,118.24,-101
118,-101,5.34399,-0.00222778,0.021018,-0.000229773,-0.000181475,0.0210195,-0.000231322,-0.00854008,0.00521081,268,251,5.34399,0.00223014,123.344,-101.002
123,-101,5.45425,-0.00416565,0.0219361,-0.000256418,-0.000250937,0.0219389,-0.000259254,-0.0113053,0.00563558,273,251,5.45427,0.00416577,128.454,-101.004
128,-101,5.56613,-0.00437927,0,0,0,0,0,0,-1,278,251,5.56615,0.00437864,133.566,-101.004
-132,-106,0.340704,-0.0010376,0,0,0,0,0,0,-1,18,256,0.340704,0.00102298,-131.659,-106.001
-127,-106,0.455044,0.00038147,0.0221348,6.10893e-05,0.000101386,0.0221353,6.06235e-05,0.00459292,0.00510443,23,256,0.455044,-0.000382769,-126.545,-106
-122,-106,0.568106,0.00158691,0.0216137,9.42987e-05,7.77978e-05,0.0216139,9.4017e-05,0.00361519,0.00503398,28,256,0.568106,-0.00159048,-121.432,-105.998
-117,-106,0.675411,0.00178528,0.0208,8.78979e-05,3.40391e-05,0.0208,8.78423e-05,0.00164344,0.00449401,33,256,0.675412,-0.00178398,-116.325,-105.998
-112,-106,0.779903,0.00126648,0.019769,6.25856e-05,-1.62776e-05,0.019769,6.25718e-05,-0.000826008,0.00370218,38,256,0.779903,-0.00126102,-111.22,-105.999
-107,-106,0.877422,0.00152588,0.0187711,3.1774e-05,-5.86647e-05,0.0187713,3.15914e-05,-0.00313053,0.00278316,43,256,0.877422,-0.00152581,-106.123,-105.998
-102,-106,0.96524,0.000778198,0.0181529,1.25098e-05,-6.49324e-05,0.0181531,1.22776e-05,-0.00357939,0.00243327,48,256,0.96524,-0.000772965,-101.035,-105.999
-97,-106,1.05347,-0.000183105,0.0181613,7.51079e-06,-4.02174e-05,0.0181614,7.42078e-06,-0.00221536,0.00264756,53,256,1.05347,0.000183673,-95.9465,-106
-92,-106,1.14521,0.000274658,0.0188393,1.03612e-05,-6.5847e-06,0.0188393,1.03591e-05,-0.000349711,0.00329425,58,256,1.14521,-0.000276345,-90.8548,-106
-87,-106,1.23951,0.00105286,0.0199147,2.23423e-06,1.83111e-05,0.0199147,2.21655e-06,0.000919582,0.00386028,63,256,1.23951,-0.00105697,-85.7605,-105.999
-82,-106,1.3446,0.000152588,0.0209631,-2.60915e-05,3.89947e-05,0.0209632,-2.61646e-05,0.00185784,0.00435276,68,256,1.34459,-0.000153843,-80.6554,-106
-77,-106,1.45702,0.000244141,0.0215923,-7.54119e-05,6.15668e-05,0.0215925,-7.55861e-05,0.00284138,0.00463357,73,256,1.45702,-0.000239474,-75.543,-106
-72,-106,1.56928,0.000717163,0.0215298,-0.000124522,8.2147e-05,0.0215301,-0.000124833,0.00379349,0.00468131,78,256,1.56928,-0.000724389,-70.4307,-105.999
-67,-106,1.67892,0.000534058,0.0207821,-0.000150966,9.39468e-05,0.0207825,-0.000151387,0.00448785,0.00439226,83,256,1.67892,-0.000528826,-65.3211,-105.999
-62,-106,1.78222,-6.10352e-05,0.019631,-0.000138937,9.21587e-05,0.0196314,-0.000139366,0.00466142,0.00374205,88,256,1.78222,7.22746e-05,-60.2178,-106
-57,-106,1.8774,0.000167847,0.0185068,-9.78739e-05,8.34534e-05,0.0185072,-9.82489e-05,0.0044855,0.00297562,93,256,1.87739,-0.00016563,-55.1226,-106
-52,-106,1.96518,-9.15527e-05,0.0178812,-3.78628e-05,6.23029e-05,0.0178814,-3.8079e-05,0.00347684,0.00235339,98,256,1.96518,9.60379e-05,-50.0348,-106
-47,-106,2.05048,-0.000457764,0.0180528,1.69318e-05,2.37011e-05,0.0180529,1.69007e-05,0.0013141,0.00250494,103,256,2.05048,0.000456644,-44.9495,-106
-42,-106,2.14108,-0.000274658,0.0189157,5.19611e-05,-1.84395e-05,0.0189158,5.19427e-05,-0.000977506,0.00314582,108,256,2.14107,0.000266047,-39.8589,-106
-37,-106,2.24015,-0.000579834,0.0200712,5.25562e-05,-4.56208e-05,0.0200713,5.24521e-05,-0.0022789,0.00396849,113,256,2.24015,0.00058789,-34.7598,-106.001
-32,-106,2.3473,-9.15527e-05,0.0210895,2.89404e-05,-4.78799e-05,0.0210896,2.8831e-05,-0.00227343,0.0045542,118,256,2.3473,8.12419e-05,-29.6527,-106
-27,-106,2.45649,0.000579834,0.0216742,2.10188e-05,-2.83678e-05,0.0216743,2.09808e-05,-0.00131009,0.00491922,123,256,2.45649,-0.000581052,-24.5435,-105.999
-22,-106,2.57001,0.00038147,0.0216997,5.53049e-05,-2.34186e-06,0.0216997,5.53057e-05,-0.000108197,0.0048503,128,256,2.57001,-0.000379465,-19.43,-106
-17,-106,2.68169,0.000473022,0.0210946,0.000120673,1.36865e-05,0.0210946,0.000120664,0.000652547,0.00445852,133,256,2.68168,-0.000471567,-14.3183,-106
-12,-106,2.78758,0.00115967,0.0199477,0.000175932,1.7654e-05,0.0199477,0.000175917,0.000892886,0.00380093,138,256,2.78759,-0.00115805,-9.21242,-105.999
-7,-106,2.88785,0.000549316,0.0186724,0.000190693,1.86928e-05,0.0186724,0.000190675,0.00101142,0.0031084,143,256,2.88784,-0.000547516,-4.11215,-105.999
-2,-106,2.97237,-9.15527e-05,0.0178471,0.00013944,3.33082e-05,0.0178471,0.000139377,0.001881,0.00271435,148,256,2.97237,8.51111e-05,0.972366,-106
3,-106,3.05688,-0.00128174,0.0178611,5.2965e-05,5.45913e-05,0.0178612,5.27967e-05,0.00306549,0.00315359,153,256,3.05689,0.0012692,6.05688,-106.001
8,-106,3.14595,-0.0010376,0.018693,-3.82533e-05,6.71478e-05,0.0186932,-3.84944e-05,0.00358474,0.00412979,158,256,3.14595,0.00105039,11.146,-106.001
13,-106,3.24254,-0.00106812,0.0199087,-0.000101149,6.77491e-05,0.0199089,-0.000101378,0.00338574,0.00505997,163,256,3.24253,0.00105522,16.2425,-106.001
18,-106,3.34793,-0.00186157,0.0209811,-0.000135036,5.58709e-05,0.0209813,-0.000135184,0.00264586,0.00573139,168,256,3.34793,0.00186204,21.3479,-106.002
23,-106,3.45921,-0.000335693,0.0215526,-0.000150522,4.14512e-05,0.0215527,-0.000150601,0.0019099,0.00589041,173,256,3.45921,0.000324369,26.4592,-106
28,-106,3.57094,0.00160217,0.0214115,-0.000168115,1.99841e-05,0.0214115,-0.000168134,0.00092606,0.00569793,178,256,3.57094,-0.0015976,31.5709,-105.998
33,-106,3.68108,0.00144958,0.0206345,-0.000171458,-1.13928e-05,0.0206345,-0.000171465,-0.000547576,0.00519667,183,256,3.68108,-0.00145023,36.6811,-105.999
38,-106,3.78619,0.00236511,0.0195397,-0.000147003,-4.00818e-05,0.0195398,-0.000147086,-0.00203597,0.00455418,188,256,3.7862,-0.00237217,41.7862,-105.998
43,-106,3.87535,0.000137329,0.018567,-9.57935e-05,-4.69257e-05,0.0185672,-9.59123e-05,-0.00251437,0.00371849,193,256,3.87535,-0.000143055,46.8754,-106
48,-106,3.96703,-0.000579834,0.018118,-3.57969e-05,-3.0071e-05,0.018118,-3.58457e-05,-0.00165646,0.00264843,198,256,3.96703,0.000582783,51.967,-106.001
53,-106,4.0533,-0.000366211,0.0183729,1.52828e-05,-2.32697e-06,0.0183729,1.5283e-05,-0.000126758,0.00238147,203,256,4.0533,0.000375199,57.0533,-106
58,-106,4.14742,-0.000366211,0.0191802,4.87314e-05,-1.44309e-06,0.0191802,4.87305e-05,-7.54303e-05,0.00285081,208,256,4.14742,0.000352612,62.1474,-106
63,-106,4.24571,0.000320435,0.020167,6.2749e-05,-2.86188e-05,0.0201671,6.27078e-05,-0.00142351,0.00341313,213,256,4.24572,-0.000324496,67.2457,-106
68,-106,4.35393,-9.15527e-05,0.0209154,6.06903e-05,-5.20073e-05,0.0209156,6.05602e-05,-0.00249377,0.00400203,218,256,4.35393,0.000100609,72.3539,-106
73,-106,4.46251,-0.000823975,0.0211555,4.99527e-05,-4.67351e-05,0.0211556,4.9849e-05,-0.00221434,0.00441765,223,256,4.46251,0.000825372,77.4625,-106.001
78,-106,4.57056,-0.0012207,0.0208912,3.90089e-05,-2.12531e-05,0.0208913,3.8988e-05,-0.00101922,0.00442732,228,256,4.57056,0.00122145,82.5706,-106.001
83,-106,4.6752,-0.000305176,0.0202635,4.39045e-05,8.86203e-06,0.0202635,4.39007e-05,0.00043829,0.0042228,233,256,4.67521,0.000304939,87.6752,-106
88,-106,4.77623,-0.000152588,0.0194465,5.34114e-05,2.80534e-05,0.0194465,5.33713e-05,0.00144656,0.00363258,238,256,4.77623,0.00016006,92.7762,-106
93,-106,4.87221,-3.05176e-05,0.0186463,4.90788e-05,3.83609e-05,0.0186464,4.89997e-05,0.00206271,0.0029205,243,256,4.87221,2.19756e-05,97.8722,-106
98,-106,4.96306,0.000732422,0.018172,1.5579e-05,4.48056e-05,0.0181721,1.54683e-05,0.00246774,0.00233872,248,256,4.96306,-0.000731554,102.963,-105.999
103,-106,5.05011,0.000198364,0.0182728,-3.68992e-05,3.76301e-05,0.0182729,-3.69763e-05,0.00205518,0.00269565,253,256,5.0501,-0.000199046,108.05,-106
108,-106,5.14069,0.000686646,0.0189738,-9.84021e-05,-2.67942e-06,0.0189738,-9.84017e-05,-0.000140488,0.00360094,258,256,5.14068,-0.000684535,113.141,-105.999
113,-106,5.23944,0.001297,0.020003,-0.000152702,-6.60331e-05,0.0200032,-0.000152918,-0.0032761,0.00438273,263,256,5.23944,-0.0012972,118.239,-105.999
118,-106,5.34415,0.00038147,0.0210908,-0.000208586,-0.000149639,0.0210918,-0.000209638,-0.00702503,0.00515762,268,256,5.34416,-0.000381956,123.344,-106
123,-106,5.45532,-0.00112915,0.0219814,-0.000256035,-0.000229807,0.0219838,-0.00025841,-0.0103328,0.00558297,273,256,5.45531,0.00111805,128.455,-106.001
128,-106,5.56705,-0.00192261,0,0,0,0,0,0,-1,278,256,5.56705,0.00192799,133.567,-106.002
-132,-111,0.340637,-0.00128174,0,0,0,0,0,0,-1,18,261,0.340638,0.00127224,-131.659,-111.001
-127,-111,0.454769,-0.000244141,0.0221118,6.33945e-05,7.33016e-05,0.022112,6.31511e-05,0.00332453,0.00495357,23,261,0.454769,0.000239831,-126.545,-111
-122,-111,0.566889,0.000335693,0.021622,0.000111841,6.61819e-05,0.0216222,0.000111637,0.00307673,0.00485695,28,261,0.566889,-0.000328672,-121.433,-111
-117,-111,0.675056,0.00100708,0.0208344,0.000120062,3.67527e-05,0.0208345,0.000119997,0.00177425,0.00435159,33,261,0.675058,-0.0010065,-116.325,-110.999
-112,-111,0.779552,0.000610352,0.0198171,0.000106514,-6.79442e-06,0.0198171,0.000106511,-0.000344709,0.00363731,38,261,0.779551,-0.000606223,-111.22,-110.999
-107,-111,0.878296,0.00125122,0.0188024,8.1141e-05,-4.98361e-05,0.0188026,8.10083e-05,-0.00266198,0.00278113,43,261,0.878296,-0.00124651,-106.122,-110.999
-102,-111,0.965679,0.000335693,0.0181493,6.50673e-05,-6.17645e-05,0.0181495,6.48573e-05,-0.00341532,0.00244149,48,261,0.96568,-0.000341347,-101.034,-111
-97,-111,1.05409,-0.000488281,0.0181365,6.67412e-05,-4.69998e-05,0.0181366,6.66184e-05,-0.002601,0.00265022,53,261,1.05409,0.000488289,-95.9459,-111
-92,-111,1.14516,-0.000152588,0.0188186,7.81242e-05,-1.80411e-05,0.0188186,7.81072e-05,-0.00096268,0.003245,58,261,1.14516,0.000167719,-90.8548,-111
-87,-111,1.23924,0.000274658,0.0199017,7.80413e-05,1.3761e-05,0.0199017,7.80318e-05,0.000694171,0.00390538,63,261,1.23924,-0.000284327,-85.7608,-111
-82,-111,1.34496,-0.000274658,0.0209399,5.05582e-05,4.66976e-05,0.02094,5.04535e-05,0.00223546,0.00453814,68,261,1.34495,0.000284487,-80.655,-111
-77,-111,1.45689,0.00112915,0.0215536,-9.04842e-06,7.34475e-05,0.0215538,-9.29926e-06,0.00340619,0.00480151,73,261,1.45688,-0.00114414,-75.5431,-110.999
-72,-111,1.56794,0.00259399,0.0214853,-7.76582e-05,8.02274e-05,0.0214856,-7.79564e-05,0.00372055,0.00474204,78,261,1.56794,-0.00259807,-70.4321,-110.997
-67,-111,1.67784,0.00302124,0.0207489,-0.000122781,6.11346e-05,0.0207491,-0.000122961,0.00292904,0.00440403,83,261,1.67784,-0.00303646,-65.3222,-110.997
-62,-111,1.783,0.00201416,0.0196228,-0.000125461,2.89278e-05,0.0196229,-0.000125503,0.00146482,0.00378217,88,261,1.783,-0.00200485,-60.217,-110.998
-57,-111,1.87637,0.00183105,0.0185292,-8.93077e-05,3.6097e-06,0.0185292,-8.93092e-05,0.000193877,0.00303732,93,261,1.87637,-0.00183411,-55.1236,-110.998
-52,-111,1.96432,0.000762939,0.0179364,-2.60706e-05,-1.18473e-05,0.0179364,-2.60789e-05,-0.000659557,0.00238436,98,261,1.96432,-0.000777427,-50.0357,-110.999
-47,-111,2.05054,-3.05176e-05,0.0181314,3.43195e-05,-2.19548e-05,0.0181315,3.42932e-05,-0.00121316,0.00249367,103,261,2.05054,2.55467e-05,-44.9495,-111
-42,-111,2.1418,-0.000396729,0.0189878,7.2811e-05,-2.37878e-05,0.0189878,7.2781e-05,-0.00125762,0.0031151,108,261,2.1418,0.000395307,-39.8582,-111
-37,-111,2.2409,-0.000549316,0.0200997,7.75733e-05,-1.58559e-05,0.0200997,7.75605e-05,-0.000791919,0.00392079,113,261,2.2409,0.000540612,-34.7591,-111.001
-32,-111,2.34748,-0.000305176,0.0210633,5.74232e-05,-6.42597e-06,0.0210633,5.74216e-05,-0.000305914,0.00451243,118,261,2.34748,0.000314237,-29.6525,-111
-27,-111,2.45672,0.000305176,0.0216133,4.93912e-05,5.89021e-06,0.0216133,4.93899e-05,0.000273152,0.00487797,123,261,2.45672,-0.000293681,-24.5433,-111
-22,-111,2.56895,0.00012207,0.0216279,7.54614e-05,2.42329e-05,0.0216279,7.54343e-05,0.00112437,0.00482366,128,261,2.56895,-0.000120495,-19.431,-111
-17,-111,2.68056,-0.000854492,0.0210279,0.000123448,5.37407e-05,0.021028,0.000123311,0.00257076,0.00446572,133,261,2.68055,0.000845858,-14.3194,-111.001
-12,-111,2.78664,-0.000488281,0.0198931,0.000159818,8.66074e-05,0.0198935,0.000159439,0.00438878,0.00381092,138,261,2.78664,0.000499246,-9.21336,-111
-7,-111,2.88531,-0.00106812,0.0186251,0.000153515,0.0001243,0.0186259,0.000152679,0.00672885,0.00317282,143,261,2.88531,0.00105969,-4.11469,-111.001
-2,-111,2.97086,-0.00115967,0.0178097,8.38855e-05,0.000165449,0.0178113,8.2342e-05,0.0093327,0.00297912,148,261,2.97086,0.00117346,0.970856,-111.001
3,-111,3.05551,-0.00177002,0.0178561,-1.31435e-05,0.000198554,0.0178583,-1.53491e-05,0.0111097,0.0035225,153,261,3.05551,0.0017725,6.05551,-111.002
8,-111,3.14455,-0.000213623,0.0187379,-0.000114633,0.000202502,0.0187401,-0.000116807,0.0107397,0.0045142,158,261,3.14455,0.000215714,11.1445,-111
13,-111,3.24217,-0.000366211,0.0200014,-0.000189361,0.000180091,0.020003,-0.000190967,0.00891855,0.00534922,163,261,3.24217,0.000379655,16.2422,-111
18,-111,3.34843,-0.000671387,0.021085,-0.000229779,0.000136629,0.0210859,-0.000230655,0.00640971,0.00587394,168,261,3.34844,0.000672839,21.3484,-111.001
23,-111,3.46025,0.000488281,0.0216131,-0.000240112,9.75525e-05,0.0216135,-0.000240547,0.00446387,0.00586976,173,261,3.46025,-0.000481434,26.4603,-111
28,-111,3.57272,0.00247192,0.0214103,-0.000234306,6.30992e-05,0.0214105,-0.000234489,0.00291521,0.00558364,178,261,3.57273,-0.00248533,31.5727,-110.998
33,-111,3.68102,0.00253296,0.0206017,-0.000210721,1.55385e-05,0.0206017,-0.000210732,0.0007466,0.00508654,183,261,3.68102,-0.00252378,36.681,-110.997
38,-111,3.78357,0.00286865,0.0195175,-0.000173113,-3.36629e-05,0.0195176,-0.00017317,-0.00170958,0.00446648,188,261,3.78358,-0.00287287,41.7836,-110.997
43,-111,3.87442,0.000793457,0.0185649,-0.000122251,-6.04482e-05,0.0185651,-0.000122447,-0.00323469,0.00364858,193,261,3.87443,-0.000787729,46.8744,-110.999
48,-111,3.96712,-0.000579834,0.0181159,-6.02647e-05,-4.56193e-05,0.018116,-6.03786e-05,-0.00250982,0.00259966,198,261,3.96712,0.000586838,51.9671,-111.001
53,-111,4.05321,-0.000732422,0.0183648,1.26342e-06,-6.85388e-07,0.0183648,1.26287e-06,-3.73234e-05,0.0023695,203,261,4.05321,0.000733128,57.0532,-111.001
58,-111,4.14635,-0.000396729,0.0191779,5.52291e-05,3.63536e-05,0.019178,5.51604e-05,0.00190106,0.00274865,208,261,4.14634,0.000403473,62.1463,-111
63,-111,4.24576,0.000244141,0.0201735,8.23187e-05,4.47044e-05,0.0201736,8.222e-05,0.00222506,0.00337978,213,261,4.24575,-0.000259389,67.2458,-111
68,-111,4.35417,-0.000427246,0.0209249,7.51352e-05,4.38218e-05,0.020925,7.50432e-05,0.00210178,0.00408183,218,261,4.35417,0.000436336,72.3542,-111
73,-111,4.46263,-0.000854492,0.0211653,4.48552e-05,4.30045e-05,0.0211654,4.47668e-05,0.00203615,0.00452629,223,261,4.46264,0.000853115,77.4626,-111.001
78,-111,4.57069,-0.00100708,0.0209006,1.66954e-05,3.60665e-05,0.0209007,1.66325e-05,0.00172699,0.00451871,228,261,4.57069,0.00101189,82.5707,-111.001
83,-111,4.67534,-0.000518799,0.0202648,1.54326e-05,2.75905e-05,0.0202649,1.53938e-05,0.00136253,0.00433652,233,261,4.67534,0.000505353,87.6753,-111.001
88,-111,4.7767,-0.000396729,0.0194308,3.03773e-05,2.61245e-05,0.0194308,3.03425e-05,0.00134659,0.00380027,238,261,4.77671,0.000404972,92.7767,-111
93,-111,4.87164,-0.000854492,0.0186216,3.77548e-05,3.6792e-05,0.0186216,3.76813e-05,0.00197978,0.00307843,243,261,4.87164,0.000868944,97.8716,-111.001
98,-111,4.96207,0.000762939,0.0181605,2.15679e-05,4.92116e-05,0.0181606,2.14344e-05,0.00271302,0.00245301,248,261,4.96207,-0.000750072,102.962,-110.999
103,-111,5.04965,0.000457764,0.0182921,-4.29326e-06,4.35959e-05,0.0182922,-4.39771e-06,0.00238274,0.00267066,253,261,5.04965,-0.000450989,108.05,-111
108,-111,5.14011,0.00100708,0.019016,-3.1133e-05,2.19404e-06,0.019016,-3.11323e-05,0.00011519,0.00343945,258,261,5.14011,-0.00102023,113.14,-110.999
113,-111,5.2392,0.00189209,0.0200435,-5.69028e-05,-5.42458e-05,0.0200436,-5.70482e-05,-0.00269872,0.00422731,263,261,5.23919,-0.00189306,118.239,-110.998
118,-111,5.3443,0.000946045,0.0211164,-9.29587e-05,-0.000120831,0.0211171,-9.36473e-05,-0.00569679,0.00490745,268,261,5.3443,-0.000958041,123.344,-110.999
123,-111,5.45581,-0.000396729,0.0219613,-0.000147921,-0.000177182,0.0219628,-0.000149342,-0.00801323,0.00530744,273,261,5.4558,0.000403965,128.456,-111
128,-111,5.5675,-0.00149536,0,0,0,0,0,0,-1,278,261,5.56749,0.0015096,133.568,-111.001
-132,-116,0.341017,-0.00109863,0,0,0,0,0,0,-1,18,266,0.341016,0.00110534,-131.659,-116.001
-127,-116,0.454887,-0.000274658,0.0220342,6.73423e-05,4.19168e-05,0.0220343,6.7262e-05,0.00190818,0.00503897,23,266,0.454888,0.000286921,-126.545,-116
-122,-116,0.566378,-0.000640869,0.021607,0.00010475,3.57199e-05,0.0216071,0.000104691,0.00166121,0.00489618,28,266,0.566377,0.000653415,-121.434,-116.001
-117,-116,0.674633,-0.000305176,0.0208675,0.000119766,2.33655e-05,0.0208676,0.00011974,0.00112617,0.00440848,33,266,0.674635,0.000306381,-116.325,-116
-112,-116,0.779934,-3.05176e-05,0.0198607,0.000116369,-4.44924e-06,0.0198607,0.000116368,-0.000225343,0.00373116,38,266,0.779936,1.72041e-05,-111.22,-116
-107,-116,0.878834,0.000762939,0.0188286,0.000100852,-3.89348e-05,0.0188287,0.000100772,-0.00207897,0.00290468,43,266,0.878832,-0.000755068,-106.121,-115.999
-102,-116,0.966061,-0.000335693,0.0181501,9.38116e-05,-5.51e-05,0.0181503,9.36445e-05,-0.00305153,0.00252282,48,266,0.966062,0.000322982,-101.034,-116
-97,-116,1.0544,-0.000976563,0.0181257,0.0001072,-5.39333e-05,0.0181259,0.00010704,-0.00299318,0.0026407,53,266,1.0544,0.000984649,-95.9456,-116.001
-92,-116,1.14491,-0.000854492,0.0188093,0.000128998,-3.32984e-05,0.0188093,0.000128938,-0.00178253,0.00317269,58,266,1.1449,0.000864104,-90.8551,-116.001
-87,-116,1.23973,-0.00100708,0.0198942,0.000138565,5.11635e-06,0.0198942,0.000138562,0.000258982,0.00394813,63,266,1.23973,0.00102022,-85.7603,-116.001
-82,-116,1.34552,-0.00128174,0.020924,0.000116131,5.11423e-05,0.0209241,0.000116005,0.00245782,0.00460417,68,266,1.34552,0.00127512,-80.6545,-116.001
-77,-116,1.45734,0.000701904,0.0215254,5.83502e-05,8.28242e-05,0.0215257,5.80316e-05,0.00385812,0.00489786,73,266,1.45734,-0.000713541,-75.5427,-115.999
-72,-116,1.56802,0.00256348,0.0214551,-1.66744e-05,8.13954e-05,0.0214554,-1.69827e-05,0.00379074,0.00486837,78,266,1.56802,-0.00255463,-70.432,-115.997
-67,-116,1.67712,0.00335693,0.0207294,-7.10565e-05,3.95701e-05,0.0207295,-7.11316e-05,0.00190236,0.00450986,83,266,1.67711,-0.00335194,-65.3229,-115.997
-62,-116,1.78265,0.00195313,0.0196187,-8.46772e-05,-1.42636e-05,0.0196187,-8.4688e-05,-0.000723918,0.00388619,88,266,1.78264,-0.0019679,-60.2174,-115.998
-57,-116,1.87596,0.00189209,0.0185396,-5.63875e-05,-5.3094e-05,0.0185397,-5.65397e-05,-0.00285511,0.00312956,93,266,1.87596,-0.00189995,-55.124,-115.998
-52,-116,1.96461,0.000701904,0.0179578,-2.26157e-06,-6.2144e-05,0.017958,-2.47639e-06,-0.00346007,0.00247621,98,266,1.96461,-0.000691343,-50.0354,-115.999
-47,-116,2.0509,-0.000640869,0.0181586,4.77428e-05,-4.39072e-05,0.0181587,4.76371e-05,-0.00242434,0.00256881,103,266,2.0509,0.000650013,-44.9491,-116.001
-42,-116,2.14233,-0.00119019,0.0190118,7.33377e-05,-4.28846e-06,0.0190118,7.3337e-05,-0.000226441,0.00320636,108,266,2.14234,0.00118698,-39.8577,-116.001
-37,-116,2.24164,-0.000610352,0.0201061,7.06257e-05,3.39496e-05,0.0201062,7.05691e-05,0.00169447,0.00398364,113,266,2.24164,0.000595913,-34.7584,-116.001
-32,-116,2.34858,-0.000427246,0.0210382,5.05055e-05,4.43249e-05,0.0210383,5.04116e-05,0.00211193,0.00457584,118,266,2.34858,0.000421061,-29.6514,-116
-27,-116,2.45748,0.000427246,0.021556,4.5762e-05,3.37439e-05,0.021556,4.57093e-05,0.00156873,0.00494457,123,266,2.45748,-0.00042808,-24.5425,-116
-22,-116,2.56815,0.000701904,0.0215443,6.92743e-05,3.19506e-05,0.0215444,6.92261e-05,0.0014878,0.00487679,128,266,2.56815,-0.000717101,-19.4319,-115.999
-17,-116,2.67896,-0.0010376,0.0209372,0.000101245,6.25579e-05,0.0209374,0.000101056,0.00300236,0.00450941,133,266,2.67896,0.00102704,-14.321,-116.001
-12,-116,2.78693,-0.00100708,0.0198167,0.000116397,0.000115791,0.0198173,0.000115716,0.00587734,0.00382381,138,266,2.78692,0.00101985,-9.21307,-116.001
-7,-116,2.88229,-0.00177002,0.0185641,9.07047e-05,0.000186482,0.018566,8.8823e-05,0.0100933,0.00325156,143,266,2.8823,0.001782,-4.11771,-116.002
-2,-116,2.96846,-0.00125122,0.0177603,1.85369e-05,0.000255948,0.017764,1.48453e-05,0.0144223,0.00325887,148,266,2.96846,0.00123826,0.96846,-116.001
3,-116,3.0531,-0.000732422,0.0178389,-6.22953e-05,0.000308892,0.0178442,-6.76243e-05,0.0172486,0.00390036,153,266,3.0531,0.00074484,6.0531,-116.001
8,-116,3.14182,0.00186157,0.01878,-0.000141963,0.000319268,0.0187854,-0.000147348,0.0168665,0.00496182,158,266,3.14182,-0.00185623,11.1418,-115.998
13,-116,3.23975,0.00149536,0.0201066,-0.00020226,0.000285075,0.0201106,-0.00020626,0.0140333,0.00575946,163,266,3.23975,-0.00150433,16.2397,-115.999
18,-116,3.34718,0.00213623,0.0212108,-0.000234029,0.000219777,0.021213,-0.000236282,0.010247,0.0061254,168,266,3.34718,-0.0021261,21.3472,-115.998
23,-116,3.45973,0.00308228,0.0216919,-0.000242068,0.000159829,0.0216931,-0.000243233,0.00728632,0.00592353,173,266,3.45973,-0.00306866,26.4597,-115.997
28,-116,3.57265,0.00454712,0.0214285,-0.000232564,0.000108156,0.021429,-0.000233104,0.00499295,0.00547679,178,266,3.57265,-0.00455014,31.5726,-115.995
33,-116,3.68028,0.00439453,0.0205974,-0.000207636,4.02265e-05,0.0205975,-0.000207714,0.00193349,0.00495131,183,266,3.68028,-0.00440349,36.6803,-115.996
38,-116,3.78235,0.0039978,0.0195264,-0.000177928,-2.93823e-05,0.0195265,-0.000177971,-0.00149115,0.00432521,188,266,3.78235,-0.00399911,41.7823,-115.996
43,-116,3.87514,0.00201416,0.0185791,-0.000140304,-7.43648e-05,0.0185794,-0.000140599,-0.00397252,0.00350335,193,266,3.87513,-0.00201191,46.8751,-115.998
48,-116,3.96683,0.000152588,0.018105,-8.2819e-05,-6.66768e-05,0.0181053,-8.30628e-05,-0.00366595,0.00252659,198,266,3.96683,-0.000159297,51.9668,-116
53,-116,4.05328,-0.000213623,0.0183229,-1.34782e-05,-1.8965e-05,0.0183229,-1.34977e-05,-0.00103428,0.00235097,203,266,4.05329,0.000220461,57.0533,-116
58,-116,4.14479,-0.000396729,0.0191302,5.84642e-05,4.04003e-05,0.0191303,5.8379e-05,0.00211832,0.00267276,208,266,4.1448,0.000387825,62.1448,-116
63,-116,4.24342,-3.05176e-05,0.0201436,9.89847e-05,8.43998e-05,0.0201439,9.86289e-05,0.00421051,0.00340803,213,266,4.24342,3.92987e-05,67.2434,-116
68,-116,4.35286,-0.000915527,0.0209252,9.08565e-05,0.000117338,0.0209259,9.01958e-05,0.0056317,0.0041836,218,266,4.35285,0.000918763,72.3529,-116.001
73,-116,4.461,-0.00088501,0.0212022,4.60463e-05,0.000123898,0.0212029,4.5321e-05,0.00585611,0.00465186,223,266,4.461,0.000877727,77.461,-116.001
78,-116,4.56963,-0.000396729,0.0209587,7.47158e-07,9.41729e-05,0.0209591,3.241e-07,0.0044933,0.00467514,228,266,4.56963,0.000405739,82.5696,-116
83,-116,4.67528,-0.000244141,0.020314,-1.52313e-05,5.19468e-05,0.0203142,-1.5364e-05,0.00255525,0.00449382,233,266,4.67528,0.00023031,87.6753,-116
88,-116,4.77753,-0.000671387,0.0194492,-4.02478e-06,2.84254e-05,0.0194492,-4.06615e-06,0.00146121,0.00389879,238,266,4.77752,0.00067898,92.7775,-116.001
93,-116,4.87187,-0.00149536,0.0186189,1.47127e-05,3.10527e-05,0.0186189,1.46609e-05,0.00166912,0.00314129,243,266,4.87188,0.0014853,97.8719,-116.001
98,-116,4.96165,0.000488281,0.0181637,2.6373e-05,4.03992e-05,0.0181638,2.62838e-05,0.00222739,0.0024922,248,266,4.96166,-0.000481784,102.962,-116
103,-116,5.04962,0.000305176,0.0183187,3.98477e-05,3.02294e-05,0.0183188,3.97973e-05,0.00165378,0.0025564,253,266,5.04961,-0.000307633,108.05,-116
108,-116,5.14133,0.000671387,0.0190533,5.59343e-05,-1.17832e-05,0.0190533,5.59259e-05,-0.000620257,0.0032471,258,266,5.14132,-0.000667738,113.141,-115.999
113,-116,5.23935,0.00158691,0.0200609,6.21417e-05,-5.80059e-05,0.0200611,6.19739e-05,-0.00290045,0.00402319,263,266,5.23936,-0.00157821,118.239,-115.998
118,-116,5.34534,0.000793457,0.021095,4.87229e-05,-0.000102183,0.0210955,4.82267e-05,-0.00485501,0.00466852,268,266,5.34535,-0.000795359,123.345,-115.999
123,-116,5.45532,-9.15527e-05,0.021867,-1.06492e-05,-0.000122088,0.0218677,-1.13305e-05,-0.00558027,0.00508218,273,266,5.45533,9.59122e-05,128.455,-116
128,-116,5.5658,-0.000488281,0,0,0,0,0,0,-1,278,266,5.56579,0.000500186,133.566,-116
-132,-121,0.342869,0.000610352,0.0220839,6.2992e-05,5.9024e-06,0.0220839,6.29909e-05,0.000268037,0.00477206,18,271,0.342868,-0.000612339,-131.657,-120.999
-127,-121,0.454231,0.000457764,0.0219644,7.19977e-05,-1.28436e-06,0.0219644,7.19968e-05,-5.8667e-05,0.00505646,23,271,0.454232,-0.000443911,-126.546,-121
-122,-121,0.565605,-0.000366211,0.0215914,9.812e-05,-2.44657e-06,0.0215914,9.81204e-05,-0.000113829,0.00498965,28,271,0.565604,0.00037077,-121.434,-121
-117,-121,0.67503,-0.000915527,0.0208981,0.000109285,4.2983e-06,0.0208981,0.000109284,0.00020676,0.00455837,33,271,0.675031,0.00090657,-116.325,-121.001
-112,-121,0.780521,-0.000640869,0.019894,0.000103555,-1.6112e-06,0.019894,0.000103556,-8.1413e-05,0.00395469,38,271,0.780521,0.000646383,-111.219,-121.001
-107,-121,0.878838,0.000183105,0.0188456,9.32689e-05,-2.11236e-05,0.0188456,9.32449e-05,-0.00112645,0.00314972,43,271,0.878839,-0.000172905,-106.121,-121
-102,-121,0.967113,-0.0010376,0.0181523,9.5441e-05,-4.00194e-05,0.0181524,9.53535e-05,-0.00221628,0.00263508,48,271,0.967112,0.00104572,-101.033,-121.001
-97,-121,1.05478,-0.00152588,0.0181246,0.000121864,-5.38529e-05,0.0181248,0.000121702,-0.00299133,0.00262529,53,271,1.05478,0.00153374,-95.9452,-121.002
-92,-121,1.14503,-0.00131226,0.018807,0.00015327,-4.37852e-05,0.0188071,0.000153167,-0.00234724,0.00315116,58,271,1.14503,0.00132628,-90.855,-121.001
-87,-121,1.24037,-0.00177002,0.0198915,0.00017107,-1.14356e-06,0.0198915,0.000171069,-5.79884e-05,0.00402601,63,271,1.24037,0.00176107,-85.7596,-121.002
-82,-121,1.3454,-0.00234985,0.0209198,0.000154556,5.58442e-05,0.0209199,0.000154406,0.00268929,0.00474952,68,271,1.3454,0.00234837,-80.6546,-121.002
-77,-121,1.45731,-0.000244141,0.021512,0.000107875,9.16614e-05,0.0215124,0.000107482,0.00428231,0.00509611,73,271,1.45731,0.000236112,-75.5427,-121
-72,-121,1.56817,0.00201416,0.0214369,3.89299e-05,8.74051e-05,0.0214372,3.85726e-05,0.00408465,0.00507106,78,271,1.56817,-0.00200063,-70.4318,-120.998
-67,-121,1.67783,0.00317383,0.020715,-1.37784e-05,3.21775e-05,0.0207151,-1.38273e-05,0.00155231,0.00464579,83,271,1.67783,-0.0031731,-65.3222,-120.997
-62,-121,1.78279,0.00268555,0.0196093,-3.0932e-05,-3.32015e-05,0.0196093,-3.0987e-05,-0.00169048,0.0039562,88,271,1.78279,-0.00268289,-60.2172,-120.997
-57,-121,1.87678,0.00219727,0.0185328,-9.79287e-06,-8.00979e-05,0.0185331,-1.01402e-05,-0.00431957,0.00317497,93,271,1.87678,-0.00218942,-55.1232,-120.998
-52,-121,1.9648,0.000793457,0.0179468,2.76352e-05,-8.13737e-05,0.0179471,2.72663e-05,-0.00454104,0.00255509,98,271,1.9648,-0.000787086,-50.0352,-120.999
-47,-121,2.05064,-0.00137329,0.0181418,5.80124e-05,-3.84787e-05,0.0181419,5.79301e-05,-0.00212778,0.00270986,103,271,2.05063,0.00136169,-44.9494,-121.001
-42,-121,2.14165,-0.00228882,0.0189991,6.32253e-05,3.88045e-05,0.0189992,6.31465e-05,0.00204924,0.00338916,108,271,2.14164,0.00228451,-39.8584,-121.002
-37,-121,2.24048,-0.00131226,0.0201041,4.9861e-05,0.0001003,0.0201046,4.93592e-05,0.00500126,0.00413465,113,271,2.24048,0.00129759,-34.7595,-121.001
-32,-121,2.34815,-0.00115967,0.0210311,3.06851e-05,0.000102384,0.0210316,3.0186e-05,0.00487519,0.00465971,118,271,2.34815,0.001174,-29.6518,-121.001
-27,-121,2.45699,0.00012207,0.0215208,3.20974e-05,5.55185e-05,0.0215209,3.19537e-05,0.0025836,0.00500233,123,271,2.45699,-0.000133676,-24.543,-121
-22,-121,2.56769,0.000335693,0.0214666,5.62004e-05,2.15614e-05,0.0214667,5.61783e-05,0.00100705,0.00495721,128,271,2.56768,-0.000327076,-19.4323,-121
-17,-121,2.67729,-0.00216675,0.0208374,7.17948e-05,3.8791e-05,0.0208375,7.1723e-05,0.00186803,0.00460008,133,271,2.67729,0.00217892,-14.3227,-121.002
-12,-121,2.78268,-0.00189209,0.0197263,6.28129e-05,9.98991e-05,0.0197268,6.23045e-05,0.00508027,0.00390557,138,271,2.78268,0.0018912,-9.21732,-121.002
-7,-121,2.87894,-0.0020752,0.0184882,2.00996e-05,0.0001937,0.0184903,1.80686e-05,0.0104868,0.00338933,143,271,2.87893,0.00207201,-4.12106,-121.002
-2,-121,2.96596,-0.00149536,0.0176899,-3.97542e-05,0.000288629,0.0176946,-4.4452e-05,0.0162737,0.00342781,148,271,2.96595,0.00148834,0.965958,-121.001
3,-121,3.04913,-0.000610352,0.0177943,-8.28171e-05,0.000365772,0.0178018,-9.02973e-05,0.0204489,0.00408278,153,271,3.04913,0.000618948,6.04913,-121.001
8,-121,3.13736,0.00244141,0.0188031,-0.00011705,0.000395586,0.0188113,-0.000125318,0.020896,0.00517893,158,271,3.13736,-0.00244887,11.1374,-120.998
13,-121,3.2346,0.00167847,0.0202093,-0.000148263,0.000362463,0.0202157,-0.000154714,0.0177973,0.00596561,163,271,3.2346,-0.00167964,16.2346,-120.998
18,-121,3.34525,0.00341797,0.0213453,-0.000169653,0.000289385,0.0213492,-0.000173545,0.0134472,0.00627168,168,271,3.34524,-0.00342958,21.3452,-120.997
23,-121,3.45908,0.00360107,0.0217855,-0.00019017,0.000217859,0.0217877,-0.00019233,0.00991232,0.00594397,173,271,3.45907,-0.00360431,26.4591,-120.996
28,-121,3.57127,0.0045166,0.0214726,-0.000204434,0.000149025,0.0214736,-0.000205459,0.00687436,0.00529644,178,271,3.57128,-0.00451749,31.5713,-120.995
33,-121,3.67857,0.0045166,0.0206286,-0.000204276,6.04185e-05,0.0206288,-0.000204451,0.00290012,0.00476028,183,271,3.67857,-0.0045299,36.6786,-120.995
38,-121,3.78203,0.00378418,0.0195654,-0.000193796,-2.69431e-05,0.0195655,-0.000193832,-0.00136357,0.00415458,188,271,3.78203,-0.00377553,41.782,-120.996
43,-121,3.87633,0.00213623,0.0186044,-0.000165114,-8.65777e-05,0.0186048,-0.000165514,-0.00461255,0.00337907,193,271,3.87633,-0.00212867,46.8763,-120.998
48,-121,3.96599,0.000274658,0.0180888,-0.000102042,-9.31068e-05,0.0180893,-0.000102517,-0.00511816,0.00254691,198,271,3.96599,-0.000259551,51.966,-121
53,-121,4.05286,0.000213623,0.0182652,-1.69704e-05,-5.96095e-05,0.0182654,-1.71652e-05,-0.00326049,0.00243869,203,271,4.05286,-0.000222904,57.0529,-121
58,-121,4.14305,-0.00152588,0.0190588,7.27393e-05,5.21005e-06,0.0190588,7.27382e-05,0.000274415,0.00275774,208,271,4.14306,0.00152626,62.1431,-121.002
63,-121,4.24193,-0.00146484,0.0200886,0.000124116,8.3659e-05,0.0200889,0.000123764,0.0041903,0.00345563,213,271,4.24193,0.00145609,67.2419,-121.001
68,-121,4.35068,-0.00195313,0.0209119,0.000116092,0.000160285,0.0209131,0.000114856,0.00770696,0.00425706,218,271,4.35068,0.00194943,72.3507,-121.002
73,-121,4.45877,-0.00125122,0.0212475,6.1649e-05,0.000188116,0.0212491,5.9979e-05,0.0088784,0.00476496,223,271,4.45878,0.001238,77.4588,-121.001
78,-121,4.56799,6.10352e-05,0.0210413,1.02865e-06,0.000146871,0.0210423,2.79397e-09,0.00698004,0.00488933,228,271,4.56799,-4.86807e-05,82.568,-121
83,-121,4.67465,0,0.0203911,-3.4635e-05,7.82893e-05,0.0203914,-3.49358e-05,0.00383281,0.0046454,233,271,4.67465,8.56458e-07,87.6747,-121
88,-121,4.77765,-0.000244141,0.019492,-3.49973e-05,3.37909e-05,0.0194921,-3.50559e-05,0.00173046,0.00396345,238,271,4.77765,0.000245555,92.7776,-121
93,-121,4.87155,-0.00119019,0.0186357,-9.63935e-06,2.27977e-05,0.0186357,-9.66713e-06,0.0012227,0.00311213,243,271,4.87155,0.00119986,97.8716,-121.001
98,-121,4.96141,0.000549316,0.0181803,2.88085e-05,2.41745e-05,0.0181804,2.8776e-05,0.00133182,0.00245269,248,271,4.9614,-0.000549817,102.961,-120.999
103,-121,5.05002,0.000366211,0.018353,7.91207e-05,8.39036e-06,0.018353,7.91177e-05,0.000459145,0.00241646,253,271,5.05002,-0.000359894,108.05,-121
108,-121,5.14172,0.000213623,0.0190923,0.0001311,-3.08417e-05,0.0190923,0.00013105,-0.00162657,0.00308987,258,271,5.14174,-0.000223893,113.142,-121
113,-121,5.24017,0.000518799,0.0200719,0.000161494,-6.63058e-05,0.0200721,0.000161272,-0.00333016,0.00381483,263,271,5.24017,-0.00051092,118.24,-120.999
118,-121,5.34647,-0.000274658,0.0210558,0.000164833,-9.3195e-05,0.0210562,0.000164418,-0.00446089,0.00433925,268,271,5.34645,0.000273318,123.346,-121
123,-121,5.45547,-0.000518799,0.0217438,0.000102684,-8.71067e-05,0.0217441,0.000102334,-0.00402497,0.00477093,273,271,5.45548,0.000532979,128.455,-121.001
128,-121,5.56522,-0.000152588,0,0,0,0,0,0,-1,278,271,5.56522,0.000157248,133.565,-121
-132,-126,0.342581,0.00012207,0.0220646,0.000123336,-1.82299e-05,0.0220646,0.000123322,-0.000830847,0.00492426,18,276,0.342581,-0.000136778,-131.657,-126
-127,-126,0.454006,-0.000305176,0.0219592,0.000125491,-3.17433e-05,0.0219592,0.000125446,-0.00145386,0.00521057,23,276,0.454006,0.000303219,-126.546,-126
-122,-126,0.565346,-0.00109863,0.0215945,0.000129202,-2.74445e-05,0.0215946,0.000129167,-0.00127855,0.00516098,28,276,0.565346,0.00109672,-121.435,-126.001
-117,-126,0.675385,-0.00161743,0.0209189,0.000116303,-2.93167e-06,0.0209189,0.000116304,-0.000140929,0.00473531,33,276,0.675386,0.00162164,-116.325,-126.002
-112,-126,0.780609,-0.00115967,0.0199084,8.03931e-05,1.49344e-05,0.0199084,8.03825e-05,0.000753197,0.00423096,38,276,0.780608,0.00117361,-111.219,-126.001
-107,-126,0.877777,0,0.0188522,5.89428e-05,1.05664e-05,0.0188523,5.89378e-05,0.000562244,0.00343962,43,276,0.877775,1.35066e-05,-106.122,-126
-102,-126,0.967346,-0.00137329,0.018162,6.82037e-05,-1.2089e-05,0.018162,6.81961e-05,-0.000668131,0.00281102,48,276,0.967346,0.00137626,-101.033,-126.001
-97,-126,1.0548,-0.00247192,0.0181397,0.000114797,-4.27151e-05,0.0181398,0.000114695,-0.00236976,0.00271353,53,276,1.0548,0.0024784,-95.9452,-126.002
-92,-126,1.14489,-0.00219727,0.0188154,0.000161655,-4.62191e-05,0.0188155,0.000161541,-0.00247772,0.00329436,58,276,1.14489,0.00219209,-90.8551,-126.002
-87,-126,1.24115,-0.00289917,0.0198945,0.000183942,-5.23022e-06,0.0198945,0.00018394,-0.000265351,0.00421524,63,276,1.24115,0.00291032,-85.7589,-126.003
-82,-126,1.34564,-0.00314331,0.0209277,0.000157315,5.89542e-05,0.0209279,0.000157148,0.00283835,0.00502785,68,276,1.34564,0.00314161,-80.6544,-126.003
-77,-126,1.45779,-0.000976563,0.0215106,0.000105936,0.000100277,0.0215111,0.000105467,0.00468469,0.0054757,73,276,1.45779,0.000984986,-75.5422,-126.001
-72,-126,1.5687,0.00198364,0.0214204,3.76027e-05,0.000100703,0.0214209,3.7129e-05,0.00470939,0.00536359,78,276,1.56869,-0.00198741,-70.4313,-125.998
-67,-126,1.67892,0.00344849,0.0206889,-5.47053e-06,4.31038e-05,0.020689,-5.56e-06,0.00208286,0.00468678,83,276,1.67892,-0.00346158,-65.3211,-125.997
-62,-126,1.78125,0.00305176,0.0195793,-8.91594e-06,-2.41461e-05,0.0195793,-8.94628e-06,-0.00123268,0.00403289,88,276,1.78125,-0.00305611,-60.2188,-125.997
-57,-126,1.87663,0.00186157,0.0185031,1.71787e-05,-7.3423e-05,0.0185034,1.68877e-05,-0.00397175,0.0032197,93,276,1.87663,-0.00185581,-55.1234,-125.998
-52,-126,1.96433,0.000396729,0.0179099,3.77057e-05,-6.8693e-05,0.0179101,3.7441e-05,-0.0038435,0.00262377,98,276,1.96433,-0.000405253,-50.0357,-126
-47,-126,2.0501,-0.00146484,0.0180916,4.08835e-05,-1.22586e-05,0.0180916,4.08748e-05,-0.00067912,0.0028829,103,276,2.0501,0.00147458,-44.9499,-126.001
-42,-126,2.14027,-0.00238037,0.0189561,2.07711e-05,8.99708e-05,0.0189566,2.03429e-05,0.00475133,0.00363384,108,276,2.14027,0.00238333,-39.8597,-126.002
-37,-126,2.23905,-0.00146484,0.0201002,-2.18001e-06,0.000164976,0.0201016,-3.53344e-06,0.00820605,0.0044142,113,276,2.23905,0.00147165,-34.7609,-126.001
-32,-126,2.34643,-0.000762939,0.0210586,-1.29119e-05,0.000155513,0.0210597,-1.40592e-05,0.00737974,0.00486814,118,276,2.34643,0.000765151,-29.6536,-126.001
-27,-126,2.45635,-6.10352e-05,0.0215363,3.31414e-06,6.87542e-05,0.0215365,3.09385e-06,0.00319293,0.00505584,123,276,2.45635,5.39802e-05,-24.5436,-126
-22,-126,2.56781,0.00012207,0.0214301,3.6578e-05,-6.52259e-06,0.0214301,3.65768e-05,-0.000304886,0.00497825,128,276,2.56781,-0.000107613,-19.4322,-126
-17,-126,2.67735,-0.00274658,0.0207614,4.03652e-05,-2.07833e-05,0.0207614,4.03449e-05,-0.001003,0.00462961,133,276,2.67736,0.00275719,-14.3226,-126.003
-12,-126,2.78217,-0.00216675,0.0196427,8.8753e-06,2.96967e-05,0.0196427,8.8308e-06,0.00151253,0.00403321,138,276,2.78217,0.00215535,-9.21783,-126.002
-7,-126,2.87784,-0.00161743,0.0184016,-4.94456e-05,0.000130031,0.0184026,-5.03622e-05,0.00704686,0.00348986,143,276,2.87783,0.00160895,-4.12216,-126.002
-2,-126,2.96542,-0.00146484,0.0175887,-9.19146e-05,0.000242651,0.017592,-9.52436e-05,0.0137207,0.00344236,148,276,2.96542,0.00146387,0.965424,-126.001
3,-126,3.04669,0.000305176,0.0177063,-9.26644e-05,0.000340661,0.0177128,-9.91821e-05,0.0191301,0.00407192,153,276,3.04669,-0.000307367,6.04669,-126
8,-126,3.13344,0.00305176,0.0187905,-7.53337e-05,0.000393751,0.0187987,-8.35471e-05,0.0208591,0.00517555,158,276,3.13344,-0.00306249,11.1334,-125.997
13,-126,3.23145,0.00146484,0.0202948,-7.61416e-05,0.000375302,0.0203017,-8.30535e-05,0.0184151,0.0059753,163,276,3.23144,-0.00147685,16.2314,-125.999
18,-126,3.34369,0.00424194,0.0214754,-9.33015e-05,0.000316473,0.0214801,-9.79444e-05,0.0146686,0.00622376,168,276,3.34368,-0.00422819,21.3437,-125.996
23,-126,3.45731,0.00442505,0.0218891,-0.000144709,0.000252538,0.021892,-0.000147603,0.0114594,0.00586132,173,276,3.45731,-0.00441065,26.4573,-125.996
28,-126,3.5695,0.00543213,0.0215415,-0.000208975,0.000179637,0.021543,-0.000210457,0.00825824,0.00508007,178,276,3.5695,-0.0054346,31.5695,-125.995
33,-126,3.67786,0.00622559,0.0206894,-0.000254326,8.11818e-05,0.0206897,-0.00025464,0.0038761,0.00452186,183,276,3.67786,-0.00621394,36.6779,-125.994
38,-126,3.78094,0.00540161,0.0196234,-0.000264783,-1.6208e-05,0.0196234,-0.000264795,-0.000814959,0.00393978,188,276,3.78095,-0.00541307,41.7809,-125.995
43,-126,3.8759,0.00354004,0.0186379,-0.000227184,-8.95111e-05,0.0186383,-0.000227608,-0.00474467,0.00319205,193,276,3.87591,-0.00354645,46.8759,-125.996
48,-126,3.96553,0.000915527,0.0180861,-0.000138811,-0.000125657,0.018087,-0.000139678,-0.00689432,0.00252467,198,276,3.96553,-0.000927624,51.9655,-125.999
53,-126,4.05264,0.000579834,0.018224,-2.90809e-05,-0.000128312,0.018225,-2.9983e-05,-0.00702913,0.00250333,203,276,4.05264,-0.000575018,57.0526,-125.999
58,-126,4.14354,-0.00204468,0.0189857,7.3269e-05,-7.37177e-05,0.018986,7.29822e-05,-0.00389776,0.00283047,208,276,4.14354,0.00203026,62.1435,-126.002
63,-126,4.24164,-0.00247192,0.0200078,0.000129519,3.72012e-05,0.0200079,0.000129449,0.00187144,0.00347694,213,276,4.24164,0.00247554,67.2416,-126.002
68,-126,4.34851,-0.00271606,0.0208675,0.000126808,0.000162035,0.0208688,0.000125543,0.0078118,0.00423226,218,276,4.3485,0.00270697,72.3485,-126.003
73,-126,4.45673,-0.0015564,0.0212765,7.87483e-05,0.000222135,0.0212789,7.64215e-05,0.0104776,0.00469178,223,276,4.45672,0.00155232,77.4567,-126.002
78,-126,4.5667,9.15527e-05,0.021125,1.47474e-05,0.000182113,0.0211266,1.31754e-05,0.00862588,0.00480885,228,276,4.5667,-0.000102156,82.5667,-126
83,-126,4.67432,6.10352e-05,0.0204774,-3.60441e-05,9.8805e-05,0.0204778,-3.652e-05,0.00481646,0.00452242,233,276,4.67432,-4.7523e-05,87.6743,-126
88,-126,4.77728,0.000213623,0.0195493,-4.9066e-05,3.84218e-05,0.0195494,-4.91412e-05,0.00196045,0.00383759,238,276,4.77728,-0.000199324,92.7773,-126
93,-126,4.87103,-0.000854492,0.0186676,-1.99874e-05,1.25813e-05,0.0186676,-1.99964e-05,0.000673244,0.00300283,243,276,4.87103,0.000868791,97.871,-126.001
98,-126,4.96146,3.05176e-05,0.018205,3.97154e-05,5.56152e-06,0.018205,3.97135e-05,0.000306161,0.00240038,248,276,4.96146,-3.96181e-05,102.961,-126
103,-126,5.05029,-0.000152588,0.0183878,0.000115216,-1.17564e-05,0.0183878,0.000115208,-0.000643389,0.00234473,253,276,5.05029,0.000155506,108.05,-126
108,-126,5.1412,-0.000579834,0.0191333,0.000185912,-4.09401e-05,0.0191334,0.000185824,-0.00216071,0.00305883,258,276,5.1412,0.000573418,113.141,-126.001
113,-126,5.24051,-0.000854492,0.0200992,0.000225793,-6.35094e-05,0.0200994,0.000225591,-0.00319566,0.00382083,263,276,5.24051,0.000860922,118.241,-126.001
118,-126,5.34747,-0.00180054,0.02105,0.000236155,-7.75327e-05,0.0210503,0.000235867,-0.00372498,0.00431714,268,276,5.34747,0.00179587,123.347,-126.002
123,-126,5.45642,-0.00119019,0.0216694,0.000169877,-5.70632e-05,0.0216696,0.000169725,-0.00265413,0.00469573,273,276,5.45641,0.00118169,128.456,-126.001
128,-126,5.56595,-3.05176e-05,0,0,0,0,0,0,-1,278,276,5.56595,3.05752e-05,133.566,-126
-132,-131,0.342161,0.000640869,0,0,0,0,0,0,-1,18,281,0.342162,-0.000636137,-131.658,-130.999
-127,-131,0.453667,0.000579834,0,0,0,0,0,0,-1,23,281,0.453667,-0.000590312,-126.546,-130.999
-122,-131,0.565222,0.000488281,0,0,0,0,0,0,-1,28,281,0.565223,-0.000502377,-121.435,-131
-117,-131,0.675381,-0.000244141,0,0,0,0,0,0,-1,33,281,0.67538,0.000243914,-116.325,-131
-112,-131,0.780102,-0.000274658,0,0,0,0,0,0,-1,38,281,0.780101,0.000276632,-111.22,-131
-107,-131,0.877071,0.000762939,0,0,0,0,0,0,-1,43,281,0.87707,-0.000774312,-106.123,-130.999
-102,-131,0.966633,-0.000335693,0,0,0,0,0,0,-1,48,281,0.966633,0.000324866,-101.033,-131
-97,-131,1.05486,-0.00262451,0,0,0,0,0,0,-1,53,281,1.05486,0.00262492,-95.9451,-131.003
-92,-131,1.14416,-0.00180054,0,0,0,0,0,0,-1,58,281,1.14416,0.00178585,-90.8558,-131.002
-87,-131,1.24045,-0.00183105,0,0,0,0,0,0,-1,63,281,1.24045,0.00182927,-85.7596,-131.002
-82,-131,1.34467,-0.00198364,0,0,0,0,0,0,-1,68,281,1.34466,0.00197909,-80.6553,-131.002
-77,-131,1.45751,-0.000579834,0,0,0,0,0,0,-1,73,281,1.45751,0.000583576,-75.5425,-131.001
-72,-131,1.56935,0.00213623,0,0,0,0,0,0,-1,78,281,1.56935,-0.00213118,-70.4306,-130.998
-67,-131,1.68123,0.00323486,0,0,0,0,0,0,-1,83,281,1.68123,-0.00322472,-65.3188,-130.997
-62,-131,1.7804,0.00332642,0,0,0,0,0,0,-1,88,281,1.78039,-0.00331324,-60.2196,-130.997
-57,-131,1.87602,0.00180054,0,0,0,0,0,0,-1,93,281,1.87602,-0.0018024,-55.124,-130.998
-52,-131,1.96265,0.000183105,0,0,0,0,0,0,-1,98,281,1.96265,-0.000170365,-50.0373,-131
-47,-131,2.04883,-0.00125122,0,0,0,0,0,0,-1,103,281,2.04883,0.00125695,-44.9512,-131.001
-42,-131,2.13837,-0.00271606,0,0,0,0,0,0,-1,108,281,2.13836,0.0027255,-39.8616,-131.003
-37,-131,2.23724,-0.00134277,0,0,0,0,0,0,-1,113,281,2.23724,0.00134802,-34.7628,-131.001
-32,-131,2.34479,-6.10352e-05,0,0,0,0,0,0,-1,118,281,2.34479,5.82602e-05,-29.6552,-131
-27,-131,2.45594,0.000610352,0,0,0,0,0,0,-1,123,281,2.45594,-0.000618124,-24.5441,-130.999
-22,-131,2.5706,0.000946045,0,0,0,0,0,0,-1,128,281,2.5706,-0.000933341,-19.4294,-130.999
-17,-131,2.68094,-0.00177002,0,0,0,0,0,0,-1,133,281,2.68093,0.00178021,-14.3191,-131.002
-12,-131,2.78392,-0.00134277,0,0,0,0,0,0,-1,138,281,2.78393,0.00134601,-9.21608,-131.001
-7,-131,2.87827,-0.00012207,0,0,0,0,0,0,-1,143,281,2.87826,0.000121717,-4.12173,-131
-2,-131,2.96628,0.00012207,0,0,0,0,0,0,-1,148,281,2.96628,-0.000132124,0.966278,-131
3,-131,3.04552,0.000701904,0,0,0,0,0,0,-1,153,281,3.04552,-0.000708985,6.04552,-130.999
8,-131,3.13095,0.00219727,0,0,0,0,0,0,-1,158,281,3.13095,-0.00221128,11.131,-130.998
13,-131,3.2294,0.000152588,0,0,0,0,0,0,-1,163,281,3.2294,-0.000152019,16.2294,-131
18,-131,3.34265,0.00280762,0,0,0,0,0,0,-1,168,281,3.34266,-0.00280856,21.3427,-130.997
23,-131,3.45651,0.00167847,0,0,0,0,0,0,-1,173,281,3.45651,-0.00167053,26.4565,-130.998
28,-131,3.56787,0.00231934,0,0,0,0,0,0,-1,178,281,3.56787,-0.00232703,31.5679,-130.998
33,-131,3.67708,0.00387573,0,0,0,0,0,0,-1,183,281,3.67708,-0.00387656,36.6771,-130.996
38,-131,3.78139,0.00424194,0,0,0,0,0,0,-1,188,281,3.78139,-0.00423894,41.7814,-130.996
43,-131,3.87692,0.00366211,0,0,0,0,0,0,-1,193,281,3.87693,-0.00365355,46.8769,-130.996
48,-131,3.96626,0.00204468,0,0,0,0,0,0,-1,198,281,3.96626,-0.00204538,51.9663,-130.998
53,-131,4.05269,0.00170898,0,0,0,0,0,0,-1,203,281,4.05269,-0.00169751,57.0527,-130.998
58,-131,4.14354,-0.0017395,0,0,0,0,0,0,-1,208,281,4.14354,0.00172501,62.1435,-131.002
63,-131,4.24092,-0.00204468,0,0,0,0,0,0,-1,213,281,4.24093,0.0020315,67.2409,-131.002
68,-131,4.34622,-0.0022583,0,0,0,0,0,0,-1,218,281,4.34621,0.00225075,72.3462,-131.002
73,-131,4.4552,-0.000762939,0,0,0,0,0,0,-1,223,281,4.45519,0.000772972,77.4552,-131.001
78,-131,4.56647,0.000854492,0,0,0,0,0,0,-1,228,281,4.56646,-0.000852512,82.5665,-130.999
83,-131,4.67427,0.000854492,0,0,0,0,0,0,-1,233,281,4.67427,-0.000853682,87.6743,-130.999
88,-131,4.77748,0.000976563,0,0,0,0,0,0,-1,238,281,4.77748,-0.000979644,92.7775,-130.999
93,-131,4.87083,0.000427246,0,0,0,0,0,0,-1,243,281,4.87084,-0.000428624,97.8708,-131
98,-131,4.96201,3.05176e-05,0,0,0,0,0,0,-1,248,281,4.962,-1.90088e-05,102.962,-131
103,-131,5.05066,-0.000762939,0,0,0,0,0,0,-1,253,281,5.05065,0.000764554,108.051,-131.001
108,-131,5.14166,-0.00143433,0,0,0,0,0,0,-1,258,281,5.14166,0.00141998,113.142,-131.001
113,-131,5.24091,-0.00286865,0,0,0,0,0,0,-1,263,281,5.24092,0.00285494,118.241,-131.003
118,-131,5.34778,-0.00387573,0,0,0,0,0,0,-1,268,281,5.34778,0.00387258,123.348,-131.004
123,-131,5.45645,-0.00189209,0,0,0,0,0,0,-1,273,281,5.45645,0.00188222,128.456,-131.002
128,-131,0,0,0,0,0,0,0,0,-1,278,281,0,0,128,-131

