 "x_c",  "y_c",  "u_c",  "v_c",  "exx",  "eyy",  "exy",  "e1",  "e2",  "gamma",  "sigma",  "x",  "y",  "u",  "v",  "Xp",  "Yp"
-135,136,0,0,0,0,0,0,0,0,-1,15,14,0,0,-135,136
-130,136,-6,-8,0,0,0,0,0,0,-1,20,14,-6,8,-136,128
-125,136,-6,-8,4.52343e-06,-3.71679e-07,-8.0201e-07,4.55606e-06,-4.04312e-07,-0.0811981,7.25576e-06,25,14,-6,8,-131,128
-120,136,-5.99999,-8.00001,4.07849e-06,-4.01011e-06,5.37915e-06,4.89116e-06,-4.82278e-06,0.293433,0,30,14,-5.99999,8,-126,128
-115,136,-5.99985,-8.00004,1.27587e-06,-3.1949e-06,7.35525e-06,3.34419e-06,-5.26322e-06,0.512318,0,35,14,-5.99985,8.00004,-121,128
-110,136,-5.99995,-8.00005,-9.89031e-07,6.11294e-07,4.06204e-06,1.99409e-06,-2.37183e-06,0.973047,0,40,14,-5.99995,8.00005,-116,128
-105,136,-5.99999,-7.99997,-2.12006e-06,3.81e-06,-7.20134e-07,3.83179e-06,-2.14184e-06,-1.51037,0,45,14,-5.99999,7.99997,-111,128
-100,136,-5.99995,-8.00004,-1.62478e-06,4.45303e-06,-4.37977e-06,5.15986e-06,-2.33161e-06,-1.25858,0,50,14,-5.99995,8.00004,-106,128
-95,136,-5.99997,-8.00006,-1.21316e-06,3.65935e-06,-4.31864e-06,4.47856e-06,-2.03236e-06,-1.20819,0,55,14,-5.99997,8.00006,-101,128
-90,136,-6,-8.00001,-9.76851e-07,3.54175e-06,-3.74167e-06,4.21578e-06,-1.65089e-06,-1.22499,7.20593e-07,60,14,-6,8.00001,-96,128
-85,136,-6,-8,1.3038e-08,3.02358e-06,-1.56353e-06,3.21448e-06,-1.77861e-07,-1.33129,4.72579e-06,65,14,-6,8,-91,128
-80,136,-5.99999,-7.99999,4.5112e-08,2.72933e-06,1.0261e-06,2.82405e-06,-4.96068e-08,1.38823,5.71945e-06,70,14,-5.99999,8,-86,128
-75,136,-5.99992,-8.00008,-4.83533e-07,9.7116e-07,3.12624e-06,1.96787e-06,-1.48025e-06,1.00316,0,75,14,-5.99992,8.00008,-80.9999,128
-70,136,-6.00002,-7.99999,-2.32234e-07,3.70261e-06,1.02326e-06,3.76805e-06,-2.97671e-07,1.44359,6.57694e-06,80,14,-6.00002,7.99999,-76,128
-65,136,-6.00002,-7.99999,6.14353e-07,6.68977e-06,-2.20683e-06,6.88397e-06,4.20158e-07,-1.39659,1.25735e-05,85,14,-6.00002,7.99999,-71,128
-60,136,-5.99995,-7.99997,1.2696e-06,8.07636e-06,-3.22335e-06,8.43868e-06,9.07278e-07,-1.34966,1.64793e-05,90,14,-5.99996,7.99997,-66,128
-55,136,-5.99997,-8,3.44108e-07,6.90423e-06,-2.19453e-06,7.0829e-06,1.65442e-07,-1.40938,0,95,14,-5.99997,8,-61,128
-50,136,-5.99997,-8,-1.6359e-06,7.0154e-06,-2.46502e-06,7.18757e-06,-1.80807e-06,-1.43201,1.46574e-05,100,14,-5.99997,8,-56,128
-45,136,-6,-8,-2.01585e-06,6.29879e-06,-3.96751e-06,6.74783e-06,-2.46489e-06,-1.34819,1.39599e-05,105,14,-6,8,-51,128
-40,136,-5.99999,-8.00001,-6.4708e-07,5.48897e-06,-4.95866e-06,6.36554e-06,-1.52365e-06,-1.23096,0,110,14,-5.99999,8.00001,-46,128
-35,136,-6,-8,1.50098e-06,1.22732e-06,-3.93717e-06,3.33748e-06,-6.09186e-07,-0.750701,0,115,14,-6,8,-41,128
-30,136,-5.99999,-8,2.87674e-06,-4.02729e-06,8.83118e-07,2.90487e-06,-4.05541e-06,0.0636112,9.99764e-06,120,14,-6,8,-36,128
-25,136,-5.99996,-8.00008,1.9568e-06,-5.35191e-06,3.73353e-06,2.40599e-06,-5.8011e-06,0.236138,0,125,14,-5.99996,8.00008,-31,128
-20,136,-5.99992,-8.00002,-5.37622e-07,-3.59872e-06,4.72929e-06,7.48585e-07,-4.88493e-06,0.498173,0,130,14,-5.99991,8.00002,-25.9999,128
-15,136,-6,-8.00001,-2.62508e-06,-8.36827e-07,2.37599e-06,-2.44081e-07,-3.21783e-06,1.10799,9.62553e-06,135,14,-6,8.00001,-21,128
-10,136,-5.99998,-8.00001,-2.80202e-06,1.00936e-06,-3.39839e-07,1.01692e-06,-2.80958e-06,-1.52633,0,140,14,-5.99999,8.00001,-16,128
-5,136,-6.00002,-8.00002,-1.2771e-06,1.16381e-06,-1.97683e-06,1.51385e-06,-1.62715e-06,-1.23043,7.29372e-06,145,14,-6.00002,8.00002,-11,128
0,136,-6,-8.00001,3.61622e-07,4.33561e-06,-1.61349e-06,4.49314e-06,2.04092e-07,-1.37796,1.0113e-05,150,14,-6,8.00001,-6,128
5,136,-5.99998,-8,1.28251e-06,1.00253e-05,-3.06656e-06,1.02864e-05,1.02141e-06,-1.40212,1.34371e-05,155,14,-5.99999,8,-0.999985,128
10,136,-6,-8,2.26705e-06,1.461e-05,-6.32977e-06,1.53742e-05,1.50285e-06,-1.33387,0,160,14,-5.99999,8,4,128
15,136,-5.99998,-8.00001,2.37335e-06,1.30037e-05,-9.03255e-06,1.46633e-05,7.13726e-07,-1.21864,0,165,14,-5.99999,8.00001,9.00002,128
20,136,-5.99998,-8.00001,1.63124e-06,7.47956e-06,-7.25226e-06,9.21367e-06,-1.02874e-07,-1.12472,0,170,14,-5.99999,8.00001,14,128
25,136,-5.99992,-8.00012,-6.85078e-08,1.14902e-06,-5.24717e-07,1.20315e-06,-1.22635e-07,-1.36734,0,175,14,-5.99993,8.00012,19.0001,128
30,136,-6,-7.99999,-2.09373e-06,-9.0256e-07,5.90847e-06,1.51552e-06,-4.51182e-06,0.884867,7.07952e-06,180,14,-6,7.99999,24,128
35,136,-5.99992,-8.00001,-2.87248e-06,-8.84908e-07,7.96636e-06,2.22659e-06,-5.98397e-06,0.90765,0,185,14,-5.99992,8.00001,29.0001,128
40,136,-6.00003,-8,-2.34544e-06,-3.07311e-08,4.45313e-06,1.32131e-06,-3.69748e-06,1.02508,1.46759e-05,190,14,-6.00002,8,34,128
45,136,-6,-8,-1.34767e-06,-2.88896e-07,3.6554e-07,-2.58233e-07,-1.37833e-06,1.40458,0,195,14,-6.00001,8,39,128
50,136,-6,-8.00001,-3.38609e-07,-1.57317e-07,-1.72375e-06,6.18664e-07,-1.11459e-06,-0.837792,0,200,14,-5.99999,8.00001,44,128
55,136,-6.00002,-8.00001,4.06163e-07,3.23288e-07,-1.95609e-06,1.34365e-06,-6.14198e-07,-0.764227,0,205,14,-6.00001,8.00001,49,128
60,136,-6,-8.00001,1.23749e-06,2.87299e-06,-3.74986e-06,4.10074e-06,9.73773e-09,-0.991036,0,210,14,-5.99999,8,54,128
65,136,-6,-8.00001,2.27446e-06,6.22539e-06,-5.80848e-06,7.76234e-06,7.37505e-07,-1.08406,2.14822e-06,215,14,-6,8,59,128
70,136,-6,-8,1.76871e-06,1.00841e-05,-9.2435e-06,1.21431e-05,-2.90259e-07,-1.15169,3.06803e-06,220,14,-6,8,64,128
75,136,-5.99992,-8.00002,7.47933e-07,1.1226e-05,-1.05651e-05,1.34269e-05,-1.45298e-06,-1.17603,0,225,14,-5.99993,8.00002,69.0001,128
80,136,-6,-8,-6.3028e-08,9.26952e-06,-6.27044e-06,1.0225e-05,-1.01847e-06,-1.27499,0,230,14,-6,8,74,128
85,136,-5.99998,-8.00001,-7.62577e-07,4.62536e-06,9.83799e-07,4.6699e-06,-8.07118e-07,1.48049,0,235,14,-5.99999,8.00001,79,128
90,136,-5.99991,-8.00002,-1.4693e-07,8.01124e-07,5.09999e-06,2.92078e-06,-2.26658e-06,0.877296,0,240,14,-5.9999,8.00002,84.0001,128
95,136,-6,-7.99999,4.66618e-07,-2.64231e-06,7.04222e-06,2.76112e-06,-4.93682e-06,0.577529,0,245,14,-6,7.99999,89,128
100,136,-6,-8.00001,-3.2058e-07,-3.74173e-06,6.25231e-06,1.5324e-06,-5.59471e-06,0.53506,0,250,14,-6,8.00001,94,128
105,136,-5.99991,-8.00005,-9.07413e-07,-2.98888e-06,4.99701e-06,7.5845e-07,-4.65474e-06,0.588056,0,255,14,-5.99991,8.00005,99.0001,128
110,136,-6,-8,-1.2245e-06,1.08926e-06,1.07455e-06,1.20794e-06,-1.34317e-06,1.35341,6.55319e-06,260,14,-6,8,104,128
115,136,-6,-7.99998,-1.02056e-06,5.12315e-06,-4.81254e-06,5.9534e-06,-1.85081e-06,-1.23855,0,265,14,-5.99999,7.99999,109,128
120,136,-6,-8,7.37752e-07,6.23937e-06,-8.64757e-06,8.61321e-06,-1.63609e-06,-1.06871,9.76669e-06,270,14,-5.99999,8,114,128
125,136,-6,-8,2.34573e-06,2.93423e-06,-5.99899e-06,5.65387e-06,-3.73909e-07,-0.834292,8.06489e-06,275,14,-6.00002,8,119,128
130,136,-5.99997,-8.00002,4.60835e-06,-3.42565e-06,-2.2307e-07,4.6099e-06,-3.42719e-06,-0.0138793,0,280,14,-5.99995,8.00002,124,128
-135,131,0,0,0,0,0,0,0,0,-1,15,19,0,0,-135,131
-130,131,-6,-8,0,0,0,0,0,0,-1,20,19,-6,8,-136,123
-125,131,-6,-8,4.05335e-06,-9.1212e-08,6.47053e-07,4.07845e-06,-1.16314e-07,0.0774354,0,25,19,-6,8,-131,123
-120,131,-5.99998,-7.99999,3.18818e-06,-2.03342e-06,2.19687e-06,3.40985e-06,-2.25508e-06,0.199123,0,30,19,-5.99999,7.99999,-126,123
-115,131,-5.99999,-8,2.21958e-06,-1.74965e-06,1.94607e-06,2.44528e-06,-1.97535e-06,0.227924,0,35,19,-5.99999,8,-121,123
-110,131,-6,-8,1.05836e-06,8.5495e-08,2.15144e-07,1.07011e-06,7.37425e-08,0.108821,1.08254e-05,40,19,-6,8,-116,123
-105,131,-5.99992,-8.00007,-4.3056e-07,1.55405e-06,-7.71873e-07,1.62646e-06,-5.0297e-07,-1.38533,0,45,19,-5.99993,8.00007,-111,123
-100,131,-5.99994,-8.00008,-1.44234e-06,1.65216e-06,-9.53127e-07,1.72389e-06,-1.51407e-06,-1.4214,0,50,19,-5.99993,8.00008,-106,123
-95,131,-6,-8,-1.74846e-06,8.14021e-07,-2.5082e-08,8.14082e-07,-1.74852e-06,-1.5659,7.06229e-06,55,19,-6,8,-101,123
-90,131,-5.99995,-8.00005,-1.45518e-06,5.98721e-07,-1.61776e-07,6.01901e-07,-1.45836e-06,-1.53149,0,60,19,-5.99995,8.00005,-95.9999,123
-85,131,-5.99994,-8.00005,-6.98373e-07,4.65338e-07,-4.47786e-08,4.65769e-07,-6.98803e-07,-1.55157,0,65,19,-5.99994,8.00005,-90.9999,123
-80,131,-6.00001,-8.00002,-1.58153e-07,4.6597e-07,3.57173e-07,5.13458e-07,-2.05641e-07,1.3109,0,70,19,-6.00001,8.00002,-86,123
-75,131,-6.00005,-8,3.31866e-07,4.03156e-07,3.92603e-07,5.67023e-07,1.68e-07,0.875211,0,75,19,-6.00005,8,-81,123
-70,131,-5.99994,-8.00008,8.47734e-07,2.13944e-06,-8.08188e-07,2.25544e-06,7.31735e-07,-1.29125,0,80,19,-5.99994,8.00008,-75.9999,123
-65,131,-5.99998,-7.99996,6.67627e-07,3.77561e-06,-1.43486e-06,3.93322e-06,5.10011e-07,-1.35454,7.98304e-06,85,19,-5.99998,7.99996,-71,123
-60,131,-5.99995,-8.00009,6.05748e-08,4.2028e-06,-9.14403e-07,4.25266e-06,1.07109e-08,-1.46216,0,90,19,-5.99995,8.00009,-65.9999,123
-55,131,-5.99998,-8,1.24362e-08,3.09518e-06,-2.15305e-07,3.09893e-06,8.68135e-09,-1.53593,1.15353e-05,95,19,-5.99998,8,-61,123
-50,131,-6.00001,-8,2.55115e-07,2.72395e-06,-1.16107e-06,2.85364e-06,1.25418e-07,-1.351,1.77136e-05,100,19,-6.00001,8,-56,123
-45,131,-5.99992,-8.00009,-2.23591e-08,2.7955e-06,-2.43684e-06,3.24926e-06,-4.76123e-07,-1.21429,0,105,19,-5.99991,8.00009,-50.9999,123
-40,131,-6,-8.00001,-7.80865e-07,2.63623e-06,-2.42025e-06,3.02137e-06,-1.16601e-06,-1.26267,8.50224e-06,110,19,-6,8.00001,-46,123
-35,131,-5.99999,-8.00001,-1.16777e-06,5.97574e-07,-9.41425e-07,7.15241e-07,-1.28544e-06,-1.32584,4.54161e-06,115,19,-5.99999,8.00001,-41,123
-30,131,-5.99999,-8,-4.76172e-07,-2.09006e-06,1.56574e-06,-1.58818e-07,-2.40741e-06,0.385129,6.88659e-06,120,19,-5.99999,8,-36,123
-25,131,-6,-8,5.66053e-07,-3.30178e-06,2.60507e-06,9.63795e-07,-3.69952e-06,0.296367,0,125,19,-6,8,-31,123
-20,131,-6,-7.99999,3.9085e-07,-2.45591e-06,2.44198e-06,8.4279e-07,-2.90785e-06,0.354505,0,130,19,-6,7.99999,-26,123
-15,131,-5.99992,-8.00006,-6.5302e-07,-8.96059e-07,1.10767e-06,-2.07529e-07,-1.34155e-06,0.677402,0,135,19,-5.99993,8.00006,-20.9999,123
-10,131,-6,-7.99999,-9.87734e-07,5.55233e-07,-7.43687e-07,6.40169e-07,-1.07267e-06,-1.34623,7.30549e-06,140,19,-6.00001,7.99999,-16,123
-5,131,-6,-8.00001,-5.808e-07,1.18396e-06,-2.1415e-06,1.68906e-06,-1.0859e-06,-1.13002,0,145,19,-6,8.00001,-11,123
0,131,-6,-8.00001,1.57238e-07,2.27288e-06,-2.22322e-06,2.74955e-06,-3.19431e-07,-1.1657,0,150,19,-6,8.00001,-6,123
5,131,-5.99998,-8.00001,9.37784e-07,3.53777e-06,-2.0777e-06,3.90187e-06,5.7369e-07,-1.23369,0,155,19,-5.99998,8.00001,-0.999985,123
10,131,-6,-8.00015,1.66655e-06,4.238e-06,-1.90855e-06,4.55344e-06,1.35111e-06,-1.25155,0,160,19,-6.00001,8.00015,4,123
15,131,-5.99994,-8.00008,1.51437e-06,2.53157e-06,-1.19889e-06,2.80911e-06,1.23683e-06,-1.13719,0,165,19,-5.99994,8.00008,9.00006,123
20,131,-5.99991,-8.00006,3.57116e-07,3.59837e-07,2.57144e-07,4.87055e-07,2.29897e-07,0.790688,0,170,19,-5.99991,8.00007,14.0001,123
25,131,-5.99991,-8.00007,-1.45309e-06,-1.326e-06,2.94568e-06,8.46646e-08,-2.86376e-06,0.806958,0,175,19,-5.9999,8.00007,19.0001,123
30,131,-6.00003,-8,-2.58689e-06,-1.14288e-06,4.68986e-06,5.88683e-07,-4.31845e-06,0.934744,1.80167e-05,180,19,-6.00002,8,24,123
35,131,-6,-8.00001,-2.10321e-06,-3.85728e-07,4.50999e-06,1.1685e-06,-3.65744e-06,0.967329,7.63266e-06,185,19,-6,8.00001,29,123
40,131,-6.00002,-8,-8.83391e-07,3.93706e-07,2.023e-06,9.51352e-07,-1.44104e-06,1.06695,1.7718e-05,190,19,-6.00001,8,34,123
45,131,-6,-8,-3.26656e-08,1.03198e-07,-2.28098e-07,1.68013e-07,-9.74812e-08,-1.054,1.66815e-05,195,19,-6.00001,8,39,123
50,131,-6,-8,3.47288e-07,5.33895e-08,-1.39608e-06,9.13681e-07,-5.13003e-07,-0.681655,9.76449e-07,200,19,-6,8,44,123
55,131,-6,-8.00001,1.02225e-06,-6.02699e-08,-1.86014e-06,1.55709e-06,-5.95112e-07,-0.521875,5.01512e-06,205,19,-5.99999,8.00001,49,123
60,131,-5.99998,-8.00001,2.33724e-06,9.37548e-07,-3.62196e-06,3.57889e-06,-3.04108e-07,-0.601014,7.61937e-06,210,19,-5.99999,8.00001,54,123
65,131,-6,-8.00001,3.71542e-06,2.27916e-06,-5.09045e-06,5.64188e-06,3.52694e-07,-0.647898,0,215,19,-6,8.00001,59,123
70,131,-5.99992,-8.00009,3.39473e-06,3.70354e-06,-5.94476e-06,6.52552e-06,5.72746e-07,-0.811348,0,220,19,-5.99992,8.00009,64.0001,123
75,131,-5.99991,-8.00006,1.26364e-06,4.07427e-06,-5.46827e-06,5.7431e-06,-4.05197e-07,-1.02279,0,225,19,-5.99991,8.00007,69.0001,123
80,131,-5.99989,-8.00008,-1.48056e-06,3.46305e-06,-2.59026e-06,3.7818e-06,-1.79931e-06,-1.32948,0,230,19,-5.99989,8.00008,74.0001,123
85,131,-6,-8.00001,-3.16716e-06,1.901e-06,1.00805e-06,1.95064e-06,-3.21679e-06,1.47263,0,235,19,-5.99999,8.00001,79,123
90,131,-6.00005,-8.00001,-2.65786e-06,6.37051e-07,2.70004e-06,1.11954e-06,-3.14035e-06,1.22755,8.25166e-06,240,19,-6.00004,8.00001,84,123
95,131,-5.99998,-7.99998,-8.99332e-07,-7.11097e-07,2.89054e-06,6.43119e-07,-2.25355e-06,0.817913,6.73117e-06,245,19,-5.99998,7.99998,89,123
100,131,-6,-7.99999,5.43055e-07,-6.45436e-07,9.31317e-07,7.03771e-07,-8.06151e-07,0.332334,5.25545e-06,250,19,-6,7.99999,94,123
105,131,-6,-8.00001,1.24001e-06,7.2537e-07,-1.64038e-06,1.84229e-06,1.23082e-07,-0.633395,0,255,19,-6,8.00001,99,123
110,131,-5.99998,-8,8.15449e-07,3.12965e-06,-3.28253e-06,3.98069e-06,-3.55903e-08,-1.09244,5.18288e-06,260,19,-5.99999,8,104,123
115,131,-6,-8,-4.12417e-07,4.56028e-06,-3.6794e-06,5.16689e-06,-1.01903e-06,-1.25229,1.33929e-05,265,19,-5.99999,8,109,123
120,131,-5.99988,-8.0001,-1.19131e-06,3.99718e-06,-2.83456e-06,4.35908e-06,-1.55321e-06,-1.32079,0,270,19,-5.99989,8.0001,114,123
125,131,-6,-8,-1.41146e-06,1.38906e-06,-1.94086e-07,1.39242e-06,-1.41482e-06,-1.5362,5.96223e-06,275,19,-6,8,119,123
130,131,-6,-8,-7.79873e-08,-2.46114e-06,2.01172e-06,2.89799e-07,-2.82893e-06,0.350542,8.11714e-06,280,19,-6,8,124,123
-135,126,0,0,0,0,0,0,0,0,-1,15,24,0,0,-135,126
-130,126,-6,-8,0,0,0,0,0,0,-1,20,24,-6,8,-136,118
-125,126,-6,-8,4.50546e-06,3.76286e-07,2.10043e-06,4.75722e-06,1.24524e-07,0.235284,7.72949e-06,25,24,-6,8,-131,118
-120,126,-5.99997,-7.99999,2.77715e-06,-4.98534e-07,9.08922e-07,2.83903e-06,-5.60416e-07,0.135333,9.48144e-06,30,24,-5.99997,7.99999,-126,118
-115,126,-5.99999,-7.99998,2.0314e-06,-8.06184e-07,-3.02713e-07,2.03945e-06,-8.14235e-07,-0.053139,0,35,24,-5.99999,7.99999,-121,118
-110,126,-5.99993,-8.00006,1.19797e-06,-5.74444e-07,-7.98422e-07,1.28374e-06,-6.60211e-07,-0.211623,0,40,24,-5.99993,8.00006,-116,118
-105,126,-5.9999,-8.00006,-9.15045e-08,-3.23041e-07,1.80581e-07,-6.04578e-08,-3.54088e-07,0.331189,0,45,24,-5.9999,8.00006,-111,118
-100,126,-5.99991,-8.00005,-1.3282e-06,-3.17392e-07,1.55565e-06,1.04804e-07,-1.7504e-06,1.0735,0,50,24,-5.99991,8.00005,-106,118
-95,126,-6,-8,-1.68862e-06,-5.16216e-07,2.20529e-06,1.46365e-07,-2.3512e-06,1.02971,8.36936e-06,55,24,-6,8,-101,118
-90,126,-6,-8,-1.17962e-06,-3.08223e-07,1.28019e-06,3.03868e-08,-1.51823e-06,1.08422,4.46052e-06,60,24,-6,8,-96,118
-85,126,-6,-8,-4.5975e-07,6.46349e-08,8.98255e-08,6.84538e-08,-4.63569e-07,1.48597,0,65,24,-6,8,-91,118
-80,126,-5.99992,-8.00005,3.37163e-07,3.47796e-07,-8.05983e-07,7.45506e-07,-6.05471e-08,-0.791994,0,70,24,-5.99992,8.00005,-85.9999,118
-75,126,-6.00002,-8,1.13646e-06,6.48857e-07,-1.56836e-06,1.71386e-06,7.14555e-08,-0.634684,9.83536e-06,75,24,-6.00002,8,-81,118
-70,126,-5.99999,-8,1.39132e-06,1.30421e-06,-1.91739e-06,2.30745e-06,3.88083e-07,-0.762697,7.65073e-06,80,24,-6,8,-76,118
-65,126,-5.99991,-8.00012,5.18776e-07,1.92605e-06,-1.39703e-06,2.21389e-06,2.30935e-07,-1.17992,0,85,24,-5.99991,8.00012,-70.9999,118
-60,126,-5.99999,-7.99999,-8.26592e-07,2.14672e-06,-6.12997e-07,2.17798e-06,-8.57858e-07,-1.46914,0,90,24,-6,7.99999,-66,118
-55,126,-5.99998,-8,-8.14522e-07,2.06857e-06,-5.75252e-07,2.09699e-06,-8.42937e-07,-1.47233,7.85199e-06,95,24,-5.99998,8,-61,118
-50,126,-5.99998,-8,3.8631e-07,1.79038e-06,-1.05021e-06,1.96504e-06,2.11654e-07,-1.2497,8.27612e-06,100,24,-5.99998,8,-56,118
-45,126,-5.99999,-7.99999,6.11124e-07,1.58988e-06,-8.1289e-07,1.73666e-06,4.64351e-07,-1.22425,1.27928e-05,105,24,-6,7.99999,-51,118
-40,126,-5.99977,-8.00014,-6.03479e-07,1.05942e-06,5.01937e-07,1.09647e-06,-6.40531e-07,1.42422,0,110,24,-5.99977,8.00014,-45.9998,118
-35,126,-5.99999,-8,-1.80492e-06,5.84026e-08,1.57869e-06,3.4783e-07,-2.09435e-06,1.21935,6.24647e-06,115,24,-6,8,-41,118
-30,126,-6,-8,-1.55109e-06,-8.66677e-07,1.65268e-06,-3.14488e-07,-2.10328e-06,0.981709,8.07195e-06,120,24,-6,8,-36,118
-25,126,-6.00001,-8,-6.73948e-08,-9.58118e-07,5.95096e-07,2.28569e-08,-1.04837e-06,0.294498,1.13573e-05,125,24,-6,8,-31,118
-20,126,-6.00001,-7.99999,6.09996e-07,-4.84203e-07,-6.20652e-08,6.10875e-07,-4.85082e-07,-0.0283307,0,130,24,-6.00001,7.99999,-26,118
-15,126,-6,-7.99998,1.46539e-07,1.34456e-07,-5.25313e-07,4.03224e-07,-1.22228e-07,-0.773899,1.2236e-05,135,24,-6,7.99998,-21,118
-10,126,-5.99994,-8.0001,-1.25313e-07,4.24526e-07,-1.18244e-06,8.01622e-07,-5.02408e-07,-1.00303,0,140,24,-5.99993,8.0001,-15.9999,118
-5,126,-6.00002,-8,-1.76398e-07,1.12162e-07,-1.45006e-06,7.07128e-07,-7.71364e-07,-0.883615,5.16217e-06,145,24,-6.00002,8,-11,118
0,126,-5.99994,-8.0001,2.49271e-08,-3.95112e-07,-9.93847e-07,3.5439e-07,-7.24575e-07,-0.585463,0,150,24,-5.99995,8.0001,-5.99994,118
5,126,-5.99995,-8.0001,3.91844e-07,-7.87486e-07,-2.31582e-07,4.03105e-07,-7.98747e-07,-0.09695,0,155,24,-5.99995,8.0001,-0.999954,118
10,126,-6,-8,6.79161e-07,-1.06811e-06,7.59641e-07,7.58155e-07,-1.14711e-06,0.205053,7.42532e-06,160,24,-6,8,4,118
15,126,-6,-8,6.57715e-07,-1.66919e-06,1.50727e-06,8.80477e-07,-1.89195e-06,0.287399,7.74277e-06,165,24,-5.99999,8,9,118
20,126,-5.99997,-8.00001,5.57433e-08,-1.79167e-06,1.70506e-06,3.89033e-07,-2.12496e-06,0.372674,1.18451e-05,170,24,-5.99997,8.00001,14,118
25,126,-6,-8,-1.08919e-06,-1.39763e-06,2.15414e-06,-1.55358e-07,-2.33146e-06,0.71429,4.60455e-06,175,24,-6.00001,8,19,118
30,126,-6,-8.00001,-1.59047e-06,-3.67021e-07,1.85609e-06,1.32773e-07,-2.09026e-06,1.07679,8.04349e-06,180,24,-6,8.00001,24,118
35,126,-6.00002,-8,-9.91398e-07,7.55044e-07,8.99184e-07,8.63988e-07,-1.10034e-06,1.33306,1.1419e-05,185,24,-6.00001,8,29,118
40,126,-6.00002,-8.00002,-1.75774e-07,1.46252e-06,-4.18452e-07,1.48881e-06,-2.02073e-07,-1.44576,1.09758e-05,190,24,-6.00001,8.00002,34,118
45,126,-6,-7.99999,1.89258e-07,1.22375e-06,-1.0697e-06,1.45055e-06,-3.75441e-08,-1.16973,6.71278e-06,195,24,-6,7.99999,39,118
50,126,-6,-8,1.70875e-07,7.74919e-07,-1.04883e-06,1.07806e-06,-1.32269e-07,-1.04666,8.93296e-06,200,24,-6,8,44,118
55,126,-5.99998,-8,1.0025e-06,1.38709e-07,-1.15704e-06,1.29256e-06,-1.51349e-07,-0.464751,1.12428e-05,205,24,-5.99999,8.00001,49,118
60,126,-6,-8.00001,2.85512e-06,1.81094e-07,-2.78774e-06,3.44955e-06,-4.13339e-07,-0.403108,0,210,24,-6,8.00001,54,118
65,126,-5.99998,-7.99999,4.02923e-06,5.62834e-07,-3.83566e-06,4.881e-06,-2.88933e-07,-0.417962,9.04594e-06,215,24,-5.99999,7.99999,59,118
70,126,-5.99991,-8.00007,3.3476e-06,8.43871e-07,-3.38515e-06,4.20096e-06,-9.48967e-09,-0.466986,0,220,24,-5.99991,8.00007,64.0001,118
75,126,-5.99988,-8.00006,1.01333e-06,7.11e-07,-1.81253e-06,1.78096e-06,-5.66203e-08,-0.702758,0,225,24,-5.99987,8.00006,69.0001,118
80,126,-5.99986,-8.00006,-1.86363e-06,2.40903e-07,5.69876e-07,2.78799e-07,-1.90153e-06,1.43857,0,230,24,-5.99986,8.00006,74.0001,118
85,126,-5.99989,-8.00005,-3.49168e-06,-2.12129e-07,2.33661e-06,1.61501e-07,-3.86531e-06,1.26127,0,235,24,-5.9999,8.00005,79.0001,118
90,126,-5.99992,-8.00006,-3.02269e-06,-2.32706e-07,2.34513e-06,1.94638e-07,-3.45004e-06,1.2213,0,240,24,-5.99992,8.00006,84.0001,118
95,126,-6,-7.99997,-1.065e-06,-2.16984e-07,9.9193e-07,1.15144e-08,-1.29349e-06,1.13907,5.35025e-06,245,24,-6,7.99997,89,118
100,126,-5.99998,-7.99998,1.25521e-06,1.20243e-07,-1.37617e-06,1.57963e-06,-2.04179e-07,-0.440578,0,250,24,-5.99999,7.99998,94,118
105,126,-6,-8,2.31378e-06,7.71558e-07,-3.40269e-06,3.41061e-06,-3.25266e-07,-0.572627,3.44015e-06,255,24,-5.99999,8,99,118
110,126,-5.99991,-8.00011,1.30413e-06,1.41904e-06,-3.102e-06,2.91365e-06,-1.90479e-07,-0.803912,0,260,24,-5.99991,8.00011,104,118
115,126,-5.99988,-8.00011,-7.7158e-07,1.86327e-06,-1.30373e-06,2.01572e-06,-9.24032e-07,-1.34106,0,265,24,-5.99989,8.00012,109,118
120,126,-6,-8.00001,-2.43933e-06,1.69922e-06,6.1742e-07,1.72212e-06,-2.46224e-06,1.49675,8.34941e-06,270,24,-6.00001,8.00001,114,118
125,126,-5.99997,-8,-3.22749e-06,1.00908e-06,2.05633e-06,1.24542e-06,-3.46383e-06,1.34486,0,275,24,-5.99998,8,119,118
130,126,-6,-8,-2.88953e-06,-1.83222e-07,2.14356e-06,1.89814e-07,-3.26257e-06,1.23586,1.262e-05,280,24,-5.99999,8,124,118
-135,121,0,0,0,0,0,0,0,0,-1,15,29,0,0,-135,121
-130,121,-6.00001,-8.00001,0,0,0,0,0,0,-1,20,29,-6.00001,8.00001,-136,113
-125,121,-5.99999,-8,4.52612e-06,4.14407e-07,2.97125e-06,5.00672e-06,-6.61955e-08,0.312876,5.34514e-06,25,29,-5.99999,8,-131,113
-120,121,-5.99995,-7.99998,2.50108e-06,2.22982e-07,5.64259e-07,2.5355e-06,1.88562e-07,0.121401,0,30,29,-5.99995,7.99998,-126,113
-115,121,-5.99999,-8,1.57156e-06,-2.74051e-07,-1.39004e-06,1.80401e-06,-5.06506e-07,-0.322762,0,35,29,-5.99999,8,-121,113
-110,121,-6.00001,-8.00001,8.36858e-07,-6.51684e-07,-1.74797e-06,1.24054e-06,-1.05536e-06,-0.432692,1.59621e-05,40,29,-6.00001,8.00001,-116,113
-105,121,-6,-8,-1.30283e-07,-8.14026e-07,-2.75753e-07,-1.03527e-07,-8.40782e-07,-0.191673,0,45,29,-6,8,-111,113
-100,121,-5.99995,-8.00011,-1.05298e-06,-6.80991e-07,1.63264e-06,-2.97458e-08,-1.70423e-06,0.897408,0,50,29,-5.99995,8.00011,-106,113
-95,121,-6,-8,-1.1804e-06,-3.0965e-07,2.07225e-06,3.78856e-07,-1.8689e-06,0.984295,0,55,29,-6,8,-101,113
-90,121,-5.99999,-8,-5.73899e-07,2.77441e-07,8.01506e-07,4.36406e-07,-7.32864e-07,1.19317,1.06336e-05,60,29,-5.99999,8,-96,113
-85,121,-6,-8,6.14647e-08,9.44886e-07,-8.13972e-07,1.1038e-06,-9.7446e-08,-1.19854,0,65,29,-6,8,-91,113
-80,121,-6,-8,8.87461e-07,1.23789e-06,-2.00516e-06,2.08045e-06,4.48977e-08,-0.871906,1.72994e-05,70,29,-6,8,-86,113
-75,121,-6.00002,-8.00001,1.65146e-06,1.16799e-06,-2.55398e-06,2.70939e-06,1.10057e-07,-0.691855,1.20972e-05,75,29,-6.00001,8.00001,-81,113
-70,121,-5.99998,-8.00001,1.75266e-06,8.49698e-07,-2.24143e-06,2.50942e-06,9.2944e-08,-0.593917,1.20514e-05,80,29,-5.99999,8.00001,-76,113
-65,121,-5.99991,-8.00009,7.26689e-07,7.94342e-07,-1.53186e-06,1.52719e-06,-6.15989e-09,-0.807466,0,85,29,-5.99991,8.00009,-70.9999,113
-60,121,-6,-8,-8.95015e-07,1.03588e-06,-1.25453e-06,1.22176e-06,-1.08089e-06,-1.28271,1.38253e-05,90,29,-6,8,-66,113
-55,121,-5.99999,-8,-1.37471e-06,1.53946e-06,-1.73356e-06,1.77778e-06,-1.61303e-06,-1.30248,1.09869e-05,95,29,-5.99999,8.00001,-61,113
-50,121,-5.99999,-8.00001,-4.9883e-07,1.4005e-06,-1.50712e-06,1.66316e-06,-7.61484e-07,-1.23541,0,100,29,-5.99999,8.00001,-56,113
-45,121,-6.00001,-8,-5.10172e-08,8.65376e-07,-4.25906e-09,8.65381e-07,-5.10222e-08,-1.56847,1.04839e-05,105,29,-6,8,-51,113
-40,121,-6,-8.00001,-7.37567e-07,3.04256e-07,1.77658e-06,8.13104e-07,-1.24642e-06,1.05059,0,110,29,-6,8.00001,-46,113
-35,121,-6,-8,-1.49394e-06,6.82184e-08,2.08008e-06,5.87818e-07,-2.01354e-06,1.10747,7.38215e-06,115,29,-6,8,-41,113
-30,121,-5.99998,-7.99999,-1.23177e-06,3.70595e-07,3.92101e-07,3.94234e-07,-1.25541e-06,1.4508,0,120,29,-5.99999,7.99999,-36,113
-25,121,-5.99999,-8,-4.72361e-08,9.64692e-07,-1.68632e-06,1.44205e-06,-5.2459e-07,-1.05564,1.26227e-05,125,29,-5.99999,8,-31,113
-20,121,-6.00001,-7.99999,5.37358e-07,1.28217e-06,-2.19245e-06,2.06752e-06,-2.47989e-07,-0.949141,0,130,29,-6.00001,7.99999,-26,113
-15,121,-6,-8,2.78897e-07,1.22906e-06,-1.67675e-06,1.71761e-06,-2.09648e-07,-1.04317,1.31005e-05,135,29,-6,8,-21,113
-10,121,-6.00002,-8,-4.80318e-09,7.19304e-07,-1.1075e-06,1.01885e-06,-3.04354e-07,-1.07493,0,140,29,-6.00001,8,-16,113
-5,121,-6.00002,-8.00001,-2.72627e-07,-3.67709e-07,-3.12569e-07,-1.56812e-07,-4.83523e-07,-0.637747,5.33189e-06,145,29,-6.00001,8.00001,-11,113
0,121,-6,-8,-2.52425e-07,-1.56281e-06,2.60152e-07,-2.39638e-07,-1.5756e-06,0.0979913,0,150,29,-6,8,-6,113
5,121,-6,-8,-1.09128e-07,-2.36689e-06,7.94054e-07,-4.13459e-08,-2.43467e-06,0.169094,0,155,29,-6,8,-1,113
10,121,-6,-8,-3.21018e-08,-2.63634e-06,1.49039e-06,1.66056e-07,-2.8345e-06,0.2599,4.74722e-06,160,29,-6.00001,8,4,113
15,121,-5.99998,-7.99999,1.48894e-07,-2.4557e-06,1.6764e-06,3.95323e-07,-2.70213e-06,0.285942,0,165,29,-5.99999,7.99999,9.00002,113
20,121,-6,-8,6.41227e-08,-1.91253e-06,1.21809e-06,2.36711e-07,-2.08511e-06,0.276137,0,170,29,-6,8,14,113
25,121,-6,-7.99999,-3.71306e-07,-1.06503e-06,6.26739e-07,-2.50714e-07,-1.18563e-06,0.367355,0,175,29,-6,7.99999,19,113
30,121,-6,-8.00005,-3.48522e-07,-3.45984e-08,-4.77336e-07,9.40961e-08,-4.77216e-07,-1.07627,1.25359e-05,180,29,-6,8.00004,24,113
35,121,-6,-8,3.55821e-08,1.03685e-06,-1.37764e-06,1.38774e-06,-3.15315e-07,-1.09964,1.1466e-05,185,29,-6,8,29,113
40,121,-6.00002,-7.99999,1.57857e-07,1.65423e-06,-1.53409e-06,1.97756e-06,-1.65468e-07,-1.17188,1.23108e-05,190,29,-6.00001,7.99999,34,113
45,121,-5.99998,-8,-3.02648e-08,1.75417e-06,-1.00853e-06,1.88681e-06,-1.62906e-07,-1.31358,6.46017e-06,195,29,-5.99999,8,39,113
50,121,-6,-8.00002,-3.41689e-07,1.54948e-06,-2.41154e-07,1.55713e-06,-3.49346e-07,-1.50738,1.17339e-05,200,29,-5.99999,8.00002,44,113
55,121,-6,-8,7.60209e-07,1.25519e-06,-5.5351e-07,1.37897e-06,6.36424e-07,-1.15021,0,205,29,-6,8,49,113
60,121,-5.99998,-8,3.08565e-06,1.04268e-06,-2.38318e-06,3.63366e-06,4.94673e-07,-0.431055,0,210,29,-5.99999,8,54,113
65,121,-5.99998,-7.99998,4.13313e-06,6.96567e-07,-3.08677e-06,4.72451e-06,1.05189e-07,-0.365914,1.1357e-05,215,29,-5.99999,7.99998,59,113
70,121,-5.99989,-8.00007,3.07967e-06,1.67312e-07,-2.10381e-06,3.41987e-06,-1.72883e-07,-0.312792,0,220,29,-5.99989,8.00007,64.0001,113
75,121,-6.00002,-7.99996,4.35045e-07,-3.99819e-07,1.55922e-07,4.42263e-07,-4.07036e-07,0.0923184,2.17448e-06,225,29,-6.00002,7.99996,69,113
80,121,-6.00003,-7.99996,-2.43155e-06,-9.72573e-07,2.41478e-06,-2.91409e-07,-3.11271e-06,1.05714,1.64015e-05,230,29,-6.00003,7.99996,74,113
85,121,-5.99986,-8.00006,-3.63574e-06,-1.03071e-06,3.21471e-06,-2.64374e-07,-4.40207e-06,1.12591,0,235,29,-5.99986,8.00006,79.0001,113
90,121,-6,-8.00001,-2.85461e-06,-5.66343e-07,2.14304e-06,-1.42931e-07,-3.27802e-06,1.19448,1.26141e-05,240,29,-6,8.00001,84,113
95,121,-6,-8,-8.88847e-07,-8.05458e-08,1.89575e-07,-6.95791e-08,-8.99814e-07,1.45561,6.14182e-06,245,29,-6,8,89,113
100,121,-6.00002,-8,1.61753e-06,-2.69674e-08,-1.8959e-06,2.05016e-06,-4.59591e-07,-0.428144,4.97853e-06,250,29,-6.00001,8,94,113
105,121,-5.99988,-8.0001,2.70935e-06,-1.8669e-07,-2.93105e-06,3.32155e-06,-7.98893e-07,-0.395703,0,255,29,-5.99987,8.0001,99.0001,113
110,121,-5.99989,-8.00014,1.59936e-06,-5.67217e-07,-1.912e-06,1.96087e-06,-9.28729e-07,-0.36153,0,260,29,-5.99989,8.00014,104,113
115,121,-6,-7.99999,-5.80532e-07,-2.78162e-07,-6.76477e-08,-2.74424e-07,-5.84269e-07,-1.46075,5.56811e-06,265,29,-5.99999,7.99999,109,113
120,121,-5.99994,-8.00012,-2.53038e-06,2.79992e-07,1.51234e-06,4.70532e-07,-2.72092e-06,1.32395,0,270,29,-5.99993,8.00012,114,113
125,121,-6,-8,-3.62083e-06,1.07861e-06,2.19542e-06,1.32237e-06,-3.86459e-06,1.35228,9.02718e-06,275,29,-5.99999,8,119,113
130,121,-6,-8,-4.1875e-06,1.99305e-06,1.66412e-06,2.10311e-06,-4.29755e-06,1.43929,5.80672e-06,280,29,-5.99999,8,124,113
-135,116,0,0,0,0,0,0,0,0,-1,15,34,0,0,-135,116
-130,116,-6.00001,-8.00002,0,0,0,0,0,0,-1,20,34,-6.00001,8.00002,-136,108
-125,116,-6.00001,-8.00002,3.38591e-06,1.04213e-07,2.38771e-06,3.77427e-06,-2.84145e-07,0.314501,5.10215e-06,25,34,-6.00001,8.00001,-131,108
-120,116,-6,-8.00001,2.77358e-06,1.45915e-07,5.29089e-07,2.79995e-06,1.19547e-07,0.0993482,0,30,34,-6,8.00001,-126,108
-115,116,-5.99994,-8.00001,1.65464e-06,-1.98151e-07,-1.66231e-06,1.97285e-06,-5.16356e-07,-0.365631,0,35,34,-5.99994,8.00001,-121,108
-110,116,-5.99997,-8.00002,5.56092e-07,-3.53108e-07,-2.53728e-06,1.44912e-06,-1.24614e-06,-0.613357,0,40,34,-5.99997,8.00002,-116,108
-105,116,-5.99999,-8.00002,-5.96299e-07,-3.45475e-07,-1.51393e-06,2.96395e-07,-1.23817e-06,-0.867491,0,45,34,-5.99999,8.00002,-111,108
-100,116,-5.99999,-8,-1.22511e-06,-3.51309e-08,1.25819e-07,-3.18144e-08,-1.22843e-06,1.51813,0,50,34,-5.99999,8.00001,-106,108
-95,116,-6,-8.00001,-8.47582e-07,5.59075e-07,4.52426e-07,5.94559e-07,-8.83066e-07,1.4152,4.00166e-06,55,34,-6,8.00001,-101,108
-90,116,-6,-8.00001,5.26163e-08,1.18003e-06,-7.05538e-07,1.28131e-06,-4.86667e-08,-1.29121,6.63203e-06,60,34,-6,8.00001,-96,108
-85,116,-6,-8,6.8698e-07,1.71687e-06,-1.85313e-06,2.26196e-06,1.41883e-07,-1.03902,0,65,34,-6,8,-91,108
-80,116,-5.99995,-8.00006,1.32667e-06,1.75637e-06,-2.27618e-06,2.69971e-06,3.83332e-07,-0.87869,0,70,34,-5.99995,8.00007,-85.9999,108
-75,116,-5.99995,-8.00006,1.82058e-06,1.07333e-06,-2.01723e-06,2.52255e-06,3.71362e-07,-0.608019,0,75,34,-5.99995,8.00006,-80.9999,108
-70,116,-6,-8,1.87092e-06,2.76145e-07,-1.54233e-06,2.18282e-06,-3.5755e-08,-0.38434,1.09221e-05,80,34,-6,8,-76,108
-65,116,-5.9999,-8.00005,9.5778e-07,-3.50593e-08,-1.18383e-06,1.23388e-06,-3.11164e-07,-0.436459,0,85,34,-5.9999,8.00005,-70.9999,108
-60,116,-5.99989,-8.00007,-7.18667e-07,2.56343e-07,-1.36832e-06,6.0892e-07,-1.07124e-06,-1.09495,0,90,34,-5.99989,8.00007,-65.9999,108
-55,116,-5.99999,-8,-1.77571e-06,7.0622e-07,-1.93357e-06,1.03836e-06,-2.10785e-06,-1.23988,0,95,34,-5.99999,8,-61,108
-50,116,-5.99999,-8.00001,-1.5882e-06,6.50009e-07,-1.37494e-06,8.44302e-07,-1.78249e-06,-1.29536,6.30966e-06,100,34,-6,8.00001,-56,108
-45,116,-5.99997,-8.00018,-8.76163e-07,1.50201e-07,1.57821e-07,1.56232e-07,-8.82194e-07,1.49451,0,105,34,-5.99997,8.00018,-51,108
-40,116,-5.99999,-7.99999,-7.12328e-07,8.59988e-08,1.44473e-06,5.12148e-07,-1.13848e-06,1.03781,0,110,34,-5.99999,7.99999,-46,108
-35,116,-6,-8.00001,-7.5492e-07,4.52988e-07,1.1174e-06,6.71775e-07,-9.73708e-07,1.19755,2.60237e-06,115,34,-6,8.00001,-41,108
-30,116,-6,-7.99999,-3.92929e-07,1.33546e-06,-1.20749e-06,1.52546e-06,-5.82935e-07,-1.2659,1.08824e-05,120,34,-6,7.99999,-36,108
-25,116,-6.00001,-8.00001,2.13423e-07,2.07538e-06,-3.3233e-06,3.04908e-06,-7.60278e-07,-1.04075,4.93747e-06,125,34,-6,8.00001,-31,108
-20,116,-6,-8,2.60447e-07,2.22032e-06,-3.2947e-06,3.15716e-06,-6.76394e-07,-1.05371,0,130,34,-6,7.99999,-26,108
-15,116,-5.99991,-8.00011,-1.10012e-07,1.84212e-06,-2.00726e-06,2.26604e-06,-5.33937e-07,-1.17114,0,135,34,-5.99991,8.00012,-20.9999,108
-10,116,-6,-8,-4.67771e-07,9.847e-07,-5.1687e-07,1.02931e-06,-5.12384e-07,-1.39986,0,140,34,-6,8,-16,108
-5,116,-5.99997,-8,-7.27286e-07,-2.96188e-07,8.61927e-07,-2.98755e-08,-9.93599e-07,1.01728,4.48253e-06,145,34,-5.99997,8,-11,108
0,116,-5.99998,-8,-5.83591e-07,-1.30161e-06,1.21271e-06,-2.37933e-07,-1.64727e-06,0.518111,1.06001e-05,150,34,-5.99999,8,-5.99998,108
5,116,-5.99998,-8,-5.30599e-07,-1.65969e-06,1.13443e-06,-2.94867e-07,-1.89543e-06,0.393879,6.37578e-06,155,34,-5.99999,8,-0.999985,108
10,116,-6,-7.99998,-4.99837e-07,-1.52504e-06,1.02929e-06,-2.86065e-07,-1.73881e-06,0.393694,0,160,34,-6,7.99998,4,108
15,116,-6,-8,-1.35464e-07,-1.02327e-06,4.27966e-07,-8.65801e-08,-1.07215e-06,0.224592,0,165,34,-6.00001,8,9,108
20,116,-6,-8,3.13547e-07,-7.89087e-07,-2.43285e-07,3.26807e-07,-8.02348e-07,-0.10858,0,170,34,-6,8,14,108
25,116,-5.99998,-8.00005,6.21023e-07,-5.67941e-07,-9.20617e-07,7.78401e-07,-7.25318e-07,-0.329437,6.672e-06,175,34,-5.99998,8.00005,19,108
30,116,-5.99992,-8.00005,8.99596e-07,-1.43781e-07,-1.81936e-06,1.42656e-06,-6.70748e-07,-0.525051,0,180,34,-5.99992,8.00004,24.0001,108
35,116,-6,-8,7.23967e-07,4.69783e-07,-2.14521e-06,1.67698e-06,-4.83234e-07,-0.726428,3.00808e-06,185,34,-6,8,29,108
40,116,-5.99994,-8.00008,3.36272e-08,9.98087e-07,-1.66321e-06,1.47717e-06,-4.45451e-07,-1.04814,0,190,34,-5.99993,8.00008,34.0001,108
45,116,-5.99991,-8.00009,-5.7963e-07,1.52304e-06,-8.36768e-07,1.60323e-06,-6.59821e-07,-1.38142,0,195,34,-5.9999,8.00009,39.0001,108
50,116,-6,-8,-7.95408e-07,1.91086e-06,3.27844e-08,1.91096e-06,-7.95507e-07,1.56474,1.55458e-05,200,34,-5.99999,8,44,108
55,116,-6,-8,7.49235e-07,2.39788e-06,-6.24588e-07,2.45505e-06,6.92061e-07,-1.38973,1.66603e-05,205,34,-6,8,49,108
60,116,-6,-8,3.20947e-06,2.37461e-06,-2.10012e-06,3.92202e-06,1.66205e-06,-0.596211,9.24265e-06,210,34,-6,8,54,108
65,116,-6.00002,-8,3.95594e-06,1.61392e-06,-1.93659e-06,4.30442e-06,1.26543e-06,-0.345461,1.36894e-05,215,34,-6.00001,8,59,108
70,116,-5.99986,-8.0001,2.39661e-06,5.8122e-07,-4.88558e-07,2.42891e-06,5.48924e-07,-0.131445,0,220,34,-5.99986,8.0001,64.0001,108
75,116,-5.99983,-8.0001,-5.56596e-07,-3.29798e-07,2.0288e-06,5.77523e-07,-1.46392e-06,0.841062,0,225,34,-5.99984,8.0001,69.0002,108
80,116,-6.00002,-8,-3.02052e-06,-9.95232e-07,3.89182e-06,1.85754e-07,-4.2015e-06,1.02531,7.07549e-06,230,34,-6.00001,8,74,108
85,116,-6,-8,-3.37272e-06,-8.85987e-07,3.72351e-06,1.09416e-07,-4.36812e-06,1.07981,0,235,34,-6,8,79,108
90,116,-6,-7.99999,-2.17949e-06,-3.72779e-07,2.0033e-06,7.27008e-08,-2.62497e-06,1.15232,1.06963e-05,240,34,-6,7.99999,84,108
95,116,-5.99998,-8.00001,-6.29928e-07,-7.45299e-09,2.6687e-07,1.99445e-08,-6.57326e-07,1.36829,8.03144e-06,245,34,-5.99999,8.00001,89,108
100,116,-6,-8,1.46108e-06,-3.82643e-07,-1.30017e-06,1.66724e-06,-5.88805e-07,-0.307099,7.95901e-06,250,34,-5.99999,8,94,108
105,116,-5.99998,-8,2.56221e-06,-1.07769e-06,-1.62652e-06,2.73566e-06,-1.25113e-06,-0.210119,0,255,34,-5.99998,8,99,108
110,116,-6,-8.00001,1.88888e-06,-1.7151e-06,-9.31362e-07,1.94808e-06,-1.7743e-06,-0.126446,1.36884e-05,260,34,-6,8.00001,104,108
115,116,-5.99991,-8.00004,4.02392e-08,-1.29424e-06,8.95384e-08,4.17394e-08,-1.29574e-06,0.0334978,0,265,34,-5.99991,8.00004,109,108
120,116,-5.99997,-8.00002,-1.97835e-06,-3.70148e-07,1.099e-06,-2.00325e-07,-2.14818e-06,1.27106,3.10171e-06,270,34,-5.99996,8.00001,114,108
125,116,-5.99994,-8.00006,-3.22765e-06,7.77854e-07,1.76624e-06,9.63918e-07,-3.41372e-06,1.36314,0,275,34,-5.99994,8.00006,119,108
130,116,-6,-8,-3.73247e-06,2.26468e-06,1.6686e-06,2.37858e-06,-3.84637e-06,1.43511,9.73407e-06,280,34,-5.99999,8,124,108
-135,111,0,0,0,0,0,0,0,0,-1,15,39,0,0,-135,111
-130,111,-6,-8,0,0,0,0,0,0,-1,20,39,-6,8,-136,103
-125,111,-6,-8,1.97576e-06,-2.94989e-07,1.32234e-06,2.15425e-06,-4.73472e-07,0.263665,8.49946e-06,25,39,-6,8,-131,103
-120,111,-6,-8,2.78555e-06,-1.95702e-07,5.52852e-07,2.81096e-06,-2.21116e-07,0.0916801,0,30,39,-6,8,-126,103
-115,111,-5.99997,-8,1.98196e-06,-3.58791e-07,-1.57721e-06,2.22285e-06,-5.99683e-07,-0.296464,4.95127e-06,35,39,-5.99997,8,-121,103
-110,111,-5.99997,-8.00001,7.68319e-07,-3.40834e-07,-2.98931e-06,1.80797e-06,-1.38048e-06,-0.607751,0,40,39,-5.99997,8.00001,-116,103
-105,111,-5.99999,-8,-6.38549e-07,-2.16972e-07,-2.60348e-06,8.90936e-07,-1.74646e-06,-0.865666,0,45,39,-5.99999,8,-111,103
-100,111,-5.99995,-8.00007,-1.21461e-06,1.29129e-07,-1.39575e-06,4.2599e-07,-1.51147e-06,-1.16861,0,50,39,-5.99995,8.00007,-106,103
-95,111,-5.99998,-8,-6.64009e-07,5.89306e-07,-8.72178e-07,7.2611e-07,-8.00813e-07,-1.26681,4.30024e-06,55,39,-5.99999,8.00001,-101,103
-90,111,-6,-8,2.93697e-07,8.72154e-07,-1.33415e-06,1.31e-06,-1.44152e-07,-0.989954,0,60,39,-6,7.99999,-96,103
-85,111,-5.99995,-8.00006,8.79463e-07,9.01941e-07,-1.83044e-06,1.80599e-06,-2.45867e-08,-0.791538,0,65,39,-5.99995,8.00006,-91,103
-80,111,-5.99996,-8.00006,1.39714e-06,7.00959e-07,-1.4479e-06,1.85234e-06,2.45765e-07,-0.561303,0,70,39,-5.99996,8.00006,-86,103
-75,111,-5.99998,-8.00004,1.75649e-06,6.68956e-08,-7.08822e-07,1.82782e-06,-4.43458e-09,-0.198611,3.91436e-06,75,39,-5.99997,8.00004,-81,103
-70,111,-5.99995,-8.00005,1.82059e-06,-4.9134e-07,-3.26795e-07,1.83208e-06,-5.02832e-07,-0.0702107,0,80,39,-5.99995,8.00006,-75.9999,103
-65,111,-5.99992,-8.00005,1.008e-06,-7.41755e-07,5.39759e-08,1.00842e-06,-7.42171e-07,0.015419,0,85,39,-5.99992,8.00005,-70.9999,103
-60,111,-6,-8.00001,-5.32778e-07,-4.98923e-07,-3.09388e-08,-4.92919e-07,-5.38781e-07,-1.20059,3.84439e-06,90,39,-6,8.00001,-66,103
-55,111,-5.99982,-8.00007,-1.81805e-06,-4.3544e-07,-4.47797e-07,-4.00086e-07,-1.85341e-06,-1.41419,0,95,39,-5.99982,8.00007,-60.9998,103
-50,111,-5.99992,-8.00008,-2.07921e-06,-4.35778e-07,-3.34708e-07,-4.18909e-07,-2.09608e-06,-1.47034,0,100,39,-5.99992,8.00008,-55.9999,103
-45,111,-5.99992,-8.00006,-1.27104e-06,-4.72572e-07,-4.13407e-08,-4.72038e-07,-1.27157e-06,-1.54493,0,105,39,-5.99992,8.00007,-50.9999,103
-40,111,-5.99999,-7.99999,-6.1129e-07,6.23516e-08,2.43901e-07,8.37489e-08,-6.32687e-07,1.39711,1.26895e-05,110,39,-5.99999,7.99999,-46,103
-35,111,-6,-7.99999,-6.81646e-08,7.6746e-07,-2.75755e-07,7.89622e-07,-9.03265e-08,-1.41142,0,115,39,-6,7.99999,-41,103
-30,111,-5.99989,-8.00008,4.53976e-07,1.65025e-06,-2.17162e-06,2.29177e-06,-1.87547e-07,-1.03715,0,120,39,-5.99989,8.00008,-35.9999,103
-25,111,-6,-8,5.0277e-07,2.03977e-06,-3.46156e-06,3.16499e-06,-6.22454e-07,-0.994333,1.18092e-05,125,39,-6,8,-31,103
-20,111,-5.99991,-8.00007,3.01758e-09,1.98108e-06,-2.92973e-06,2.75953e-06,-7.75437e-07,-1.08233,0,130,39,-5.99991,8.00007,-25.9999,103
-15,111,-6,-8,-5.85249e-07,1.75764e-06,-1.58269e-06,1.99988e-06,-8.2749e-07,-1.27374,5.65788e-06,135,39,-6,8,-21,103
-10,111,-5.99995,-8.00012,-1.10936e-06,1.17745e-06,1.81318e-07,1.18104e-06,-1.11295e-06,1.53123,0,140,39,-5.99995,8.00012,-16,103
-5,111,-5.99997,-8.00001,-1.32103e-06,4.41035e-07,1.35784e-06,6.72277e-07,-1.55227e-06,1.24252,7.81178e-06,145,39,-5.99997,8.00001,-11,103
0,111,-5.99998,-8,-9.87276e-07,-5.78721e-08,1.25674e-06,2.58961e-07,-1.30411e-06,1.10378,8.6317e-06,150,39,-5.99999,8,-5.99998,103
5,111,-5.99998,-8,-8.00829e-07,-1.91772e-07,7.8644e-07,1.05217e-09,-9.93653e-07,1.11488,1.50792e-06,155,39,-5.99999,8,-0.999985,103
10,111,-6,-8.00001,-5.28121e-07,-1.46391e-07,3.50637e-07,-7.80915e-08,-5.9642e-07,1.19931,5.93753e-06,160,39,-5.99999,8.00001,4,103
15,111,-5.99998,-8,-1.00911e-07,2.69305e-07,-5.33241e-07,4.08776e-07,-2.40382e-07,-1.08883,0,165,39,-5.99999,8.00001,9.00002,103
20,111,-6,-8,3.73145e-07,1.88421e-07,-1.10849e-06,8.42672e-07,-2.81106e-07,-0.702834,0,170,39,-6,8,14,103
25,111,-6,-7.99999,9.98794e-07,-8.36238e-08,-1.72485e-06,1.47576e-06,-5.60591e-07,-0.505185,0,175,39,-5.99999,7.99999,19,103
30,111,-6.00002,-8,1.37514e-06,-2.83444e-07,-2.14315e-06,1.90084e-06,-8.09142e-07,-0.456086,9.49648e-06,180,39,-6.00002,8,24,103
35,111,-6,-8.00004,9.1991e-07,-3.29275e-07,-1.79309e-06,1.38798e-06,-7.97344e-07,-0.481156,0,185,39,-6,8.00004,29,103
40,111,-5.99994,-8.00005,-9.30919e-08,-2.93384e-08,-1.14688e-06,5.13109e-07,-6.35539e-07,-0.813164,0,190,39,-5.99994,8.00005,34.0001,103
45,111,-6,-8.00002,-8.79202e-07,6.06273e-07,-6.74099e-07,6.79171e-07,-9.521e-07,-1.35779,1.45379e-05,195,39,-6,8.00001,39,103
50,111,-6.00002,-8,-8.12741e-07,1.22782e-06,-1.98838e-07,1.23265e-06,-8.17573e-07,-1.52223,9.74949e-06,200,39,-6.00001,8,44,103
55,111,-5.99995,-8.00006,1.03437e-06,2.03448e-06,-1.03199e-06,2.25297e-06,8.15883e-07,-1.17025,0,205,39,-5.99995,8.00006,49,103
60,111,-5.99998,-7.99999,3.02166e-06,2.08219e-06,-1.45291e-06,3.41702e-06,1.68683e-06,-0.498402,9.0087e-06,210,39,-5.99999,7.99999,54,103
65,111,-6,-8,3.2633e-06,1.32297e-06,-2.691e-07,3.27258e-06,1.31369e-06,-0.0689043,1.11197e-05,215,39,-6.00001,8,59,103
70,111,-5.99986,-8.00007,1.44151e-06,3.81983e-07,1.45893e-06,1.81328e-06,1.02079e-08,0.47134,0,220,39,-5.99987,8.00007,64.0001,103
75,111,-6,-7.99997,-1.53587e-06,-3.16131e-07,3.53936e-06,9.45819e-07,-2.79781e-06,0.951335,0,225,39,-6,7.99997,69,103
80,111,-5.99979,-8.00011,-3.33819e-06,-6.18273e-07,4.39985e-06,6.0811e-07,-4.56457e-06,1.06224,0,230,39,-5.99979,8.00011,74.0002,103
85,111,-6,-7.99999,-2.83859e-06,-2.45637e-07,3.17678e-06,5.08212e-07,-3.59244e-06,1.12767,0,235,39,-5.99999,7.99999,79,103
90,111,-6,-7.99998,-1.42871e-06,5.85772e-08,1.47118e-06,3.60925e-07,-1.73105e-06,1.18082,6.14182e-06,240,39,-6,7.99998,84,103
95,111,-5.99997,-8,-1.95227e-07,4.93319e-08,3.57361e-07,1.43568e-07,-2.89463e-07,1.08547,7.52085e-06,245,39,-5.99997,8,89,103
100,111,-6,-8,1.38939e-06,-4.87984e-07,-8.07767e-07,1.47259e-06,-5.71184e-07,-0.20316,0,250,39,-6,8,94,103
105,111,-6,-8.00001,2.29299e-06,-1.16391e-06,-9.24307e-07,2.35371e-06,-1.22463e-06,-0.130634,8.98489e-06,255,39,-5.99999,8.00001,99,103
110,111,-5.99998,-8,2.01659e-06,-1.61295e-06,-6.87825e-07,2.04889e-06,-1.64525e-06,-0.0936432,9.51902e-06,260,39,-5.99999,8,104,103
115,111,-5.99988,-8.00006,4.65939e-07,-1.44167e-06,8.34545e-08,4.66851e-07,-1.44258e-06,0.0218601,0,265,39,-5.99989,8.00006,109,103
120,111,-6,-8,-1.50979e-06,-8.33989e-07,1.05657e-06,-5.44783e-07,-1.799e-06,1.06992,1.33585e-05,270,39,-5.99999,8,114,103
125,111,-5.99994,-8.00005,-2.57466e-06,-2.17117e-08,1.77175e-06,2.5557e-07,-2.85194e-06,1.26745,0,275,39,-5.99994,8.00005,119,103
130,111,-5.99994,-8.00005,-2.17273e-06,1.65911e-06,1.35205e-06,1.77488e-06,-2.28849e-06,1.40119,0,280,39,-5.99994,8.00005,124,103
-135,106,0,0,0,0,0,0,0,0,-1,15,44,0,0,-135,106
-130,106,-6,-8,0,0,0,0,0,0,-1,20,44,-6,8,-136,98
-125,106,-6,-8,1.78685e-06,-3.85364e-07,6.17019e-07,1.82981e-06,-4.2833e-07,0.138381,5.92195e-06,25,44,-6,8,-131,98
-120,106,-5.99999,-7.99999,3.02295e-06,-2.51122e-07,5.07062e-07,3.04247e-06,-2.70638e-07,0.0768257,5.56435e-06,30,44,-5.99999,7.99999,-126,98
-115,106,-5.99998,-7.99999,2.66757e-06,-4.58184e-07,-9.79034e-07,2.74244e-06,-5.33053e-07,-0.151768,0,35,44,-5.99998,7.99999,-121,98
-110,106,-5.99982,-7.99999,1.40901e-06,-7.19714e-07,-2.38133e-06,1.9417e-06,-1.25239e-06,-0.420674,0,40,44,-5.99982,7.99999,-116,98
-105,106,-5.99996,-8.00009,-3.8567e-07,-7.66755e-07,-2.57371e-06,7.24675e-07,-1.8771e-06,-0.711898,0,45,44,-5.99996,8.00009,-111,97.9999
-100,106,-5.9999,-8.00011,-1.42009e-06,-4.10983e-07,-1.92991e-06,1.73369e-07,-2.00444e-06,-1.02629,0,50,44,-5.99991,8.0001,-106,97.9999
-95,106,-6,-8,-1.16224e-06,-7.69684e-08,-1.22241e-06,1.97725e-07,-1.43694e-06,-1.14842,0,55,44,-6,8,-101,98
-90,106,-5.99996,-8.00008,-3.41832e-09,-1.83761e-07,-9.02626e-07,3.66643e-07,-5.53822e-07,-0.686798,0,60,44,-5.99996,8.00008,-96,97.9999
-85,106,-5.99996,-8.00009,9.49542e-07,-7.47816e-07,-8.84751e-07,1.05792e-06,-8.56191e-07,-0.240252,0,65,44,-5.99996,8.00009,-91,97.9999
-80,106,-5.99996,-8.00008,1.5165e-06,-1.13229e-06,-3.06433e-07,1.52533e-06,-1.14113e-06,-0.0575878,0,70,44,-5.99996,8.00008,-86,97.9999
-75,106,-5.99995,-8.00005,1.61166e-06,-1.2741e-06,5.50383e-07,1.63767e-06,-1.30011e-06,0.0942301,0,75,44,-5.99995,8.00005,-80.9999,98
-70,106,-5.99997,-7.99999,1.14909e-06,-1.3069e-06,1.14158e-06,1.27526e-06,-1.43307e-06,0.217553,9.23529e-06,80,44,-5.99997,7.99999,-76,98
-65,106,-5.99992,-8.00004,2.45341e-07,-1.36459e-06,2.03998e-06,7.3974e-07,-1.85899e-06,0.451341,0,85,44,-5.99991,8.00004,-70.9999,98
-60,106,-5.99987,-8.00005,-7.11596e-07,-1.18855e-06,2.3398e-06,2.43886e-07,-2.14403e-06,0.684854,0,90,44,-5.99987,8.00005,-65.9999,98
-55,106,-6.00001,-8,-1.38171e-06,-1.29416e-06,1.97067e-06,-3.51632e-07,-2.32424e-06,0.807597,4.88113e-06,95,44,-6.00001,8,-61,98
-50,106,-6,-7.99998,-1.28592e-06,-1.25926e-06,1.16846e-06,-6.88205e-07,-1.85697e-06,0.796806,0,100,44,-6,7.99998,-56,98
-45,106,-6,-7.99998,-5.23e-07,-9.53556e-07,1.72513e-07,-5.06362e-07,-9.70194e-07,0.190543,1.24583e-06,105,44,-6,7.99998,-51,98
-40,106,-5.99989,-8.0001,-3.14345e-07,-3.37916e-07,-1.02389e-07,-2.73597e-07,-3.78664e-07,-0.672261,0,110,44,-5.99989,8.00009,-45.9999,97.9999
-35,106,-6,-7.99998,1.66868e-08,3.28176e-07,-3.83621e-07,4.19509e-07,-7.46467e-08,-1.1264,8.64054e-06,115,44,-6,7.99998,-41,98
-30,106,-5.99991,-8.00006,5.61536e-07,8.03804e-07,-1.4428e-06,1.41417e-06,-4.88278e-08,-0.86858,0,120,44,-5.99991,8.00006,-35.9999,97.9999
-25,106,-6.00002,-7.99999,5.2857e-07,8.27493e-07,-2.04634e-06,1.71206e-06,-3.55999e-07,-0.857923,8.80225e-06,125,44,-6.00002,7.99999,-31,98
-20,106,-5.99993,-8.00006,1.53373e-07,6.96736e-07,-1.56083e-06,1.25141e-06,-4.01297e-07,-0.9529,0,130,44,-5.99994,8.00006,-25.9999,97.9999
-15,106,-5.99995,-8.00008,-5.06713e-07,9.20174e-07,-6.70392e-07,9.94993e-07,-5.81532e-07,-1.35119,0,135,44,-5.99995,8.00008,-21,97.9999
-10,106,-5.99998,-7.99999,-1.35667e-06,1.0244e-06,7.91927e-07,1.08852e-06,-1.42079e-06,1.41025,5.49808e-06,140,44,-5.99998,7.99999,-16,98
-5,106,-6,-8.00001,-1.77649e-06,1.16391e-06,1.45527e-06,1.33412e-06,-1.9467e-06,1.34101,8.50168e-06,145,44,-6,8.00001,-11,98
0,106,-5.99998,-8,-1.58463e-06,1.04894e-06,1.24407e-06,1.18847e-06,-1.72416e-06,1.35014,2.82699e-06,150,44,-5.99999,8,-5.99998,98
5,106,-6,-8,-1.31943e-06,7.40463e-07,8.51867e-07,8.25061e-07,-1.40403e-06,1.37473,0,155,44,-6,8,-1,98
10,106,-5.99998,-8,-4.42263e-07,2.71607e-07,2.82241e-07,2.98492e-07,-4.69148e-07,1.38254,6.54016e-06,160,44,-5.99999,8,4.00002,98
15,106,-6,-8.00002,4.27405e-07,4.007e-07,-8.76523e-07,8.52517e-07,-2.44123e-08,-0.770169,1.113e-06,165,44,-6,8.00002,9,98
20,106,-6,-8,7.94097e-07,4.47672e-07,-1.50484e-06,1.39298e-06,-1.51216e-07,-0.672265,0,170,44,-6,8,14,98
25,106,-5.99998,-8,1.08729e-06,3.22937e-07,-2.10165e-06,1.82328e-06,-4.13052e-07,-0.610989,0,175,44,-5.99999,8,19,98
30,106,-6.00002,-8,9.64164e-07,-4.88055e-08,-2.09706e-06,1.62213e-06,-7.06769e-07,-0.560403,9.70934e-06,180,44,-6.00001,8,24,98
35,106,-5.99989,-8.00002,3.77688e-07,-5.05402e-07,-1.49726e-06,8.05286e-07,-9.33e-07,-0.518954,0,185,44,-5.99989,8.00002,29.0001,98
40,106,-6,-8,-2.78625e-07,-5.48788e-07,-1.09675e-06,1.51063e-07,-9.78476e-07,-0.664638,1.30652e-05,190,44,-5.99999,8,34,98
45,106,-6,-8.00001,-8.33126e-07,-2.86313e-07,-9.81735e-07,2.15442e-09,-1.12159e-06,-1.03949,0,195,44,-6,8.00001,39,98
50,106,-5.99997,-8.00006,-5.08638e-07,-8.09769e-08,-6.88863e-07,1.10602e-07,-7.00216e-07,-1.06319,0,200,44,-5.99997,8.00006,44,97.9999
55,106,-6,-8.00011,1.26423e-06,2.02638e-07,-1.08938e-06,1.49398e-06,-2.71135e-08,-0.399158,0,205,44,-5.99999,8.00011,49,97.9999
60,106,-5.99997,-8.00011,2.52886e-06,-9.70607e-08,-1.81009e-07,2.53198e-06,-1.00176e-07,-0.0344113,0,210,44,-5.99996,8.00011,54,97.9999
65,106,-5.99992,-8.00011,2.4118e-06,-6.68773e-07,1.75011e-06,2.64302e-06,-8.99985e-07,0.258321,0,215,44,-5.99993,8.00011,59.0001,97.9999
70,106,-5.99986,-8.0001,6.59024e-07,-1.09223e-06,3.50651e-06,1.74315e-06,-2.17635e-06,0.553803,0,220,44,-5.99987,8.0001,64.0001,97.9999
75,106,-6,-8,-1.94311e-06,-1.08375e-06,4.60923e-06,8.30899e-07,-3.85775e-06,0.877562,0,225,44,-6,8,69,98
80,106,-5.99998,-8,-2.95795e-06,-6.39725e-07,4.11707e-06,5.63598e-07,-4.16127e-06,1.04181,8.267e-06,230,44,-5.99998,8,74,98
85,106,-6,-8.00001,-2.02785e-06,6.71732e-08,2.15366e-06,5.21941e-07,-2.48262e-06,1.1712,0,235,44,-6,8.00001,79,98
90,106,-6,-8,-9.04438e-07,1.92456e-07,1.00805e-06,3.88883e-07,-1.10086e-06,1.19919,0,240,44,-6,8,84,98
95,106,-5.99995,-8.00006,-1.1828e-09,9.04902e-09,4.79498e-07,2.43737e-07,-2.35871e-07,0.796066,0,245,44,-5.99995,8.00006,89,97.9999
100,106,-5.99998,-8.00001,1.1586e-06,-3.49669e-07,-4.59612e-07,1.19284e-06,-3.83906e-07,-0.147894,0,250,44,-5.99999,8.00001,94,98
105,106,-6,-8,1.83175e-06,-7.67077e-07,-6.98672e-07,1.87789e-06,-8.13216e-07,-0.131316,0,255,44,-5.99999,8,99,98
110,106,-6,-7.99999,1.66293e-06,-1.09516e-06,-3.95493e-07,1.67704e-06,-1.10926e-06,-0.0712116,0,260,44,-6,7.99999,104,98
115,106,-5.99988,-8.00011,3.10255e-07,-1.46617e-06,7.56853e-07,3.8751e-07,-1.54343e-06,0.201381,0,265,44,-5.99986,8.00011,109,97.9999
120,106,-5.99994,-8.00005,-1.20206e-06,-1.38325e-06,1.52073e-06,-5.2691e-07,-2.0584e-06,0.726102,0,270,44,-5.99993,8.00005,114,98
125,106,-6,-8.00002,-1.30143e-06,-8.65058e-07,8.91393e-07,-5.87008e-07,-1.57948e-06,1.01302,8.25715e-06,275,44,-6,8.00002,119,98
130,106,-6,-8.00003,5.95889e-07,8.16621e-07,-1.8471e-06,1.63637e-06,-2.23864e-07,-0.844867,1.20289e-05,280,44,-6,8.00003,124,98
-135,101,0,0,0,0,0,0,0,0,-1,15,49,0,0,-135,101
-130,101,-6.00001,-7.99998,0,0,0,0,0,0,-1,20,49,-6.00001,7.99998,-136,93
-125,101,-6,-7.99999,2.66279e-06,1.4606e-09,2.08698e-07,2.66688e-06,-2.62457e-09,0.0391294,2.13697e-06,25,49,-6,7.99999,-131,93
-120,101,-5.99999,-8,2.86937e-06,9.10918e-08,5.78188e-07,2.89914e-06,6.13289e-08,0.102591,0,30,49,-5.99999,7.99999,-126,93
-115,101,-5.99998,-8,2.77515e-06,-2.77809e-07,1.489e-07,2.77696e-06,-2.79623e-07,0.0243668,0,35,49,-5.99999,8,-121,93
-110,101,-6,-8,1.95561e-06,-9.77533e-07,-8.03255e-07,2.00961e-06,-1.03153e-06,-0.133651,0,40,49,-6,8,-116,93
-105,101,-6,-8,3.83949e-07,-1.37124e-06,-1.3902e-06,6.25879e-07,-1.61317e-06,-0.334938,1.86955e-05,45,49,-6,8,-111,93
-100,101,-5.99993,-8.00008,-1.04791e-06,-1.00649e-06,-1.41803e-06,-3.17881e-07,-1.73652e-06,-0.799998,0,50,49,-5.99993,8.00008,-106,92.9999
-95,101,-6.00002,-7.99996,-1.51936e-06,-4.97892e-07,-8.88177e-07,-3.31822e-07,-1.68543e-06,-1.21294,1.61648e-05,55,49,-6.00002,7.99996,-101,93
-90,101,-5.99997,-8.00001,-5.64428e-07,-4.96686e-07,-3.68979e-07,-3.42984e-07,-7.1813e-07,-0.876184,4.8276e-06,60,49,-5.99997,8.00001,-96,93
-85,101,-5.99998,-8.00001,6.89554e-07,-1.20891e-06,-2.05206e-07,6.95083e-07,-1.21444e-06,-0.0538363,9.65337e-06,65,49,-5.99998,8.00001,-91,93
-80,101,-5.99999,-8.00002,1.34362e-06,-1.78696e-06,1.70434e-07,1.34594e-06,-1.78928e-06,0.027194,4.81129e-06,70,49,-5.99999,8.00002,-86,93
-75,101,-5.99991,-8.00002,1.13401e-06,-1.88385e-06,1.24404e-06,1.25719e-06,-2.00703e-06,0.195501,0,75,49,-5.99991,8.00002,-80.9999,93
-70,101,-6.00002,-8,5.76452e-08,-1.75645e-06,2.20697e-06,5.79026e-07,-2.27783e-06,0.441396,8.15568e-06,80,49,-6.00002,8,-76,93
-65,101,-5.99986,-8.00005,-8.38579e-07,-1.7e-06,3.30187e-06,4.36903e-07,-2.97548e-06,0.657798,0,85,49,-5.99986,8.00004,-70.9999,93
-60,101,-6,-8,-9.0886e-07,-1.49463e-06,3.5703e-06,6.07275e-07,-3.01076e-06,0.704089,0,90,49,-6,8,-66,93
-55,101,-6,-7.99999,-7.44236e-07,-1.31083e-06,3.24331e-06,6.1868e-07,-2.67375e-06,0.698922,3.68595e-06,95,49,-6,7.99999,-61,93
-50,101,-5.9999,-8.00006,-1.98983e-07,-1.1432e-06,2.19647e-06,5.24321e-07,-1.8665e-06,0.5824,0,100,49,-5.9999,8.00006,-55.9999,92.9999
-45,101,-6,-8,3.30571e-07,-9.19418e-07,1.07459e-06,5.29777e-07,-1.11862e-06,0.355044,6.19408e-06,105,49,-6,8,-51,93
-40,101,-6,-8,-4.86713e-08,-8.17335e-07,8.32332e-07,1.33482e-07,-9.99488e-07,0.412573,4.12353e-06,110,49,-6,8,-46,93
-35,101,-5.99992,-8.00008,2.63738e-08,-6.27152e-07,6.67519e-07,1.66697e-07,-7.67475e-07,0.397995,0,115,49,-5.99992,8.00008,-40.9999,92.9999
-30,101,-6.00002,-8.00001,6.33581e-07,-8.20084e-07,1.64746e-07,6.38234e-07,-8.24737e-07,0.0564251,0,120,49,-6.00002,8.00001,-36,93
-25,101,-5.99993,-8.00005,6.48718e-07,-8.83532e-07,-3.24877e-07,6.65749e-07,-9.00563e-07,-0.104466,0,125,49,-5.99993,8.00005,-30.9999,93
-20,101,-5.99992,-8.00008,5.42014e-07,-8.35347e-07,-2.92703e-07,5.57393e-07,-8.50726e-07,-0.104698,0,130,49,-5.99992,8.00008,-25.9999,92.9999
-15,101,-5.99994,-8.00007,-6.14751e-10,-1.86197e-07,2.56403e-08,2.66688e-10,-1.87079e-07,0.0686459,0,135,49,-5.99993,8.00007,-20.9999,92.9999
-10,101,-6,-7.99999,-1.05046e-06,4.97659e-07,1.10589e-06,6.7487e-07,-1.22767e-06,1.26065,0,140,49,-6,7.99999,-16,93
-5,101,-5.99991,-8.0001,-1.78293e-06,1.33238e-06,1.51641e-06,1.50712e-06,-1.95766e-06,1.3443,0,145,49,-5.99991,8.0001,-10.9999,92.9999
0,101,-5.99998,-8,-1.99447e-06,1.55239e-06,1.45397e-06,1.69561e-06,-2.13769e-06,1.37628,7.47529e-06,150,49,-5.99999,8,-5.99998,93
5,101,-6,-8,-1.8071e-06,1.32027e-06,1.13199e-06,1.41956e-06,-1.90638e-06,1.39715,0,155,49,-5.99999,8,-1,93
10,101,-6,-8,-4.26927e-07,5.74413e-07,3.50548e-07,6.04207e-07,-4.56721e-07,1.40242,8.67894e-06,160,49,-6,8,4,93
15,101,-6,-8,9.74734e-07,2.55402e-07,-9.23863e-07,1.20051e-06,2.9628e-08,-0.454616,0,165,49,-6,8,9,93
20,101,-5.99998,-8.00001,1.36575e-06,3.06307e-07,-1.46462e-06,1.73985e-06,-6.77871e-08,-0.472283,0,170,49,-5.99999,8.00001,14,93
25,101,-6,-8,1.28592e-06,5.10982e-07,-2.02746e-06,1.9837e-06,-1.86804e-07,-0.602855,0,175,49,-6,8,19,93
30,101,-5.99998,-8.00001,5.59638e-07,4.14021e-07,-2.00693e-06,1.49293e-06,-5.19272e-07,-0.749183,1.03303e-05,180,49,-5.99999,8.00001,24,93
35,101,-6,-8.00002,-2.07246e-07,1.06168e-07,-1.65868e-06,7.93476e-07,-8.94553e-07,-0.878774,1.59632e-05,185,49,-6,8.00001,29,93
40,101,-5.99994,-8.00005,-5.5113e-07,-1.25581e-07,-1.4753e-06,4.29367e-07,-1.10608e-06,-0.925812,0,190,49,-5.99994,8.00005,34.0001,93
45,101,-6,-8.00001,-9.38095e-07,-3.87005e-07,-1.21948e-06,6.56092e-09,-1.33166e-06,-0.997617,6.88997e-06,195,49,-6,8.00001,39,93
50,101,-5.99997,-8.00006,-5.66259e-07,-8.62379e-07,-6.99714e-07,-3.34422e-07,-1.09422e-06,-0.585225,0,200,49,-5.99997,8.00006,44,92.9999
55,101,-5.99998,-8,8.10334e-07,-1.37172e-06,-4.86665e-07,8.3714e-07,-1.39852e-06,-0.10972,0,205,49,-5.99999,8,49,93
60,101,-6.00003,-7.99999,1.36631e-06,-2.13591e-06,1.14589e-06,1.45766e-06,-2.22726e-06,0.158106,1.27345e-05,210,49,-6.00003,7.99999,54,93
65,101,-5.99991,-8.00007,1.24007e-06,-2.5527e-06,2.9823e-06,1.75612e-06,-3.06874e-06,0.33317,0,215,49,-5.99991,8.00007,59.0001,92.9999
70,101,-6,-8,1.95221e-07,-2.42571e-06,4.16055e-06,1.34338e-06,-3.57388e-06,0.504323,0,220,49,-6,7.99999,64,93
75,101,-6,-8.00001,-1.46076e-06,-1.72556e-06,4.16755e-06,4.9482e-07,-3.68114e-06,0.753671,3.67296e-06,225,49,-5.99999,8.00001,69,93
80,101,-5.99997,-8.00002,-1.78086e-06,-7.66533e-07,2.94794e-06,2.85088e-07,-2.83248e-06,0.951094,6.78003e-06,230,49,-5.99997,8.00002,74,93
85,101,-6.00005,-8,-1.05127e-06,-1.63121e-09,1.27169e-06,2.98008e-07,-1.35091e-06,1.13042,6.75467e-06,235,49,-6.00005,8.00001,79,93
90,101,-5.99998,-8.00001,-5.69748e-07,1.71526e-08,9.18719e-07,2.68793e-07,-8.21389e-07,1.06964,2.5564e-06,240,49,-5.99999,8.00001,84,93
95,101,-5.99998,-8,1.61947e-07,-1.28128e-07,5.9146e-07,3.46291e-07,-3.12472e-07,0.557414,0,245,49,-5.99998,8,89,93
100,101,-6,-8,1.02158e-06,-2.91332e-07,-8.30672e-08,1.0229e-06,-2.92645e-07,-0.0315926,0,250,49,-6,8,94,93
105,101,-5.99998,-8,1.2489e-06,-6.66166e-07,-2.00081e-07,1.25411e-06,-6.71377e-07,-0.0520498,0,255,49,-5.99999,8,99,93
110,101,-5.99988,-8.00007,7.9338e-07,-1.11694e-06,4.76991e-07,8.22705e-07,-1.14627e-06,0.122344,0,260,49,-5.99987,8.00007,104,92.9999
115,101,-6,-8.00001,-3.18824e-07,-1.71307e-06,1.62548e-06,5.48144e-08,-2.08671e-06,0.430912,8.63008e-06,265,49,-5.99999,8.00001,109,93
120,101,-6,-8,-8.93056e-07,-1.68575e-06,1.56213e-06,-4.13532e-07,-2.16527e-06,0.550605,1.64189e-05,270,49,-6,8,114,93
125,101,-6,-8.00002,2.8534e-07,-1.01156e-06,-6.81682e-07,3.69461e-07,-1.09568e-06,-0.241967,6.64102e-06,275,49,-6.00001,8.00002,119,93
130,101,-6,-8,3.10628e-06,4.84587e-07,-5.07501e-06,4.65152e-06,-1.06066e-06,-0.546983,4.97535e-06,280,49,-5.99999,8,124,93
-135,96,0,0,0,0,0,0,0,0,-1,15,54,0,0,-135,96
-130,96,-6.00003,-8.00001,0,0,0,0,0,0,-1,20,54,-6.00003,8.00001,-136,88
-125,96,-6.00002,-8.00001,3.28225e-06,4.03613e-07,-5.15515e-08,3.28248e-06,4.03383e-07,-0.00895319,0,25,54,-6.00002,8.00001,-131,88
-120,96,-5.99998,-8,2.53236e-06,5.57791e-07,4.61001e-07,2.55891e-06,5.3124e-07,0.11468,0,30,54,-5.99998,8,-126,88
-115,96,-5.99998,-8,2.49309e-06,2.68878e-07,5.19014e-07,2.52297e-06,2.39001e-07,0.114622,2.29152e-06,35,54,-5.99998,8,-121,88
-110,96,-6,-8,2.07695e-06,-5.82888e-07,-6.58912e-08,2.07736e-06,-5.83296e-07,-0.0123838,0,40,54,-6,8,-116,88
-105,96,-5.99987,-7.99995,1.03843e-06,-1.27564e-06,-8.98354e-07,1.12256e-06,-1.35977e-06,-0.185152,0,45,54,-5.99987,7.99995,-111,88
-100,96,-5.99999,-8,-3.01381e-07,-1.17891e-06,-1.26075e-06,2.78953e-08,-1.50818e-06,-0.481368,0,50,54,-5.99999,8,-106,88
-95,96,-5.99994,-8.00007,-1.10309e-06,-5.83167e-07,-8.99043e-07,-3.23851e-07,-1.36241e-06,-1.04756,0,55,54,-5.99993,8.00007,-101,87.9999
-90,96,-6,-8,-5.23602e-07,-2.14824e-07,-3.13076e-07,-1.49349e-07,-5.89077e-07,-1.17464,1.33696e-05,60,54,-6,8,-96,88
-85,96,-6.00001,-7.99998,4.22261e-07,-4.22117e-07,-7.43057e-09,4.22278e-07,-4.22134e-07,-0.00439991,3.25369e-06,65,54,-6.00001,7.99998,-91,88
-80,96,-6.00001,-8.00001,6.2299e-07,-7.81322e-07,2.19599e-07,6.31523e-07,-7.89855e-07,0.0775593,0,70,54,-6.00001,8.00001,-86,88
-75,96,-5.9999,-8.00002,7.12706e-08,-9.49959e-07,1.27306e-06,3.76682e-07,-1.25537e-06,0.447362,0,75,54,-5.9999,8.00002,-80.9999,88
-70,96,-5.99995,-8.00005,-1.15048e-06,-1.02407e-06,2.24658e-06,3.77927e-08,-2.21235e-06,0.813503,0,80,54,-5.99994,8.00005,-75.9999,87.9999
-65,96,-6,-8,-1.69237e-06,-1.15852e-06,2.88453e-06,4.1313e-08,-2.8922e-06,0.876901,6.19784e-06,85,54,-6,8,-71,88
-60,96,-6,-8,-9.55918e-07,-1.16126e-06,2.6461e-06,2.6844e-07,-2.38562e-06,0.746675,8.3027e-06,90,54,-6,8,-66,88
-55,96,-6.00005,-8.00004,-1.82713e-07,-8.46529e-07,2.2509e-06,6.58752e-07,-1.68799e-06,0.642008,1.129e-05,95,54,-6.00005,8.00004,-61,88
-50,96,-5.9999,-8.00005,6.10633e-07,-5.95249e-07,1.55179e-06,9.90318e-07,-9.74933e-07,0.455091,0,100,54,-5.9999,8.00005,-55.9999,88
-45,96,-5.99999,-8.00002,8.50561e-07,-6.11891e-07,1.29958e-06,1.09756e-06,-8.58888e-07,0.36325,0,105,54,-5.99999,8.00001,-51,88
-40,96,-6,-8.00002,5.72018e-08,-7.52616e-07,1.57623e-06,5.3834e-07,-1.23375e-06,0.548098,1.31355e-05,110,54,-6,8.00002,-46,88
-35,96,-5.9999,-8.00005,-1.5542e-07,-7.79278e-07,1.58042e-06,3.82197e-07,-1.3169e-06,0.597415,0,115,54,-5.9999,8.00005,-40.9999,88
-30,96,-6.00001,-8,5.90873e-07,-1.26215e-06,1.1207e-06,7.47144e-07,-1.41842e-06,0.27197,3.00329e-06,120,54,-6.00001,8,-36,88
-25,96,-6.00001,-8,9.59439e-07,-1.57983e-06,2.99888e-07,9.68263e-07,-1.58866e-06,0.0587778,7.47127e-06,125,54,-6,8,-31,88
-20,96,-5.99993,-8.00008,1.13637e-06,-1.48365e-06,-1.85816e-07,1.13966e-06,-1.48694e-06,-0.0354016,0,130,54,-5.99993,8.00008,-25.9999,87.9999
-15,96,-5.99994,-8.00006,6.50347e-07,-8.6249e-07,6.82547e-08,6.51116e-07,-8.6326e-07,0.0225432,0,135,54,-5.99994,8.00007,-20.9999,87.9999
-10,96,-5.99998,-8.00003,-4.93742e-07,1.01388e-07,9.93751e-07,3.82987e-07,-7.7534e-07,1.05519,7.47464e-06,140,54,-5.99999,8.00003,-16,88
-5,96,-5.99989,-8.00009,-1.4258e-06,1.13035e-06,1.55178e-06,1.34742e-06,-1.64288e-06,1.29799,0,145,54,-5.99989,8.00009,-10.9999,87.9999
0,96,-6,-7.99999,-1.96567e-06,1.47747e-06,1.72327e-06,1.68106e-06,-2.16925e-06,1.33878,7.73264e-06,150,54,-6,7.99999,-6,88
5,96,-6,-8,-1.99427e-06,1.33234e-06,1.59743e-06,1.51418e-06,-2.1761e-06,1.34696,0,155,54,-6.00001,8,-1,88
10,96,-6.00003,-7.99999,-6.05083e-07,7.31846e-07,7.39468e-07,8.27285e-07,-7.00522e-07,1.31818,0,160,54,-6.00003,7.99999,3.99997,88
15,96,-5.99998,-8,1.08543e-06,3.41211e-08,-4.00633e-07,1.1223e-06,-2.75401e-09,-0.182046,1.11169e-05,165,54,-5.99999,8,9.00002,88
20,96,-6,-8,1.86971e-06,-1.99147e-07,-8.61774e-07,1.95587e-06,-2.85302e-07,-0.197344,3.83684e-06,170,54,-6,8,14,88
25,96,-5.99982,-8.0001,1.82974e-06,1.96549e-07,-1.3881e-06,2.08484e-06,-5.85514e-08,-0.352227,0,175,54,-5.99981,8.0001,19.0002,87.9999
30,96,-6,-8,6.16507e-07,4.77446e-07,-1.50866e-06,1.3045e-06,-2.1055e-07,-0.739441,6.72177e-06,180,54,-6,8,24,88
35,96,-5.99997,-8,-5.3495e-07,5.75983e-07,-1.52766e-06,9.64962e-07,-9.23928e-07,-1.09978,1.53714e-05,185,54,-5.99997,8,29,88
40,96,-6,-8.00002,-8.73006e-07,3.69078e-07,-1.41197e-06,6.88306e-07,-1.19223e-06,-1.14614,5.13005e-06,190,54,-5.99999,8.00002,34,88
45,96,-6,-8.00002,-1.18499e-06,-8.8185e-08,-8.23723e-07,4.92511e-08,-1.32243e-06,-1.24872,6.75819e-07,195,54,-6,8.00002,39,88
50,96,-5.99994,-8.00004,-8.26785e-07,-7.67183e-07,-1.36621e-07,-7.22456e-07,-8.71512e-07,-0.991081,0,200,54,-5.99994,8.00004,44.0001,88
55,96,-6,-8.00001,4.99579e-08,-1.38533e-06,1.21083e-07,5.25071e-08,-1.38788e-06,0.0420812,9.78925e-06,205,54,-6,8.00001,49,88
60,96,-6.00002,-7.99999,1.31123e-07,-2.22559e-06,1.36101e-06,3.13506e-07,-2.40797e-06,0.261857,1.70957e-05,210,54,-6.00002,7.99999,54,88
65,96,-5.99992,-8.00005,3.0298e-07,-2.59931e-06,2.22449e-06,6.80198e-07,-2.97653e-06,0.326976,0,215,54,-5.99993,8.00005,59.0001,88
70,96,-6,-8,7.62931e-08,-2.28222e-06,2.48084e-06,6.08554e-07,-2.81448e-06,0.405335,1.03064e-05,220,54,-5.99999,8,64,88
75,96,-5.99994,-8.00005,-7.64857e-07,-1.38047e-06,1.94969e-06,-5.03749e-08,-2.09495e-06,0.632478,0,225,54,-5.99994,8.00004,69.0001,88
80,96,-5.99995,-8.00002,-7.57429e-07,-4.79718e-07,9.81791e-07,-1.08418e-07,-1.12873e-06,0.923228,0,230,54,-5.99995,8.00002,74,88
85,96,-6,-8.00002,-3.82043e-07,9.28434e-09,2.79411e-07,5.40408e-08,-4.268e-07,1.26076,1.05456e-05,235,54,-5.99999,8.00002,79,88
90,96,-5.99998,-8.00001,-4.02545e-07,-1.13832e-07,6.41095e-07,9.33647e-08,-6.09741e-07,0.996968,6.9154e-06,240,54,-5.99999,8.00001,84,88
95,96,-5.99997,-8,5.97575e-08,-2.41023e-07,5.85443e-07,2.38461e-07,-4.19727e-07,0.548098,0,245,54,-5.99997,8,89,88
100,96,-6,-8,5.63394e-07,-3.559e-07,4.04007e-07,6.05824e-07,-3.98329e-07,0.207034,0,250,54,-6,8,94,88
105,96,-6,-8,5.79099e-07,-7.7044e-07,4.02446e-07,6.08463e-07,-7.99804e-07,0.144907,2.94481e-06,255,54,-5.99999,8,99,88
110,96,-5.99998,-7.99999,1.52316e-07,-1.30915e-06,9.14434e-07,2.83568e-07,-1.4404e-06,0.279549,7.24152e-06,260,54,-5.99999,7.99999,104,88
115,96,-6,-8.00001,-4.91535e-07,-1.60773e-06,1.1436e-06,-2.50616e-07,-1.84865e-06,0.398762,7.61327e-06,265,54,-6,8.00001,109,88
120,96,-6,-8,-3.05777e-07,-1.18563e-06,-1.82643e-07,-2.96398e-07,-1.19501e-06,-0.102339,7.87212e-06,270,54,-6.00001,8,114,88
125,96,-6,-7.99998,1.50434e-06,-6.44201e-08,-3.73162e-06,2.74394e-06,-1.30402e-06,-0.586416,1.09493e-05,275,54,-6,7.99998,119,88
130,96,-5.99994,-8.0001,4.414e-06,1.29682e-06,-9.21986e-06,7.72169e-06,-2.01087e-06,-0.622384,0,280,54,-5.99995,8.00009,124,87.9999
-135,91,0,0,0,0,0,0,0,0,-1,15,59,0,0,-135,91
-130,91,-6,-8,0,0,0,0,0,0,-1,20,59,-6,8,-136,83
-125,91,-6.00001,-8,2.69028e-06,7.32255e-07,-1.34493e-06,2.89899e-06,5.2355e-07,-0.300933,2.10998e-06,25,59,-6,8,-131,83
-120,91,-6,-8.00001,2.10005e-06,9.55699e-07,-7.07476e-07,2.20057e-06,8.55182e-07,-0.276858,0,30,59,-6,8,-126,83
-115,91,-5.99999,-8,2.28826e-06,8.85247e-07,-4.93476e-07,2.33038e-06,8.43119e-07,-0.169106,0,35,59,-5.99999,8,-121,83
-110,91,-5.99998,-8,1.98883e-06,2.70914e-07,-7.06692e-07,2.05867e-06,2.01076e-07,-0.195133,1.00419e-05,40,59,-5.99998,8,-116,83
-105,91,-6,-8,1.10298e-06,-3.52106e-07,-1.3055e-06,1.35288e-06,-6.02011e-07,-0.365633,8.70307e-06,45,59,-6,8,-111,83
-100,91,-5.99986,-8.00005,-5.43731e-08,-6.08154e-07,-1.44402e-06,4.42018e-07,-1.10455e-06,-0.602297,0,50,59,-5.99986,8.00006,-106,82.9999
-95,91,-6,-8.00001,-7.07772e-07,-2.85099e-07,-9.26578e-07,1.27797e-08,-1.00565e-06,-0.999383,3.37738e-06,55,59,-6,8.00001,-101,83
-90,91,-5.99994,-8.00007,-1.80572e-07,4.38655e-08,-1.39591e-07,6.37998e-08,-2.00506e-07,-1.29259,0,60,59,-5.99994,8.00007,-95.9999,82.9999
-85,91,-6,-8,5.29242e-07,2.8245e-07,2.3461e-07,5.76102e-07,2.3559e-07,0.38005,8.4791e-06,65,59,-6,8,-91,83
-80,91,-5.9999,-8.00002,1.39482e-07,4.64337e-07,2.91784e-07,5.20237e-07,8.35815e-08,1.20489,0,70,59,-5.9999,8.00002,-85.9999,83
-75,91,-6.00001,-8.00001,-9.12005e-07,7.12305e-07,9.22048e-07,8.34034e-07,-1.03373e-06,1.31265,7.90574e-06,75,59,-6.00001,8,-81,83
-70,91,-6,-7.99999,-2.06164e-06,7.13727e-07,1.49647e-06,9.02597e-07,-2.25051e-06,1.32354,1.47666e-05,80,59,-6,7.99999,-76,83
-65,91,-5.99999,-8,-2.10553e-06,4.79713e-07,1.38753e-06,6.54124e-07,-2.27994e-06,1.3245,0,85,59,-6,8,-71,83
-60,91,-5.99999,-7.99999,-8.2057e-07,2.30918e-08,7.54022e-07,1.67016e-07,-9.64494e-07,1.20612,9.00716e-06,90,59,-5.99999,7.99999,-66,83
-55,91,-6.00004,-8.00004,2.4776e-07,-5.82788e-08,3.60235e-07,3.31082e-07,-1.41601e-07,0.433281,3.36694e-06,95,59,-6.00004,8.00004,-61,83
-50,91,-6,-8,8.64288e-07,1.05024e-07,1.4735e-07,8.71371e-07,9.79408e-08,0.0958435,4.64667e-06,100,59,-6,8,-56,83
-45,91,-5.99999,-8.00001,7.46817e-07,8.42999e-08,4.2786e-07,8.09892e-07,2.12259e-08,0.286712,9.69452e-06,105,59,-5.99999,8.00001,-51,83
-40,91,-5.99999,-8.00001,2.16295e-08,1.88497e-07,7.07275e-07,4.6841e-07,-2.58283e-07,0.901245,0,110,59,-5.99999,8.00001,-46,83
-35,91,-6,-8.00001,-1.94825e-07,3.08955e-07,8.8249e-07,5.65146e-07,-4.51015e-07,1.04476,0,115,59,-6,8.00001,-41,83
-30,91,-6,-8,4.61095e-07,-1.24087e-07,9.66273e-07,7.33331e-07,-3.96324e-07,0.513132,1.84677e-07,120,59,-6,8,-36,83
-25,91,-6,-8.00001,1.03332e-06,-7.96814e-07,4.13434e-07,1.05638e-06,-8.19873e-07,0.111087,5.54855e-06,125,59,-6,8.00001,-31,83
-20,91,-6.00001,-7.99997,1.33152e-06,-9.63974e-07,-3.982e-07,1.34867e-06,-9.81115e-07,-0.0858804,8.42754e-06,130,59,-6.00001,7.99997,-26,83
-15,91,-5.99994,-8.00009,9.30824e-07,-9.4747e-07,-1.97463e-07,9.35999e-07,-9.52646e-07,-0.0523721,0,135,59,-5.99994,8.00009,-20.9999,82.9999
-10,91,-5.99998,-8.00002,-6.08839e-08,-2.66955e-07,5.93829e-07,1.50365e-07,-4.78204e-07,0.618389,2.76647e-06,140,59,-5.99999,8.00002,-16,83
-5,91,-5.99998,-8.00003,-9.73627e-07,3.9385e-07,1.69459e-06,7.98876e-07,-1.37865e-06,1.12488,8.00023e-06,145,59,-5.99999,8.00003,-11,83
0,91,-5.99991,-8.00012,-1.60863e-06,6.93518e-07,2.21297e-06,1.13909e-06,-2.05421e-06,1.18797,0,150,59,-5.99992,8.00012,-5.99991,82.9999
5,91,-5.99998,-8.00001,-1.74384e-06,6.41454e-07,2.16424e-06,1.05921e-06,-2.16159e-06,1.20237,0,155,59,-5.99999,8.00001,-0.999985,83
10,91,-6,-8,-7.77538e-07,4.80606e-07,1.21473e-06,7.25962e-07,-1.02289e-06,1.18687,0,160,59,-6,8,4,83
15,91,-6,-8.00001,5.42211e-07,-2.3029e-07,4.47024e-07,6.02219e-07,-2.90298e-07,0.262295,0,165,59,-6,8.00001,9,83
20,91,-5.99998,-7.99999,1.75901e-06,-6.3867e-07,-7.17779e-08,1.75955e-06,-6.39208e-07,-0.0149637,0,170,59,-5.99999,7.99999,14,83
25,91,-6,-8.00001,2.30895e-06,-3.7727e-07,-5.09809e-07,2.33292e-06,-4.01245e-07,-0.0937782,1.29134e-05,175,59,-5.99999,8.00001,19,83
30,91,-6,-8.00002,1.15192e-06,2.82167e-08,-6.53546e-07,1.24004e-06,-5.9899e-08,-0.26339,7.817e-06,180,59,-6.00001,8.00002,24,83
35,91,-5.99985,-8.00005,-3.35627e-07,3.40058e-07,-8.16366e-07,5.32075e-07,-5.27644e-07,-1.13109,0,185,59,-5.99985,8.00005,29.0002,83
40,91,-5.99994,-8.00005,-1.00247e-06,3.34623e-07,-7.71147e-07,4.37842e-07,-1.10568e-06,-1.30923,0,190,59,-5.99994,8.00005,34.0001,83
45,91,-6.00002,-8.00002,-1.37894e-06,1.66163e-07,-1.16447e-07,1.68354e-07,-1.38113e-06,-1.53318,8.75639e-06,195,59,-6.00001,8.00002,39,83
50,91,-5.99994,-8.00003,-8.36873e-07,1.13279e-09,3.28954e-07,3.22589e-08,-8.67999e-07,1.38377,0,200,59,-5.99994,8.00003,44.0001,83
55,91,-6,-7.99999,-2.00089e-07,3.4027e-08,1.98475e-07,7.04313e-08,-2.36493e-07,1.2192,1.23622e-05,205,59,-6,7.99999,49,83
60,91,-6.00002,-8,-5.27532e-07,-2.90293e-07,4.4691e-07,-1.55925e-07,-6.619e-07,1.02941,1.52961e-05,210,59,-6.00002,8,54,83
65,91,-6.00003,-7.99997,-2.25907e-07,-6.43344e-07,1.09221e-08,-2.25836e-07,-6.43415e-07,0.0130793,0,215,59,-6.00004,7.99997,59,83
70,91,-6.00002,-7.99997,1.14664e-07,-7.49858e-07,-4.66133e-07,1.73493e-07,-8.08688e-07,-0.247249,1.44382e-05,220,59,-6.00002,7.99997,64,83
75,91,-6.00002,-7.99998,-2.00953e-07,-5.12813e-07,-6.43697e-07,7.4931e-10,-7.14515e-07,-0.559819,7.52218e-06,225,59,-6.00001,7.99998,69,83
80,91,-5.99995,-8.00003,-1.57152e-07,-3.00133e-07,-5.31224e-07,4.64223e-08,-5.03707e-07,-0.653936,4.17272e-06,230,59,-5.99996,8.00003,74,83
85,91,-5.99998,-8.00001,-1.94133e-07,-1.43257e-07,-1.42112e-07,-9.32225e-08,-2.44167e-07,-0.95729,6.0026e-06,235,59,-5.99999,8,79,83
90,91,-6,-8.00001,-6.01948e-07,-1.77239e-07,4.94264e-07,-6.37583e-08,-7.15429e-07,1.14033,8.34588e-06,240,59,-6,8,84,83
95,91,-6,-7.99999,-2.97214e-07,-1.59304e-07,3.87436e-07,-2.26344e-08,-4.33883e-07,0.956383,0,245,59,-6,7.99999,89,83
100,91,-6.00002,-7.99999,1.76868e-07,-2.50985e-07,3.83442e-07,2.50207e-07,-3.24324e-07,0.365356,3.28177e-06,250,59,-6.00001,8,94,83
105,91,-6,-8,2.58628e-07,-6.60878e-07,3.77159e-07,2.95801e-07,-6.98051e-07,0.194624,0,255,59,-6,8,99,83
110,91,-5.99998,-8,5.89022e-09,-1.15348e-06,3.22333e-07,2.78773e-08,-1.17547e-06,0.135588,1.88058e-06,260,59,-5.99998,8,104,83
115,91,-6,-8.00001,-1.75738e-07,-1.11595e-06,-5.21435e-07,-1.08281e-07,-1.1834e-06,-0.253182,6.41105e-06,265,59,-5.99999,8,109,83
120,91,-6,-8,5.38515e-07,-5.49068e-07,-2.56467e-06,1.3876e-06,-1.39815e-06,-0.58486,2.93797e-06,270,59,-6,8,114,83
125,91,-6,-8.00001,2.63101e-06,4.4049e-07,-5.92038e-06,4.69206e-06,-1.62056e-06,-0.60821,1.04193e-05,275,59,-6.00001,8.00001,119,83
130,91,-6,-8.00001,5.18851e-06,8.9808e-07,-9.92333e-06,8.44885e-06,-2.36227e-06,-0.581355,2.90808e-06,280,59,-5.99998,8,124,83
-135,86,0,0,0,0,0,0,0,0,-1,15,64,0,0,-135,86
-130,86,-6,-8.00001,0,0,0,0,0,0,-1,20,64,-6.00001,8,-136,78
-125,86,-6,-8.00001,9.71664e-07,7.88221e-07,-2.24357e-06,2.00547e-06,-2.45586e-07,-0.744607,0,25,64,-6,8.00001,-131,78
-120,86,-6,-8.00001,1.5282e-06,1.01184e-06,-1.64117e-06,2.13026e-06,4.09778e-07,-0.632986,5.29266e-06,30,64,-6,8.00001,-126,78
-115,86,-6,-8,2.04448e-06,1.04465e-06,-1.22734e-06,2.33608e-06,7.53044e-07,-0.443597,1.40877e-05,35,64,-6,8,-121,78
-110,86,-5.99999,-8.00001,1.49261e-06,6.93771e-07,-9.7294e-07,1.72263e-06,4.63756e-07,-0.441673,5.25479e-06,40,64,-5.99999,8,-116,78
-105,86,-5.99999,-7.99999,3.6212e-07,2.98024e-07,-1.15762e-06,9.09769e-07,-2.49625e-07,-0.757742,0,45,64,-5.99999,8,-111,78
-100,86,-6,-8.00001,-6.10755e-07,-2.04258e-07,-1.04416e-06,1.52741e-07,-9.67754e-07,-0.971025,7.0287e-06,50,64,-6,8,-106,78
-95,86,-6,-8.00001,-7.70451e-07,-3.40675e-07,-3.77587e-07,-2.69521e-07,-8.41604e-07,-1.21037,1.13111e-05,55,64,-6,8.00001,-101,78
-90,86,-5.9999,-8.00011,-3.23642e-10,-3.72359e-07,6.41723e-07,1.84542e-07,-5.57225e-07,0.522702,0,60,64,-5.9999,8.0001,-95.9999,77.9999
-85,86,-5.99995,-8.00005,6.9115e-07,5.47818e-08,9.42912e-07,9.41747e-07,-1.95815e-07,0.488559,0,65,64,-5.99995,8.00006,-90.9999,77.9999
-80,86,-5.99991,-8.00004,1.78113e-07,7.64462e-07,5.55335e-07,8.75082e-07,6.74924e-08,1.19168,0,70,64,-5.99991,8.00004,-85.9999,78
-75,86,-6,-8.00001,-9.54441e-07,1.68227e-06,2.90843e-07,1.69027e-06,-9.62437e-07,1.51587,8.88431e-06,75,64,-6,8.00001,-81,78
-70,86,-5.99999,-7.99999,-1.98312e-06,1.95189e-06,3.60215e-07,1.96011e-06,-1.99135e-06,1.52515,1.07602e-05,80,64,-5.99999,7.99999,-76,78
-65,86,-5.99999,-7.99999,-2.07243e-06,1.66037e-06,-1.42291e-08,1.66039e-06,-2.07245e-06,-1.56889,6.16155e-06,85,64,-5.99999,8,-71,78
-60,86,-6.00001,-7.99998,-9.5308e-07,8.64577e-07,-5.32851e-07,9.02824e-07,-9.91327e-07,-1.42821,1.34934e-05,90,64,-6.00001,7.99999,-66,78
-55,86,-6,-8.00001,3.16679e-07,5.9427e-07,-1.20959e-06,1.07599e-06,-1.65043e-07,-0.898191,5.33534e-06,95,64,-6,8.00001,-61,78
-50,86,-5.99999,-8.00001,9.84665e-07,9.80941e-07,-1.51985e-06,1.74273e-06,2.22876e-07,-0.784173,7.30738e-06,100,64,-6,8.00001,-56,78
-45,86,-5.99999,-8.00002,6.91406e-07,1.45599e-06,-1.37225e-06,1.85914e-06,2.8826e-07,-1.03957,0,105,64,-6,8.00001,-51,78
-40,86,-5.99998,-8.00002,-8.66873e-08,1.81217e-06,-1.12362e-06,1.96594e-06,-2.40457e-07,-1.30364,9.41578e-06,110,64,-5.99999,8.00002,-46,78
-35,86,-6,-8,-6.17591e-07,1.87318e-06,-4.57829e-07,1.89405e-06,-6.38454e-07,-1.47991,2.2842e-06,115,64,-6,8,-41,78
-30,86,-5.99999,-8.00001,-1.84382e-07,1.45217e-06,1.50639e-07,1.45563e-06,-1.87841e-07,1.5249,8.4581e-06,120,64,-5.99999,8.00001,-36,78
-25,86,-5.99998,-7.99998,7.79419e-07,7.02234e-07,-2.67368e-07,8.79969e-07,6.01684e-07,-0.644878,8.5181e-06,125,64,-5.99998,7.99998,-31,78
-20,86,-5.99999,-7.99998,1.26857e-06,1.93014e-07,-1.02652e-06,1.47419e-06,-1.26062e-08,-0.381037,6.14031e-06,130,64,-5.99999,7.99998,-26,78
-15,86,-5.99994,-8.00008,9.39681e-07,-3.71174e-07,-8.18737e-07,1.05702e-06,-4.88512e-07,-0.27915,0,135,64,-5.99994,8.00008,-20.9999,77.9999
-10,86,-6,-8.00002,1.92978e-07,-2.13012e-07,-2.64176e-07,2.32169e-07,-2.52204e-07,-0.288432,0,140,64,-6,8.00001,-16,78
-5,86,-5.99998,-8.00002,-5.33042e-07,-6.22076e-08,1.06496e-06,2.84574e-07,-8.79824e-07,0.993537,1.0562e-05,145,64,-5.99999,8.00003,-11,78
0,86,-6,-8.00002,-1.06758e-06,4.89993e-08,1.86752e-06,5.78642e-07,-1.59723e-06,1.05483,0,150,64,-6.00001,8.00001,-6,78
5,86,-5.99994,-8.00014,-1.28008e-06,-9.05206e-08,2.1514e-06,5.43884e-07,-1.91448e-06,1.03794,0,155,64,-5.99994,8.00014,-0.999939,77.9999
10,86,-5.99998,-7.99998,-9.36422e-07,-3.51222e-08,1.58021e-06,4.23816e-07,-1.39536e-06,1.04457,6.43281e-06,160,64,-5.99999,7.99997,4.00002,78
15,86,-6.00002,-8,-2.54798e-07,-4.10816e-07,1.00989e-06,1.7813e-07,-8.43743e-07,0.708759,0,165,64,-6.00001,8,8.99998,78
20,86,-5.99998,-8,1.19576e-06,-5.92299e-07,1.0925e-07,1.19743e-06,-5.93966e-07,0.0305119,0,170,64,-5.99999,8,14,78
25,86,-6,-7.99999,2.40615e-06,-6.686e-07,-5.47992e-08,2.4064e-06,-6.68844e-07,-0.00891021,0,175,64,-6,7.99999,19,78
30,86,-6.00002,-8.00001,1.73465e-06,-4.88138e-07,1.38974e-07,1.73682e-06,-4.90308e-07,0.0312205,9.4998e-06,180,64,-6.00001,8.00001,24,78
35,86,-5.99986,-8.00006,2.39848e-07,-2.03829e-07,2.52661e-08,2.40208e-07,-2.04189e-07,0.0284427,0,185,64,-5.99986,8.00006,29.0001,77.9999
40,86,-6.00002,-8.00002,-7.13397e-07,1.40824e-07,-3.29929e-07,1.71574e-07,-7.44147e-07,-1.3865,0,190,64,-6.00001,8.00002,34,78
45,86,-6.00002,-8.00002,-1.24505e-06,5.27502e-07,-2.19297e-07,5.34259e-07,-1.25181e-06,-1.50925,6.75931e-06,195,64,-6.00001,8.00001,39,78
50,86,-5.99995,-8.00005,-4.17943e-07,1.06693e-06,-4.10099e-07,1.09473e-06,-4.45738e-07,-1.43606,0,200,64,-5.99995,8.00005,44,77.9999
55,86,-5.99992,-8.00006,4.75274e-07,1.60642e-06,-6.49553e-07,1.69304e-06,3.88656e-07,-1.31016,0,205,64,-5.99993,8.00006,49.0001,77.9999
60,86,-6.00002,-8,-1.08026e-08,1.77569e-06,-6.93354e-07,1.84061e-06,-7.57179e-08,-1.38569,7.98886e-06,210,64,-6.00001,8,54,78
65,86,-5.99991,-8.00006,-3.11133e-07,1.62303e-06,-1.46111e-06,1.86795e-06,-5.56057e-07,-1.24732,0,215,64,-5.99991,8.00006,59.0001,77.9999
70,86,-6.00002,-7.99997,-5.33809e-07,1.1125e-06,-1.86838e-06,1.53446e-06,-9.55764e-07,-1.14655,6.32233e-06,220,64,-6.00001,7.99997,64,78
75,86,-6.00002,-7.99997,-9.23407e-07,5.19262e-07,-1.40434e-06,8.04589e-07,-1.20873e-06,-1.18483,8.28328e-07,225,64,-6.00002,7.99997,69,78
80,86,-6,-8.00004,-5.37919e-07,-8.48734e-08,-6.51427e-07,8.53429e-08,-7.08135e-07,-1.08924,0,230,64,-6,8.00004,74,78
85,86,-5.99998,-8.00001,-1.60728e-07,-3.47149e-07,2.26841e-08,-1.6004e-07,-3.47836e-07,0.0605434,8.1351e-06,235,64,-5.99998,8,79,78
90,86,-5.99998,-8,-4.95929e-07,-2.98996e-07,4.79286e-07,-1.38379e-07,-6.56546e-07,0.980326,5.51723e-06,240,64,-5.99998,8,84,78
95,86,-5.99995,-8.00005,-4.70411e-07,-8.74317e-08,2.51169e-07,-4.99241e-08,-5.07918e-07,1.28057,0,245,64,-5.99996,8.00005,89,78
100,86,-6,-8.00001,-8.40898e-08,-1.64163e-07,2.84978e-07,2.38806e-08,-2.72133e-07,0.64844,0,250,64,-6,8.00001,94,78
105,86,-5.99998,-8,2.53143e-07,-5.46824e-07,2.10604e-07,2.66772e-07,-5.60453e-07,0.128712,0,255,64,-5.99999,8,99,78
110,86,-5.99998,-8.00001,2.64793e-07,-9.41564e-07,-4.1608e-07,2.99662e-07,-9.76433e-07,-0.166065,0,260,64,-5.99998,8,104,78
115,86,-5.99997,-8.00001,2.99544e-07,-7.85503e-07,-1.85581e-06,8.31886e-07,-1.31784e-06,-0.52086,1.14511e-05,265,64,-5.99998,8,109,78
120,86,-6,-8,1.06331e-06,-3.2146e-07,-3.97971e-06,2.4778e-06,-1.73595e-06,-0.617971,2.55835e-06,270,64,-6.00001,8,114,78
125,86,-6,-8.00001,3.01257e-06,2.72106e-07,-6.59162e-06,5.21164e-06,-1.92696e-06,-0.588394,5.59226e-06,275,64,-6.00001,8.00001,119,78
130,86,-5.99997,-8.00008,5.62864e-06,-1.10164e-07,-9.09915e-06,8.13809e-06,-2.61962e-06,-0.504056,0,280,64,-5.99996,8.00008,124,77.9999
-135,81,0,0,0,0,0,0,0,0,-1,15,69,0,0,-135,81
-130,81,-6,-8.00001,0,0,0,0,0,0,-1,20,69,-6,8.00001,-136,73
-125,81,-5.99999,-8.00001,-3.61557e-07,6.48671e-07,-3.13456e-06,1.79022e-06,-1.50311e-06,-0.941286,0,25,69,-5.99999,8.00001,-131,73
-120,81,-6.00001,-8,1.05226e-06,5.97552e-07,-1.86299e-06,1.78375e-06,-1.33934e-07,-0.665702,6.46141e-06,30,69,-6.00001,8,-126,73
-115,81,-5.9999,-8.00005,1.50125e-06,4.94779e-07,-5.60059e-07,1.57392e-06,4.22113e-07,-0.253894,0,35,69,-5.9999,8.00005,-121,72.9999
-110,81,-6,-8.00001,6.88498e-07,2.55608e-07,2.68364e-07,7.26716e-07,2.1739e-07,0.277474,0,40,69,-6,8,-116,73
-105,81,-5.99979,-7.99999,-6.04849e-07,8.98348e-08,2.75435e-07,1.1614e-07,-6.31155e-07,1.38206,0,45,69,-5.99979,7.99999,-111,73
-100,81,-6,-8,-1.37984e-06,-3.31496e-07,1.78865e-07,-3.23922e-07,-1.38741e-06,1.4863,3.17983e-06,50,69,-6,8,-106,73
-95,81,-6,-8.00001,-1.15071e-06,-6.44236e-07,4.81488e-07,-5.48064e-07,-1.24688e-06,1.19074,0,55,69,-6,8.00001,-101,73
-90,81,-6,-7.99999,-1.01363e-08,-8.48101e-07,1.05142e-06,2.43129e-07,-1.10137e-06,0.448948,2.19151e-06,60,69,-5.99999,7.99999,-96,73
-85,81,-6,-8,1.12159e-06,-4.17954e-07,7.38684e-07,1.20561e-06,-5.01975e-07,0.223681,0,65,69,-6,8,-91,73
-80,81,-6,-7.99999,1.04672e-06,4.55836e-07,-1.75508e-07,1.05947e-06,4.43078e-07,-0.144364,7.80232e-06,70,69,-6,7.99999,-86,73
-75,81,-5.99988,-8.00011,-7.38799e-08,1.57276e-06,-5.6658e-07,1.62014e-06,-1.21254e-07,-1.4051,0,75,69,-5.99988,8.00011,-80.9999,72.9999
-70,81,-5.99991,-8.00008,-1.3436e-06,1.85559e-06,6.48054e-08,1.85591e-06,-1.34393e-06,1.56067,0,80,69,-5.99991,8.00009,-75.9999,72.9999
-65,81,-6.00002,-8,-1.79892e-06,1.38463e-06,1.71567e-07,1.38694e-06,-1.80123e-06,1.54388,8.15065e-06,85,69,-6.00002,8,-71,73
-60,81,-5.99999,-8.00002,-9.60773e-07,5.9832e-07,-6.25576e-07,6.58731e-07,-1.02118e-06,-1.38001,2.46479e-06,90,69,-6,8.00002,-66,73
-55,81,-5.99998,-8.00001,4.35768e-07,4.93614e-07,-2.29649e-06,1.6133e-06,-6.83918e-07,-0.79799,3.70795e-07,95,69,-5.99999,8.00001,-61,73
-50,81,-5.99999,-8.00002,1.11563e-06,1.15736e-06,-3.09755e-06,2.68541e-06,-4.12419e-07,-0.792134,0,100,69,-5.99999,8.00001,-56,73
-45,81,-6,-8.00001,6.85155e-07,2.01245e-06,-3.02503e-06,3.00051e-06,-3.02904e-07,-0.992136,0,105,69,-6,8.00001,-51,73
-40,81,-5.99998,-8.00001,-1.62816e-07,2.3023e-06,-2.46271e-06,2.81199e-06,-6.72508e-07,-1.17834,0,110,69,-5.99999,8.00001,-46,73
-35,81,-5.99997,-8.00003,-8.21512e-07,2.12439e-06,-1.45402e-06,2.29404e-06,-9.9116e-07,-1.34155,5.62649e-06,115,69,-5.99997,8.00003,-41,73
-30,81,-5.99998,-8.00014,-6.55032e-07,1.83241e-06,-6.84363e-07,1.87862e-06,-7.01245e-07,-1.43655,0,120,69,-5.99998,8.00014,-36,72.9999
-25,81,-5.99999,-8.00002,3.32658e-07,1.38718e-06,-9.79212e-07,1.57944e-06,1.40392e-07,-1.1966,8.03262e-06,125,69,-5.99999,8.00002,-31,73
-20,81,-5.99998,-8.00002,9.02634e-07,8.01723e-07,-1.46873e-06,1.58828e-06,1.16081e-07,-0.751099,1.26636e-05,130,69,-5.99999,8.00001,-26,73
-15,81,-6,-7.99999,7.8959e-07,1.23963e-07,-1.59826e-06,1.32244e-06,-4.08886e-07,-0.588086,1.61502e-05,135,69,-6,7.99999,-21,73
-10,81,-5.99992,-8.00013,2.74035e-07,-1.54674e-07,-1.17692e-06,6.85964e-07,-5.66603e-07,-0.610735,0,140,69,-5.99993,8.00013,-15.9999,72.9999
-5,81,-6,-8.00002,-4.56662e-07,-4.35211e-07,5.75954e-07,-1.57759e-07,-7.34113e-07,0.804012,1.09645e-05,145,69,-6,8.00002,-11,73
0,81,-6,-8.00001,-1.07363e-06,-5.07118e-07,2.06221e-06,2.78927e-07,-1.85968e-06,0.919448,0,150,69,-6,8.00001,-6,73
5,81,-6.00002,-7.99999,-1.2494e-06,-6.7616e-07,2.64301e-06,3.89451e-07,-2.31501e-06,0.892188,6.12562e-06,155,69,-6.00002,7.99999,-1.00002,73
10,81,-6,-7.99997,-1.08241e-06,-4.54971e-07,2.09522e-06,3.24884e-07,-1.86227e-06,0.93088,6.03332e-06,160,69,-6,7.99997,4,73
15,81,-6,-8.00001,-7.59279e-07,-2.84737e-07,9.9495e-07,2.91532e-08,-1.07317e-06,1.00792,0,165,69,-5.99999,8.00001,9,73
20,81,-5.99998,-8.00001,4.28776e-07,-2.62601e-08,-4.29349e-07,5.14068e-07,-1.11551e-07,-0.378181,7.73609e-07,170,69,-5.99998,8,14,73
25,81,-6,-8.00002,1.78504e-06,-3.09561e-07,-3.9146e-07,1.80317e-06,-3.27695e-07,-0.0923795,9.23318e-06,175,69,-6,8.00002,19,73
30,81,-6,-7.99999,1.88437e-06,-4.77587e-07,1.55012e-07,1.88691e-06,-4.80127e-07,0.0327674,0,180,69,-6,8,24,73
35,81,-5.99989,-8.00008,9.89857e-07,-4.72188e-07,1.97286e-07,9.96482e-07,-4.78813e-07,0.0670642,0,185,69,-5.99989,8.00008,29.0001,72.9999
40,81,-6.00002,-7.99999,1.25787e-07,-1.8003e-07,-3.44338e-07,2.03146e-07,-2.57389e-07,-0.422289,0,190,69,-6.00001,8,34,73
45,81,-6,-8,-5.21389e-07,3.13576e-07,-6.57864e-07,4.27589e-07,-6.35403e-07,-1.23714,3.135e-06,195,69,-6,8,39,73
50,81,-5.99994,-8.00006,2.09312e-07,1.07571e-06,-1.16673e-06,1.36913e-06,-8.41097e-08,-1.10477,0,200,69,-5.99994,8.00006,44.0001,72.9999
55,81,-6,-8.00002,1.10603e-06,1.65497e-06,-9.01687e-07,1.90832e-06,8.5268e-07,-1.05883,1.42325e-05,205,69,-6,8.00002,49,73
60,81,-6.00002,-7.99999,6.6113e-07,2.04268e-06,-4.73522e-07,2.08213e-06,6.21682e-07,-1.4057,1.45541e-05,210,69,-6.00002,7.99999,54,73
65,81,-5.99988,-8.00007,-1.97185e-07,2.22749e-06,-8.63989e-07,2.30216e-06,-2.71852e-07,-1.39964,0,215,69,-5.99988,8.00007,59.0001,72.9999
70,81,-5.99998,-7.99996,-1.19564e-06,1.78724e-06,-1.03642e-06,1.8747e-06,-1.2831e-06,-1.40359,1.16277e-05,220,69,-5.99999,7.99996,64,73
75,81,-5.99992,-8.00006,-1.89297e-06,9.81096e-07,-4.61864e-07,9.99534e-07,-1.91141e-06,-1.49113,0,225,69,-5.99992,8.00006,69.0001,72.9999
80,81,-6,-8.00002,-1.30999e-06,1.29007e-07,1.22992e-07,1.3163e-07,-1.31261e-06,1.52816,1.12927e-05,230,69,-5.99999,8.00001,74,73
85,81,-5.99998,-8.00001,-4.2609e-07,-4.20164e-07,5.79593e-07,-1.33315e-07,-7.12939e-07,0.790511,5.01368e-06,235,69,-5.99999,8.00001,79,73
90,81,-5.99997,-8,-3.47569e-07,-4.53641e-07,7.18408e-07,-3.75068e-08,-7.63703e-07,0.712103,1.54588e-05,240,69,-5.99998,8,84,73
95,81,-6,-7.99999,-2.84308e-07,-1.74164e-07,3.70043e-07,-3.61925e-08,-4.2228e-07,0.930048,5.93565e-06,245,69,-6,7.99999,89,73
100,81,-6,-7.99999,4.58033e-08,-1.53252e-07,3.93515e-07,1.66773e-07,-2.74222e-07,0.551244,9.2822e-06,250,69,-5.99999,7.99999,94,73
105,81,-5.99998,-8,4.38577e-07,-3.76723e-07,3.70977e-07,4.78794e-07,-4.1694e-07,0.21351,1.06382e-05,255,69,-5.99998,8,99,73
110,81,-5.99997,-8,5.01853e-07,-6.13657e-07,-5.49148e-07,5.65774e-07,-6.77579e-07,-0.228728,0,260,69,-5.99997,8,104,73
115,81,-5.99997,-7.99997,7.68009e-07,-5.701e-07,-2.25569e-06,1.41032e-06,-1.21241e-06,-0.517691,1.05537e-05,265,69,-5.99998,7.99997,109,73
120,81,-6,-8,2.06912e-06,-3.46189e-07,-4.22294e-06,3.2939e-06,-1.57097e-06,-0.525629,7.80967e-06,270,69,-6.00001,8,114,73
125,81,-5.99994,-8.0001,4.85254e-06,-1.09046e-07,-5.95074e-06,6.24566e-06,-1.50216e-06,-0.437898,0,275,69,-5.99994,8.0001,119,72.9999
130,81,-5.99991,-8.00006,8.55155e-06,-6.479e-07,-6.43289e-06,9.56458e-06,-1.66093e-06,-0.305117,0,280,69,-5.99991,8.00006,124,72.9999
-135,76,0,0,0,0,0,0,0,0,-1,15,74,0,0,-135,76
-130,76,-5.99996,-8.00004,0,0,0,0,0,0,-1,20,74,-5.99996,8.00004,-136,68
-125,76,-5.99993,-8.00004,-2.59153e-06,4.35131e-07,-2.81923e-06,9.89935e-07,-3.14633e-06,-1.19583,0,25,74,-5.99993,8.00004,-131,68
-120,76,-5.99994,-8.00004,-4.4866e-07,6.27682e-08,-1.03169e-06,3.82804e-07,-7.68696e-07,-1.01551,0,30,74,-5.99994,8.00004,-126,68
-115,76,-6,-8.00002,2.72132e-07,-1.68409e-07,9.73446e-07,5.86107e-07,-4.82384e-07,0.572908,1.03144e-05,35,74,-6,8.00002,-121,68
-110,76,-5.9999,-8.00002,-1.83125e-07,-2.48682e-07,1.87157e-06,7.20457e-07,-1.15226e-06,0.767891,0,40,74,-5.9999,8.00002,-116,68
-105,76,-5.99999,-7.99999,-1.07517e-06,-1.35234e-07,1.52113e-06,2.88849e-07,-1.49926e-06,1.06214,5.12781e-06,45,74,-5.99999,7.99999,-111,68
-100,76,-5.99998,-8.00001,-1.49291e-06,-1.01894e-07,6.42084e-07,-3.13739e-08,-1.56343e-06,1.35457,0,50,74,-5.99998,8.00001,-106,68
-95,76,-5.99995,-8.00008,-1.06351e-06,-1.35897e-07,2.30054e-07,-1.21846e-07,-1.07756e-06,1.44925,0,55,74,-5.99996,8.00009,-101,67.9999
-90,76,-5.99999,-8,1.01128e-07,-1.79663e-07,4.64905e-08,1.03039e-07,-1.81574e-07,0.0820406,0,60,74,-5.99999,8,-96,68
-85,76,-6,-8.00001,1.37929e-06,-1.35274e-08,-5.67196e-07,1.43482e-06,-6.90582e-08,-0.193362,1.17653e-05,65,74,-6,8.00001,-91,68
-80,76,-6.00001,-8.00002,1.68438e-06,1.82023e-07,-1.30695e-06,1.92884e-06,-6.24396e-08,-0.357977,7.50633e-06,70,74,-6.00001,8.00002,-86,68
-75,76,-6,-8,6.44524e-07,4.42863e-07,-7.12575e-07,9.13974e-07,1.73413e-07,-0.647502,1.225e-05,75,74,-6,8,-81,68
-70,76,-5.99993,-8.00012,-8.12284e-07,3.93853e-07,1.03586e-06,5.85732e-07,-1.00416e-06,1.216,0,80,74,-5.99993,8.00012,-75.9999,67.9999
-65,76,-5.99996,-8.00009,-1.46522e-06,-4.20152e-08,1.73886e-06,3.69898e-07,-1.87713e-06,1.12835,0,85,74,-5.99996,8.00009,-71,67.9999
-60,76,-6,-7.99999,-7.21178e-07,-3.07267e-07,3.88551e-07,-2.30367e-07,-7.98077e-07,1.19389,1.16865e-05,90,74,-6,7.99999,-66,68
-55,76,-5.99994,-8.00012,7.37611e-07,-1.50958e-07,-2.18945e-06,1.47477e-06,-8.88117e-07,-0.592632,0,95,74,-5.99994,8.00012,-60.9999,67.9999
-50,76,-6,-8,1.41844e-06,4.53839e-07,-3.65486e-06,2.82614e-06,-9.53864e-07,-0.656379,0,100,74,-6,8,-56,68
-45,76,-5.99991,-8.00011,8.86162e-07,1.11858e-06,-3.47373e-06,2.74312e-06,-7.38376e-07,-0.818802,0,105,74,-5.99991,8.00011,-50.9999,67.9999
-40,76,-5.99991,-8.0001,-1.59354e-07,1.15667e-06,-2.48671e-06,1.90539e-06,-9.08078e-07,-1.02877,0,110,74,-5.9999,8.0001,-45.9999,67.9999
-35,76,-5.99998,-8.00005,-1.00738e-06,7.53616e-07,-1.24559e-06,9.51612e-07,-1.20537e-06,-1.26298,0,115,74,-5.99998,8.00004,-41,68
-30,76,-6.00002,-8.00002,-1.00322e-06,6.80601e-07,-7.68782e-07,7.64201e-07,-1.08682e-06,-1.35664,1.18848e-05,120,74,-6.00001,8.00002,-36,68
-25,76,-6.00001,-8.00002,-8.33241e-08,7.61097e-07,-1.36109e-06,1.13976e-06,-4.6199e-07,-1.06304,1.019e-05,125,74,-6.00001,8.00002,-31,68
-20,76,-6,-8.00002,5.48219e-07,4.80282e-07,-1.7588e-06,1.39431e-06,-3.65804e-07,-0.766094,1.2352e-05,130,74,-6,8.00002,-26,68
-15,76,-5.99995,-8.00011,5.38258e-07,-3.35849e-08,-1.76854e-06,1.18168e-06,-6.7701e-07,-0.629033,0,135,74,-5.99996,8.00011,-21,67.9999
-10,76,-5.99998,-8,-7.672e-08,-7.03659e-07,-8.50864e-07,1.38257e-07,-9.18636e-07,-0.46789,0,140,74,-5.99998,8,-16,68
-5,76,-6,-7.99998,-9.15644e-07,-1.22305e-06,1.24238e-06,-4.29423e-07,-1.70927e-06,0.664118,0,145,74,-6,7.99998,-11,68
0,76,-5.99989,-8.00012,-1.39667e-06,-1.17353e-06,2.81869e-06,1.28654e-07,-2.69885e-06,0.824899,0,150,74,-5.9999,8.00012,-5.99989,67.9999
5,76,-5.99998,-8.00001,-1.27776e-06,-8.59299e-07,2.99598e-06,4.44002e-07,-2.58106e-06,0.854787,6.3235e-06,155,74,-5.99998,8.00001,-0.999985,68
10,76,-5.99998,-8,-8.51948e-07,-3.42501e-07,2.12779e-06,4.96737e-07,-1.69119e-06,0.902899,0,160,74,-5.99998,8,4.00002,68
15,76,-6,-7.99999,-4.3297e-07,1.20044e-07,5.04116e-07,2.17688e-07,-5.30614e-07,1.20121,0,165,74,-5.99999,7.99999,9,68
20,76,-5.99998,-8.00001,2.62603e-07,4.92297e-07,-1.04722e-06,9.13505e-07,-1.58605e-07,-0.893357,1.19842e-05,170,74,-5.99999,8.00001,14,68
25,76,-6,-8.00001,1.07784e-06,2.34537e-07,-1.05705e-06,1.3323e-06,-1.99235e-08,-0.448701,2.99275e-06,175,74,-6,8.00001,19,68
30,76,-6.00002,-8.00001,1.43746e-06,-1.59793e-08,-5.01275e-07,1.47947e-06,-5.79862e-08,-0.166057,1.01673e-05,180,74,-6.00002,8.00001,24,68
35,76,-5.99998,-8.00001,1.14479e-06,-2.29449e-07,-3.02229e-07,1.16121e-06,-2.4587e-07,-0.108239,1.12215e-05,185,74,-5.99999,8.00001,29,68
40,76,-5.99989,-8.00008,7.14754e-07,-3.70314e-07,-6.23232e-07,7.97878e-07,-4.53437e-07,-0.260681,0,190,74,-5.99989,8.00009,34.0001,67.9999
45,76,-6,-8,2.68107e-07,-3.17778e-07,-9.95902e-07,5.52893e-07,-6.02564e-07,-0.519513,3.70653e-06,195,74,-6,8,39,68
50,76,-5.99995,-8.00005,7.57927e-07,2.40734e-07,-1.58548e-06,1.33318e-06,-3.34521e-07,-0.627737,0,200,74,-5.99995,8.00006,44,67.9999
55,76,-5.99994,-8.00006,1.38211e-06,8.01905e-07,-9.74375e-07,1.65903e-06,5.24988e-07,-0.516859,0,205,74,-5.99993,8.00006,49.0001,67.9999
60,76,-6,-8.00002,9.97898e-07,1.40195e-06,3.53741e-08,1.40273e-06,9.97125e-07,1.52713,8.48432e-06,210,74,-6,8.00002,54,68
65,76,-5.99986,-8.00007,-1.40466e-07,1.77891e-06,6.01382e-07,1.82491e-06,-1.8647e-07,1.41898,0,215,74,-5.99987,8.00007,59.0001,67.9999
70,76,-5.99989,-8.00005,-1.64488e-06,1.44464e-06,1.07803e-06,1.53598e-06,-1.73622e-06,1.40293,0,220,74,-5.9999,8.00006,64.0001,67.9999
75,76,-5.99998,-8,-2.52742e-06,7.46171e-07,1.51778e-06,9.13542e-07,-2.69479e-06,1.35372,1.4982e-05,225,74,-5.99999,8,69,68
80,76,-5.99998,-8,-1.83825e-06,1.37138e-07,1.35036e-06,3.45857e-07,-2.04697e-06,1.27098,1.36412e-05,230,74,-5.99999,8,74,68
85,76,-5.99998,-8,-6.37501e-07,-3.11054e-07,1.12468e-06,1.1127e-07,-1.05983e-06,0.926646,1.22397e-05,235,74,-5.99998,8,79,68
90,76,-5.99998,-8,-1.9312e-07,-3.54111e-07,8.39866e-07,1.53963e-07,-7.01194e-07,0.690704,6.70495e-06,240,74,-5.99998,8,84,68
95,76,-5.99998,-8.00001,-5.00978e-08,-1.90344e-07,6.30572e-07,2.02769e-07,-4.43211e-07,0.675974,1.80668e-06,245,74,-5.99999,8.00001,89,68
100,76,-5.99998,-8,1.86613e-07,-1.57239e-07,8.95348e-07,4.9424e-07,-4.64865e-07,0.602061,0,250,74,-5.99998,8,94,68
105,76,-6,-7.99998,5.929e-07,-1.42189e-07,9.59152e-07,8.29576e-07,-3.78865e-07,0.458443,8.96548e-06,255,74,-6,7.99999,99,68
110,76,-5.99998,-7.99998,7.02729e-07,-5.58068e-08,-6.96995e-08,7.04327e-07,-5.74046e-08,-0.0458148,1.17737e-05,260,74,-5.99999,7.99998,104,68
115,76,-5.99997,-7.99997,1.1104e-06,-7.18543e-08,-1.8099e-06,1.60018e-06,-5.61635e-07,-0.496081,6.81521e-06,265,74,-5.99998,7.99997,109,68
120,76,-5.99997,-7.99998,2.84584e-06,-2.41099e-07,-3.36072e-06,3.58402e-06,-9.79276e-07,-0.413917,1.48613e-05,270,74,-5.99998,7.99997,114,68
125,76,-6,-7.99997,6.43798e-06,-7.07229e-07,-4.01607e-06,6.96363e-06,-1.23288e-06,-0.256029,1.99904e-05,275,74,-6,7.99997,119,68
130,76,-5.99997,-7.99998,1.15672e-05,-1.61352e-06,-2.68354e-06,1.17024e-05,-1.74872e-06,-0.100425,0,280,74,-5.99998,7.99997,124,68
-135,71,0,0,0,0,0,0,0,0,-1,15,79,0,0,-135,71
-130,71,-6,-8,0,0,0,0,0,0,-1,20,79,-6,8,-136,63
-125,71,-6.00001,-7.99999,-2.1193e-06,-2.47861e-07,-2.13253e-06,2.35042e-07,-2.60221e-06,-1.14554,3.22636e-06,25,79,-6.00001,7.99999,-131,63
-120,71,-6,-8.00001,-1.34053e-06,-2.19164e-07,-2.69278e-07,-2.03225e-07,-1.35647e-06,-1.45296,0,30,79,-6,8.00001,-126,63
-115,71,-5.99996,-8.00001,-9.34762e-07,-3.44133e-07,1.87554e-06,3.4372e-07,-1.62262e-06,0.937939,8.95771e-07,35,79,-5.99996,8.00001,-121,63
-110,71,-5.99996,-7.99999,-8.21605e-07,-2.8592e-07,2.55081e-06,7.49465e-07,-1.85699e-06,0.888897,8.97534e-06,40,79,-5.99996,7.99999,-116,63
-105,71,-6.00004,-8,-8.27273e-07,-1.56581e-07,1.84051e-06,4.87524e-07,-1.47138e-06,0.960123,0,45,79,-6.00004,8,-111,63
-100,71,-5.99998,-8.00001,-7.17355e-07,1.50535e-07,3.38762e-07,1.82421e-07,-7.49241e-07,1.38473,6.03319e-06,50,79,-5.99998,8.00001,-106,63
-95,71,-5.99998,-8.00001,-2.92969e-07,3.87983e-07,-5.40432e-07,4.8218e-07,-3.87166e-07,-1.23537,6.5405e-06,55,79,-5.99999,8,-101,63
-90,71,-6.00003,-8.00001,4.40436e-07,5.5586e-07,-1.10165e-06,1.05199e-06,-5.56938e-08,-0.837594,7.55615e-06,60,79,-6.00004,8.00001,-96,63
-85,71,-6,-8.00002,1.21389e-06,4.06364e-07,-1.42461e-06,1.62891e-06,-8.65333e-09,-0.527558,0,65,79,-6,8.00001,-91,63
-80,71,-5.99998,-8.00002,1.3679e-06,-2.94523e-07,-1.27256e-06,1.58347e-06,-5.10099e-07,-0.326669,8.35813e-06,70,79,-5.99999,8.00002,-86,63
-75,71,-5.9999,-8.0001,4.31845e-07,-1.12038e-06,3.12765e-07,4.47444e-07,-1.13598e-06,0.0994162,0,75,79,-5.9999,8.0001,-80.9999,62.9999
-70,71,-5.99998,-8.00001,-7.01724e-07,-1.40571e-06,2.49309e-06,2.41571e-07,-2.349e-06,0.647794,2.05766e-05,80,79,-5.99999,8.00001,-76,63
-65,71,-5.99998,-8.00001,-1.02196e-06,-1.41273e-06,3.07449e-06,3.32266e-07,-2.76696e-06,0.722188,8.00642e-06,85,79,-5.99999,8,-71,63
-60,71,-5.99998,-7.99995,-1.83785e-07,-9.513e-07,1.11899e-06,1.10914e-07,-1.246e-06,0.484798,9.79922e-06,90,79,-5.99998,7.99995,-66,63
-55,71,-5.99997,-7.99995,1.25884e-06,-6.83011e-07,-1.6311e-06,1.55591e-06,-9.80082e-07,-0.349321,0,95,79,-5.99997,7.99995,-61,63.0001
-50,71,-5.99996,-8.00007,1.89235e-06,-5.35672e-07,-3.11008e-06,2.65115e-06,-1.29447e-06,-0.453969,0,100,79,-5.99996,8.00007,-56,62.9999
-45,71,-5.99996,-8.00008,1.26468e-06,-4.39164e-07,-2.63142e-06,1.9802e-06,-1.15468e-06,-0.498091,0,105,79,-5.99996,8.00008,-51,62.9999
-40,71,-5.99994,-8.00005,-2.47573e-08,-5.30702e-07,-1.36851e-06,4.51792e-07,-1.00725e-06,-0.608338,0,110,79,-5.99994,8.00005,-45.9999,62.9999
-35,71,-5.99995,-8.00005,-1.02235e-06,-8.72577e-07,-2.74682e-07,-7.91032e-07,-1.10389e-06,-1.03499,0,115,79,-5.99995,8.00005,-40.9999,62.9999
-30,71,-5.99992,-8.00006,-8.99859e-07,-7.21459e-07,-3.68605e-07,-6.05905e-07,-1.01541e-06,-1.01078,0,120,79,-5.99992,8.00006,-35.9999,62.9999
-25,71,-5.99992,-8.00005,-4.01127e-08,-2.31008e-07,-1.34113e-06,5.41765e-07,-8.12886e-07,-0.714704,0,125,79,-5.99992,8.00004,-30.9999,63
-20,71,-5.99992,-8.00004,2.38401e-07,-1.40801e-08,-1.84836e-06,1.04492e-06,-8.20601e-07,-0.71752,0,130,79,-5.99992,8.00004,-25.9999,63
-15,71,-6,-8.00001,-2.21733e-07,-1.45072e-07,-1.58739e-06,6.11218e-07,-9.78024e-07,-0.809526,6.87618e-07,135,79,-6.00001,8.00001,-21,63
-10,71,-5.99992,-8.00006,-1.14164e-06,-1.01838e-06,-3.01543e-08,-1.01656e-06,-1.14346e-06,-1.45084,0,140,79,-5.99993,8.00006,-15.9999,62.9999
-5,71,-5.99992,-8.00009,-1.79832e-06,-1.68544e-06,2.11986e-06,-6.8045e-07,-2.80331e-06,0.811997,0,145,79,-5.99993,8.00009,-10.9999,62.9999
0,71,-5.99994,-8.00009,-1.58951e-06,-1.57739e-06,3.26702e-06,5.00705e-08,-3.21697e-06,0.787254,0,150,79,-5.99993,8.00009,-5.99994,62.9999
5,71,-6.00003,-7.99998,-9.54525e-07,-7.60229e-07,2.75094e-06,5.21518e-07,-2.23627e-06,0.820654,0,155,79,-6.00004,7.99998,-1.00003,63
10,71,-5.99998,-8,-3.9929e-07,-1.85432e-08,1.65127e-06,6.38382e-07,-1.05622e-06,0.898707,4.46889e-06,160,79,-5.99999,8,4.00002,63
15,71,-5.99997,-8,4.69592e-08,4.12771e-07,8.69423e-08,4.17866e-07,4.18643e-08,1.45413,7.5018e-06,165,79,-5.99998,8,9.00003,63
20,71,-6,-8,4.49418e-07,5.32846e-07,-1.18423e-06,1.08472e-06,-1.02452e-07,-0.820565,0,170,79,-6,8,14,63
25,71,-6,-8,8.73156e-07,4.4247e-07,-1.49647e-06,1.43642e-06,-1.20794e-07,-0.645284,0,175,79,-6,8,19,63
30,71,-6,-8.00001,1.21274e-06,4.01435e-07,-1.30464e-06,1.57525e-06,3.89239e-08,-0.507229,3.74915e-06,180,79,-6.00001,8,24,63
35,71,-6,-7.99999,1.05543e-06,2.73322e-07,-9.77698e-07,1.2904e-06,3.83599e-08,-0.448042,0,185,79,-6,7.99999,29,63
40,71,-6,-8,7.73288e-07,-7.47028e-08,-8.78926e-07,9.59948e-07,-2.61363e-07,-0.401655,8.38461e-06,190,79,-6,8,34,63
45,71,-5.99995,-8.00007,6.72466e-07,-3.7969e-07,-1.28973e-06,9.78621e-07,-6.85845e-07,-0.44325,0,195,79,-5.99996,8.00007,39,62.9999
50,71,-5.99997,-8.00006,1.09188e-06,-2.45488e-07,-2.02185e-06,1.63526e-06,-7.88873e-07,-0.493205,0,200,79,-5.99997,8.00006,44,62.9999
55,71,-5.99994,-8.00008,1.27784e-06,1.13746e-07,-1.39367e-06,1.60373e-06,-2.12147e-07,-0.437457,0,205,79,-5.99994,8.00008,49.0001,62.9999
60,71,-5.99991,-8.00011,6.93025e-07,6.49958e-07,1.22743e-07,7.36531e-07,6.06452e-07,0.616671,0,210,79,-5.9999,8.00011,54.0001,62.9999
65,71,-6,-8.00001,-5.53152e-07,9.53826e-07,1.69463e-06,1.33422e-06,-9.33546e-07,1.14882,0,215,79,-6,8.00001,59,63
70,71,-6,-8,-1.94617e-06,7.6884e-07,2.76301e-06,1.34818e-06,-2.52552e-06,1.17372,2.23855e-06,220,79,-6.00001,8,64,63
75,71,-5.99991,-8.00009,-2.47184e-06,4.36111e-07,2.83409e-06,1.01242e-06,-3.04816e-06,1.18453,0,225,79,-5.99991,8.00009,69.0001,62.9999
80,71,-6,-7.99999,-1.71304e-06,2.39087e-07,1.98927e-06,6.56578e-07,-2.13053e-06,1.17339,9.13369e-06,230,79,-6,7.99999,74,63
85,71,-6,-8,-6.63936e-07,1.29032e-07,1.20842e-06,4.55231e-07,-9.90134e-07,1.07576,8.52591e-06,235,79,-5.99999,8,79,63
90,71,-5.99998,-8.00001,-2.50401e-07,1.44985e-07,7.15306e-07,3.55946e-07,-4.61362e-07,1.03787,0,240,79,-5.99998,8.00001,84,63
95,71,-5.99997,-8.00001,-6.46003e-08,1.3894e-07,7.14592e-07,4.08677e-07,-3.34337e-07,0.924141,0,245,79,-5.99997,8.00001,89,63
100,71,-6,-8.00001,3.14962e-07,1.60037e-07,1.05685e-06,7.71573e-07,-2.96574e-07,0.712621,6.87435e-06,250,79,-6,8.00001,94,63
105,71,-5.99998,-7.99999,8.81551e-07,3.3638e-07,9.96151e-07,1.17675e-06,4.1179e-08,0.535023,1.46282e-05,255,79,-5.99998,7.99999,99,63
110,71,-5.99997,-7.99999,9.86592e-07,6.68405e-07,-2.75481e-08,9.87187e-07,6.6781e-07,-0.0431815,5.5087e-06,260,79,-5.99998,7.99999,104,63
115,71,-5.99997,-7.99998,1.18487e-06,6.86774e-07,-1.40024e-06,1.67891e-06,1.92726e-07,-0.614518,1.40773e-05,265,79,-5.99997,7.99999,109,63
120,71,-6,-8,2.69099e-06,2.69452e-07,-2.07405e-06,3.07439e-06,-1.1395e-07,-0.354128,1.4897e-05,270,79,-5.99999,8,114,63
125,71,-5.99994,-8.00008,6.17731e-06,-6.90775e-07,-1.40765e-06,6.24869e-06,-7.6216e-07,-0.101078,0,275,79,-5.99993,8.00008,119,62.9999
130,71,-5.99979,-8.0001,1.16244e-05,-1.8142e-06,1.3413e-06,1.16578e-05,-1.84758e-06,0.0497399,0,280,79,-5.99979,8.0001,124,62.9999
-135,66,0,0,0,0,0,0,0,0,-1,15,84,0,0,-135,66
-130,66,-5.99995,-8.00005,0,0,0,0,0,0,-1,20,84,-5.99995,8.00005,-136,57.9999
-125,66,-5.99989,-8.00003,1.3834e-06,-5.02946e-07,-2.72965e-06,2.09924e-06,-1.21879e-06,-0.483048,0,25,84,-5.99989,8.00003,-131,58
-120,66,-5.99998,-8.00001,-1.17456e-06,-1.26511e-07,-3.27252e-07,-1.01559e-07,-1.19951e-06,-1.41947,0,30,84,-5.99997,8.00001,-126,58
-115,66,-6.00001,-8,-1.73161e-06,-1.98987e-07,1.54213e-06,1.21795e-07,-2.05239e-06,1.17655,1.26003e-05,35,84,-6.00001,8,-121,58
-110,66,-6,-8,-1.33383e-06,-2.14094e-07,1.85634e-06,3.09989e-07,-1.85791e-06,1.05678,1.01311e-05,40,84,-6,8,-116,58
-105,66,-6,-8,-3.55491e-07,-2.65646e-07,8.56813e-07,1.20187e-07,-7.41323e-07,0.837637,4.64132e-06,45,84,-5.99999,8,-111,58
-100,66,-5.99999,-8,4.2885e-07,-7.96533e-08,-5.41028e-07,5.45842e-07,-1.96645e-07,-0.408189,1.22292e-05,50,84,-5.99999,8,-106,58
-95,66,-6.00002,-8.00001,8.19547e-07,1.31398e-07,-1.08717e-06,1.1188e-06,-1.67856e-07,-0.503242,4.69043e-06,55,84,-6.00002,8.00001,-101,58
-90,66,-5.99994,-8.00005,8.95483e-07,2.83136e-07,-9.97175e-07,1.1744e-06,4.21835e-09,-0.510044,0,60,84,-5.99993,8.00006,-95.9999,57.9999
-85,66,-5.99995,-8.00004,6.84435e-07,-1.84381e-09,-6.37329e-07,8.09582e-07,-1.2699e-07,-0.374217,0,65,84,-5.99995,8.00003,-90.9999,58
-80,66,-5.99994,-8.00004,3.25205e-07,-9.23675e-07,1.26411e-07,3.28396e-07,-9.26865e-07,0.0504381,0,70,84,-5.99994,8.00004,-85.9999,58
-75,66,-5.99999,-8.00004,-3.03197e-07,-1.94147e-06,1.44353e-06,-3.05761e-08,-2.21409e-06,0.361147,5.41036e-06,75,84,-5.99999,8.00004,-81,58
-70,66,-5.99994,-8.00008,-7.21323e-07,-2.04574e-06,2.88102e-06,2.01897e-07,-2.96896e-06,0.56995,0,80,84,-5.99994,8.00008,-75.9999,57.9999
-65,66,-5.99999,-8.00001,-5.3475e-07,-1.49332e-06,2.95944e-06,5.41372e-07,-2.56944e-06,0.628779,1.02856e-05,85,84,-5.99999,8,-71,58
-60,66,-5.99999,-8,2.85031e-07,-7.14212e-07,1.23561e-06,5.79955e-07,-1.00914e-06,0.445385,0,90,84,-5.99999,8,-66,58
-55,66,-5.99999,-7.99998,1.52722e-06,-7.02562e-07,-7.07419e-07,1.58198e-06,-7.57326e-07,-0.153608,5.80185e-06,95,84,-5.99999,7.99998,-61,58
-50,66,-5.99996,-8.00002,2.18097e-06,-1.21983e-06,-1.61837e-06,2.36369e-06,-1.40254e-06,-0.222083,5.28697e-06,100,84,-5.99996,8.00001,-56,58
-45,66,-5.99998,-7.99999,1.62686e-06,-1.59923e-06,-1.00739e-06,1.70367e-06,-1.67604e-06,-0.151335,1.00171e-05,105,84,-5.99998,8,-51,58
-40,66,-5.99999,-8.00001,1.89698e-07,-1.50641e-06,2.27401e-07,1.97286e-07,-1.51399e-06,0.066639,1.01355e-05,110,84,-5.99999,8.00001,-46,58
-35,66,-5.99991,-8.00006,-9.71952e-07,-1.12117e-06,8.05373e-07,-6.37024e-07,-1.4561e-06,0.693795,0,115,84,-5.99991,8.00006,-40.9999,57.9999
-30,66,-6,-7.99997,-5.56867e-07,-5.68549e-07,-2.21488e-08,-5.50188e-07,-5.75229e-07,-0.542727,1.09767e-05,120,84,-6,7.99997,-36,58
-25,66,-6,-8.00002,5.39722e-07,-1.15602e-08,-1.39078e-06,1.01211e-06,-4.83947e-07,-0.596706,7.6126e-06,125,84,-6,8.00002,-31,58
-20,66,-6,-8.00002,4.24473e-07,2.20962e-07,-1.79326e-06,1.2251e-06,-5.79669e-07,-0.728897,1.00617e-05,130,84,-6,8.00002,-26,58
-15,66,-5.99989,-8.00006,-1.01572e-06,1.36783e-07,-8.54006e-07,2.77747e-07,-1.15668e-06,-1.25194,0,135,84,-5.99989,8.00006,-20.9999,57.9999
-10,66,-6.00002,-7.99998,-2.61884e-06,-7.03886e-07,1.14057e-06,-5.46918e-07,-2.77581e-06,1.3022,3.28043e-06,140,84,-6.00002,7.99998,-16,58
-5,66,-6.00002,-7.99997,-2.92154e-06,-1.25599e-06,2.50568e-06,-5.84397e-07,-3.59313e-06,1.07872,3.89155e-06,145,84,-6.00002,7.99997,-11,58
0,66,-6.00003,-7.99998,-1.58198e-06,-1.16807e-06,2.49377e-06,-1.11079e-07,-2.63897e-06,0.867637,3.06557e-06,150,84,-6.00003,7.99999,-6.00003,58
5,66,-6.00003,-7.99999,-2.26026e-07,-3.56475e-07,1.41791e-06,4.207e-07,-1.0032e-06,0.739527,9.70335e-06,155,84,-6.00004,7.99999,-1.00003,58
10,66,-6,-8.00001,2.46994e-07,3.70855e-07,5.56251e-07,5.93861e-07,2.39872e-08,0.894946,1.66199e-05,160,84,-6,8,4,58
15,66,-6,-8.00002,5.45589e-07,7.25619e-07,-5.39892e-07,9.20163e-07,3.51046e-07,-0.946328,0,165,84,-6,8.00002,9,58
20,66,-6,-8.00001,8.46042e-07,7.12839e-07,-1.60228e-06,1.58334e-06,-2.44632e-08,-0.743927,0,170,84,-6,8.00001,14,58
25,66,-6,-8.00001,1.02894e-06,7.48887e-07,-2.14586e-06,1.97094e-06,-1.93116e-07,-0.720512,1.07266e-05,175,84,-6,8.00001,19,58
30,66,-5.99994,-8.00006,1.07987e-06,8.58113e-07,-1.99962e-06,1.97493e-06,-3.69511e-08,-0.730175,0,180,84,-5.99995,8.00006,24.0001,57.9999
35,66,-5.99994,-8.00005,7.85776e-07,8.07424e-07,-1.31425e-06,1.45381e-06,1.39388e-07,-0.793633,0,185,84,-5.99994,8.00006,29.0001,57.9999
40,66,-6.00002,-7.99999,6.59996e-07,4.86464e-07,-8.54926e-07,1.00941e-06,1.3705e-07,-0.685269,0,190,84,-6.00001,7.99999,34,58
45,66,-5.99997,-8,8.99976e-07,1.28112e-07,-1.33474e-06,1.28497e-06,-2.5688e-07,-0.523247,7.34679e-06,195,84,-5.99997,8,39,58
50,66,-5.99997,-8,1.24492e-06,-1.38038e-07,-2.14465e-06,1.82938e-06,-7.22498e-07,-0.499028,5.51603e-06,200,84,-5.99997,8,44,58
55,66,-6,-8,9.86342e-07,-1.81933e-07,-1.75515e-06,1.45641e-06,-6.52002e-07,-0.491756,6.83815e-06,205,84,-5.99999,8,49,58
60,66,-6,-8.00001,8.74053e-08,4.31227e-08,-2.05632e-07,1.70437e-07,-3.99092e-08,-0.679343,5.70668e-06,210,84,-6.00001,8.00001,54,58
65,66,-5.99991,-8.00009,-1.14831e-06,2.90976e-07,1.64656e-06,6.64805e-07,-1.52214e-06,1.14456,0,215,84,-5.99991,8.00009,59.0001,57.9999
70,66,-6.00002,-8,-2.13283e-06,5.21765e-07,2.70325e-06,1.08883e-06,-2.69989e-06,1.17356,3.5851e-06,220,84,-6.00002,8,64,58
75,66,-6,-8,-2.16943e-06,7.81816e-07,2.3279e-06,1.18562e-06,-2.57323e-06,1.23686,1.19773e-05,225,84,-5.99999,8,69,58
80,66,-6.00002,-8,-1.28831e-06,8.82174e-07,1.2258e-06,1.04328e-06,-1.44943e-06,1.31375,0,230,84,-6.00001,8,74,58
85,66,-6.00002,-8,-4.24679e-07,8.96941e-07,3.9548e-07,9.25892e-07,-4.53631e-07,1.42542,9.13285e-06,235,84,-6.00001,8,79,58
90,66,-5.99998,-7.99999,-2.92218e-07,8.44057e-07,2.36251e-07,8.56207e-07,-3.04368e-07,1.4683,0,240,84,-5.99999,7.99999,84,58
95,66,-6,-8,-2.17918e-07,7.66887e-07,5.27708e-07,8.33125e-07,-2.84156e-07,1.32484,8.34031e-06,245,84,-6,8,89,58
100,66,-6,-8.00001,2.76358e-07,7.76348e-07,8.97065e-07,1.03985e-06,1.28558e-08,1.03964,0,250,84,-5.99999,8.00001,94,58
105,66,-6,-8.00002,1.0586e-06,9.6133e-07,5.71814e-07,1.29998e-06,7.19952e-07,0.701149,8.97181e-06,255,84,-5.99999,8.00002,99,58
110,66,-5.99997,-8,1.21741e-06,1.29225e-06,-4.70219e-07,1.4929e-06,1.01676e-06,-0.864316,1.32497e-05,260,84,-5.99998,8,104,58
115,66,-5.99997,-7.99999,1.04671e-06,1.36843e-06,-1.5216e-06,1.98519e-06,4.29955e-07,-0.889581,1.4021e-05,265,84,-5.99998,7.99999,109,58
120,66,-5.99997,-8.00002,1.95261e-06,9.6399e-07,-1.73081e-06,2.45493e-06,4.61674e-07,-0.525914,8.96682e-06,270,84,-5.99998,8.00001,114,58
125,66,-6,-7.99999,4.8661e-06,-1.88759e-08,-7.84079e-07,4.89736e-06,-5.01389e-08,-0.0795754,1.59949e-05,275,84,-6.00001,7.99999,119,58
130,66,-6,-7.99999,1.05208e-05,-1.04664e-06,1.16628e-06,1.05502e-05,-1.07596e-06,0.0502424,0,280,84,-6,8,124,58
-135,61,0,0,0,0,0,0,0,0,-1,15,89,0,0,-135,61
-130,61,-6,-7.99999,0,0,0,0,0,0,-1,20,89,-6,8,-136,53
-125,61,-6.00001,-8,6.54205e-06,8.94722e-07,-3.43219e-06,7.02264e-06,4.14137e-07,-0.273051,0,25,89,-6,8,-131,53
-120,61,-5.99989,-8.00005,6.23514e-07,5.22655e-07,-4.16898e-07,7.87547e-07,3.58622e-07,-0.666714,0,30,89,-5.99989,8.00004,-126,53
-115,61,-6.00002,-8,-1.21104e-06,8.38519e-08,9.2724e-07,2.32729e-07,-1.35992e-06,1.26008,0,35,89,-6.00002,8,-121,53
-110,61,-6,-8.00001,-1.26027e-06,-1.94425e-07,7.92571e-07,-6.32327e-08,-1.39147e-06,1.2511,0,40,89,-5.99999,8,-116,53
-105,61,-5.99999,-8.00001,-2.37597e-07,-3.49552e-07,-3.60574e-07,-1.04798e-07,-4.82352e-07,-0.634871,1.00346e-05,45,89,-5.99999,8,-111,53
-100,61,-6,-8,6.2605e-07,-3.68607e-07,-1.27409e-06,9.36906e-07,-6.79462e-07,-0.453974,4.79221e-06,50,89,-6,8,-106,53
-95,61,-5.99995,-8.00008,9.44055e-07,-3.21778e-07,-1.20134e-06,1.18372e-06,-5.61439e-07,-0.379633,0,55,89,-5.99995,8.00008,-101,52.9999
-90,61,-6,-8.00004,8.94848e-07,-3.31928e-07,-3.65652e-07,9.21514e-07,-3.58595e-07,-0.144838,1.20561e-05,60,89,-6,8.00004,-96,53
-85,61,-5.99995,-8.00004,3.8272e-07,-6.41135e-07,4.83348e-07,4.36899e-07,-6.95313e-07,0.220534,0,65,89,-5.99995,8.00004,-91,53
-80,61,-5.99998,-8,-2.50515e-07,-1.30425e-06,1.3474e-06,7.78717e-08,-1.63264e-06,0.453548,7.03349e-06,70,89,-5.99998,8,-86,53
-75,61,-5.99999,-8.00001,-6.76998e-07,-1.8625e-06,1.87407e-06,-1.60973e-07,-2.37853e-06,0.503381,0,75,89,-5.99999,8,-81,53
-70,61,-6,-8,-6.69988e-07,-1.64842e-06,2.29055e-06,8.61819e-08,-2.40459e-06,0.583549,1.16399e-05,80,89,-6,8,-76,53
-65,61,-6,-8.00001,-2.6586e-07,-7.38541e-07,1.93879e-06,4.95589e-07,-1.49999e-06,0.66583,1.53427e-05,85,89,-6,8.00001,-71,53
-60,61,-5.99999,-8.00002,3.61356e-07,-1.12094e-07,9.81199e-07,6.69358e-07,-4.20095e-07,0.560615,8.32998e-06,90,89,-5.99999,8.00002,-66,53
-55,61,-5.99998,-7.99998,1.36837e-06,-4.31055e-07,1.63919e-07,1.37209e-06,-4.34781e-07,0.0454224,6.27541e-06,95,89,-5.99998,7.99999,-61,53
-50,61,-5.99997,-8.0001,2.09602e-06,-1.30102e-06,-2.57997e-07,2.10091e-06,-1.30591e-06,-0.037901,0,100,89,-5.99997,8.0001,-56,52.9999
-45,61,-5.99992,-8.00005,1.85381e-06,-1.74656e-06,-7.69295e-08,1.85422e-06,-1.74697e-06,-0.0106819,0,105,89,-5.99992,8.00004,-50.9999,53
-40,61,-5.99984,-8.00005,7.30105e-07,-1.46907e-06,4.82806e-07,7.56291e-07,-1.49526e-06,0.108056,0,110,89,-5.99984,8.00004,-45.9998,53
-35,61,-6.00003,-8.00002,-3.40129e-07,-4.07177e-07,4.96886e-07,-1.22959e-07,-6.24348e-07,0.718335,3.23918e-06,115,89,-6.00003,8.00002,-41,53
-30,61,-5.99991,-8.00005,2.0523e-08,3.48561e-07,-8.84681e-08,3.54421e-07,1.46629e-08,-1.43909,0,120,89,-5.99991,8.00005,-35.9999,52.9999
-25,61,-6,-8.00001,9.17033e-07,6.75095e-07,-5.53351e-07,1.09803e-06,4.94099e-07,-0.579309,1.96789e-05,125,89,-6,8.00001,-31,53
-20,61,-5.99988,-8.00007,3.453e-07,4.71649e-07,-1.34046e-07,5.00578e-07,3.16371e-07,-1.16332,0,130,89,-5.99988,8.00007,-25.9999,52.9999
-15,61,-5.99989,-8.00006,-1.6394e-06,8.89126e-08,1.10613e-06,2.50741e-07,-1.80123e-06,1.28614,0,135,89,-5.9999,8.00006,-20.9999,52.9999
-10,61,-6,-7.99999,-3.37173e-06,-3.6766e-07,2.22817e-06,4.09727e-10,-3.7398e-06,1.25171,2.16122e-06,140,89,-6,7.99999,-16,53
-5,61,-6,-8.00001,-3.30317e-06,-3.18557e-07,1.94678e-06,-2.91598e-08,-3.59257e-06,1.28181,0,145,89,-5.99999,8.00001,-11,53
0,61,-6.00003,-8,-1.37955e-06,-4.25048e-08,8.00501e-07,6.81538e-08,-1.49021e-06,1.30106,6.66513e-06,150,89,-6.00004,8,-6.00003,53
5,61,-6,-8.00002,3.4705e-07,3.5018e-07,-3.05299e-07,5.01273e-07,1.95958e-07,-0.790524,0,155,89,-6,8.00002,-1,53
10,61,-5.99998,-8.00002,7.49898e-07,6.85508e-07,-7.23531e-07,1.0809e-06,3.54508e-07,-0.741019,2.60272e-06,160,89,-5.99999,8.00002,4.00002,53
15,61,-5.99998,-8.00002,9.52199e-07,8.44514e-07,-1.26141e-06,1.53135e-06,2.65358e-07,-0.742817,0,165,89,-5.99999,8.00001,9.00002,53
20,61,-6,-8.00001,1.16857e-06,9.20187e-07,-2.06117e-06,2.08242e-06,6.33634e-09,-0.725435,1.28368e-05,170,89,-6,8.00001,14,53
25,61,-6,-7.99999,1.09074e-06,1.00118e-06,-2.45571e-06,2.27463e-06,-1.82715e-07,-0.767172,1.04775e-05,175,89,-6,8,19,53
30,61,-5.99995,-8.00002,8.13984e-07,1.12332e-06,-2.17669e-06,2.06794e-06,-1.30629e-07,-0.855983,0,180,89,-5.99995,8.00002,24,53
35,61,-5.99997,-8.00004,3.50208e-07,1.09351e-06,-1.2584e-06,1.45262e-06,-8.90344e-09,-1.05217,0,185,89,-5.99996,8.00004,29,53
40,61,-5.99997,-8.00005,4.43618e-07,9.21657e-07,-8.43318e-07,1.16733e-06,1.97946e-07,-1.04324,0,190,89,-5.99997,8.00005,34,53
45,61,-5.99997,-8,1.03609e-06,6.5701e-07,-1.3485e-06,1.54693e-06,1.46167e-07,-0.648378,8.40689e-06,195,89,-5.99998,8,39,53
50,61,-5.99998,-8.00002,1.34312e-06,1.37993e-07,-1.98873e-06,1.90324e-06,-4.22132e-07,-0.512997,0,200,89,-5.99998,8.00002,44,53
55,61,-5.99991,-8.00007,7.86257e-07,-4.50261e-07,-1.54051e-06,1.15569e-06,-8.19693e-07,-0.447215,0,205,89,-5.99991,8.00007,49.0001,52.9999
60,61,-5.99992,-8.00007,-3.16306e-07,-6.68719e-07,-2.6892e-07,-2.70863e-07,-7.14161e-07,-0.32591,0,210,89,-5.99992,8.00007,54.0001,52.9999
65,61,-5.99992,-8.00008,-1.40647e-06,-4.74336e-07,1.14213e-06,-2.03293e-07,-1.67752e-06,1.12765,0,215,89,-5.99993,8.00008,59.0001,52.9999
70,61,-5.99992,-8.00005,-1.8088e-06,1.76711e-07,1.57342e-06,4.50633e-07,-2.08272e-06,1.23574,0,220,89,-5.99992,8.00006,64.0001,52.9999
75,61,-6,-8.00002,-1.51753e-06,9.40161e-07,9.13926e-07,1.02237e-06,-1.59974e-06,1.39279,9.39424e-06,225,89,-6,8.00002,69,53
80,61,-6,-8.00001,-1.02548e-06,1.30209e-06,8.24854e-08,1.30282e-06,-1.02621e-06,1.55308,6.55618e-06,230,89,-6,8.00001,74,53
85,61,-5.99995,-8.00003,-7.54482e-07,1.31805e-06,-2.52312e-07,1.3257e-06,-7.62133e-07,-1.51022,0,235,89,-5.99995,8.00003,79,53
90,61,-5.99998,-8.00001,-8.978e-07,1.24485e-06,4.46315e-08,1.24508e-06,-8.98032e-07,1.56038,9.1581e-06,240,89,-5.99998,8.00001,84,53
95,61,-6,-8,-6.4002e-07,1.18883e-06,5.1365e-07,1.22421e-06,-6.75401e-07,1.43389,6.02796e-06,245,89,-6,8,89,53
100,61,-6.00002,-7.99998,3.6851e-07,1.13098e-06,8.38972e-07,1.31658e-06,1.82904e-07,1.15423,2.82998e-06,250,89,-6.00001,7.99998,94,53
105,61,-6.00002,-7.99998,1.56357e-06,1.21058e-06,1.7978e-07,1.58514e-06,1.18901e-06,0.235533,1.07905e-05,255,89,-6.00002,7.99998,99,53
110,61,-5.99997,-8,1.70594e-06,1.32676e-06,-8.71002e-07,1.99133e-06,1.04137e-06,-0.5801,6.58718e-06,260,89,-5.99997,8,104,53
115,61,-5.99997,-8,1.0417e-06,1.32984e-06,-1.62843e-06,2.01263e-06,3.58904e-07,-0.872964,8.77127e-06,265,89,-5.99998,8,109,53
120,61,-5.99997,-8.00003,1.10061e-06,1.01026e-06,-1.58182e-06,1.84763e-06,2.63233e-07,-0.756871,0,270,89,-5.99996,8.00003,114,53
125,61,-6,-7.99999,2.96701e-06,2.98212e-07,-7.82522e-07,3.02318e-06,2.42033e-07,-0.142609,7.11774e-06,275,89,-5.99999,7.99999,119,53
130,61,-6,-8,8.2174e-06,-3.40422e-07,-3.4403e-07,8.22086e-06,-3.43878e-07,-0.0200895,8.42076e-06,280,89,-5.99999,8,124,53
-135,56,0,0,0,0,0,0,0,0,-1,15,94,0,0,-135,56
-130,56,-6,-7.99996,0,0,0,0,0,0,-1,20,94,-6,7.99997,-136,48
-125,56,-6,-7.99997,8.81975e-06,2.24118e-06,-2.37164e-06,9.02698e-06,2.03396e-06,-0.173003,0,25,94,-6,7.99997,-131,48
-120,56,-5.99992,-8.00007,1.71254e-06,1.27617e-06,6.87389e-07,1.90145e-06,1.08725e-06,0.502584,0,30,94,-5.99992,8.00007,-126,47.9999
-115,56,-6,-8.00002,-6.20167e-07,5.28039e-07,1.30865e-06,8.24415e-07,-9.16543e-07,1.14549,6.74105e-06,35,94,-6,8.00001,-121,48
-110,56,-5.99999,-8,-1.04316e-06,-2.7225e-08,6.78746e-07,7.57128e-08,-1.1461e-06,1.2763,0,40,94,-5.99999,8,-116,48
-105,56,-5.99998,-8,-2.46259e-07,-3.48211e-07,-6.5685e-07,3.51225e-08,-6.29593e-07,-0.708405,7.18134e-06,45,94,-5.99998,8,-111,48
-100,56,-6,-8,5.79062e-07,-5.21456e-07,-1.47384e-06,9.48498e-07,-8.90892e-07,-0.464705,0,50,94,-6,8,-106,48
-95,56,-5.99999,-8.00001,8.79925e-07,-4.88675e-07,-1.31556e-06,1.14481e-06,-7.53555e-07,-0.382821,1.45006e-05,55,94,-5.99999,8,-101,48
-90,56,-5.99999,-8,6.85771e-07,-4.68963e-07,-2.63763e-07,7.00642e-07,-4.83834e-07,-0.112283,8.81746e-06,60,94,-5.99999,8,-96,48
-85,56,-6,-8.00001,-8.81841e-08,-6.46609e-07,9.15353e-07,1.68726e-07,-9.03519e-07,0.511505,1.22231e-05,65,94,-6,8.00001,-91,48
-80,56,-6,-8.00001,-7.63047e-07,-1.04254e-06,1.63843e-06,-7.17446e-08,-1.73384e-06,0.700919,9.6071e-06,70,94,-6,8,-86,48
-75,56,-5.99999,-8,-8.03377e-07,-1.33088e-06,1.519e-06,-2.63137e-07,-1.87112e-06,0.618277,4.20492e-06,75,94,-5.99999,8,-81,48
-70,56,-5.99999,-8.00001,-3.82121e-07,-1.18816e-06,1.14428e-06,-8.53043e-08,-1.48497e-06,0.478561,8.81996e-06,80,94,-5.99999,8.00001,-76,48
-65,56,-5.99998,-8.00002,-1.85495e-08,-5.02828e-07,8.02922e-07,2.08142e-07,-7.2952e-07,0.514034,0,85,94,-5.99998,8.00002,-71,48
-60,56,-5.99998,-8.00002,1.84067e-07,-2.60581e-07,7.67767e-07,4.05358e-07,-4.81872e-07,0.522927,8.35073e-06,90,94,-5.99998,8.00002,-66,48
-55,56,-6,-8.00001,1.00506e-06,-6.48644e-07,7.16021e-07,1.07924e-06,-7.22823e-07,0.204305,0,95,94,-6,8.00001,-61,48
-50,56,-5.99999,-7.99999,1.96504e-06,-1.20846e-06,2.36142e-07,1.96942e-06,-1.21284e-06,0.0371369,6.16465e-06,100,94,-6,7.99999,-56,48
-45,56,-6,-8.00001,1.99342e-06,-1.29917e-06,-6.71143e-08,1.99376e-06,-1.29952e-06,-0.0101903,4.02061e-06,105,94,-6,8.00001,-51,48
-40,56,-5.99998,-8.00003,1.08128e-06,-9.62817e-07,1.09963e-08,1.08129e-06,-9.62832e-07,0.00268974,0,110,94,-5.99998,8.00003,-46,48
-35,56,-5.99992,-8.00005,-2.98687e-08,-7.6113e-08,5.33395e-08,-1.76934e-08,-8.82883e-08,0.428263,0,115,94,-5.99992,8.00005,-40.9999,47.9999
-30,56,-6,-8,-5.70962e-09,3.01857e-07,1.09256e-07,3.11271e-07,-1.51242e-08,1.40013,1.11505e-05,120,94,-6,8,-36,48
-25,56,-5.99998,-8,6.9108e-07,1.52189e-07,6.77988e-07,8.54668e-07,-1.13988e-08,0.449605,0,125,94,-5.99998,8,-31,48
-20,56,-6,-7.99999,1.30219e-07,-3.22825e-07,1.92234e-06,8.912e-07,-1.08381e-06,0.669674,0,130,94,-6,8,-26,48
-15,56,-5.99985,-8.00013,-1.56328e-06,-7.07273e-07,3.09331e-06,4.69508e-07,-2.74006e-06,0.920384,0,135,94,-5.99984,8.00013,-20.9998,47.9999
-10,56,-5.99992,-8.00007,-2.76387e-06,-5.14879e-07,2.88349e-06,1.89043e-07,-3.46779e-06,1.1166,0,140,94,-5.99992,8.00007,-15.9999,47.9999
-5,56,-6.00003,-7.99999,-2.50165e-06,2.31076e-07,1.16238e-06,3.49547e-07,-2.62012e-06,1.36971,1.31083e-05,145,94,-6.00004,7.99999,-11,48
0,56,-5.99998,-8.00001,-8.81161e-07,7.71475e-07,-5.05779e-07,8.09307e-07,-9.18993e-07,-1.4223,0,150,94,-5.99999,8,-5.99998,48
5,56,-6,-8,5.60067e-07,7.31835e-07,-1.17645e-06,1.24042e-06,5.14873e-08,-0.857888,0,155,94,-5.99999,8,-1,48
10,56,-6,-8,8.26869e-07,5.80501e-07,-1.20025e-06,1.31632e-06,9.10455e-08,-0.684172,1.28207e-06,160,94,-6,8,4,48
15,56,-5.99998,-8,1.05598e-06,5.80232e-07,-1.63963e-06,1.67173e-06,-3.5524e-08,-0.644198,3.30713e-06,165,94,-5.99999,8,9.00002,48
20,56,-5.99998,-7.99999,1.20468e-06,8.14808e-07,-2.32862e-06,2.19026e-06,-1.70772e-07,-0.702454,1.56094e-05,170,94,-5.99998,7.99999,14,48
25,56,-5.99997,-8.00004,9.16929e-07,9.58048e-07,-2.3661e-06,2.12072e-06,-2.45739e-07,-0.794086,0,175,94,-5.99996,8.00004,19,48
30,56,-5.99995,-8.00003,5.45751e-07,9.47655e-07,-1.81371e-06,1.67555e-06,-1.82149e-07,-0.894432,1.02051e-05,180,94,-5.99995,8.00003,24,48
35,56,-6,-8,2.46931e-07,8.57569e-07,-9.05858e-07,1.09848e-06,6.02307e-09,-1.08196,9.88698e-06,185,94,-6,8,29,48
40,56,-5.99995,-8.00005,6.22616e-07,8.03675e-07,-7.92631e-07,1.11967e-06,3.06622e-07,-0.897685,0,190,94,-5.99996,8.00006,34,47.9999
45,56,-5.99994,-8.00006,1.14723e-06,6.34613e-07,-1.05353e-06,1.47674e-06,3.05112e-07,-0.558973,0,195,94,-5.99994,8.00006,39.0001,47.9999
50,56,-5.99994,-8.00006,1.0024e-06,1.1551e-07,-1.11456e-06,1.27113e-06,-1.53228e-07,-0.449333,0,200,94,-5.99993,8.00006,44.0001,47.9999
55,56,-5.99991,-8.00007,2.23748e-07,-7.13036e-07,-4.0972e-07,2.66588e-07,-7.55877e-07,-0.20615,0,205,94,-5.9999,8.00007,49.0001,47.9999
60,56,-6.00002,-8,-7.21446e-07,-1.13728e-06,3.34553e-07,-6.62509e-07,-1.19621e-06,0.338753,0,210,94,-6.00001,8,54,48
65,56,-5.99994,-8.00006,-1.37662e-06,-8.72853e-07,8.12052e-07,-6.46927e-07,-1.60255e-06,1.06303,0,215,94,-5.99993,8.00006,59.0001,47.9999
70,56,-5.99998,-8.00002,-1.13755e-06,-1.18046e-07,5.29055e-07,-5.34965e-08,-1.2021e-06,1.33146,5.92536e-06,220,94,-5.99998,8.00001,64,48
75,56,-5.99995,-8.00005,-7.29604e-07,6.18397e-07,1.1255e-07,6.20742e-07,-7.31949e-07,1.52915,0,225,94,-5.99996,8.00005,69,47.9999
80,56,-5.99995,-8.00005,-8.16379e-07,9.89218e-07,-9.91755e-08,9.90579e-07,-8.1774e-07,-1.54336,0,230,94,-5.99995,8.00005,74,48
85,56,-6,-8.00001,-1.22181e-06,9.42954e-07,-7.06441e-09,9.4296e-07,-1.22182e-06,-1.56916,5.3204e-06,235,94,-6.00001,8.00001,79,48
90,56,-5.99998,-8,-1.63422e-06,9.18565e-07,3.16631e-07,9.28345e-07,-1.644e-06,1.50909,0,240,94,-5.99998,8,84,48
95,56,-5.99995,-8.00005,-1.16935e-06,1.03107e-06,6.21547e-07,1.07412e-06,-1.2124e-06,1.43315,0,245,94,-5.99995,8.00004,89,48
100,56,-6,-8.00002,3.81158e-07,1.07338e-06,7.61258e-07,1.24173e-06,2.12806e-07,1.15437,0,250,94,-6,8.00002,94,48
105,56,-5.99998,-8.00002,1.90884e-06,1.17586e-06,1.05243e-07,1.9126e-06,1.1721e-06,0.071303,6.74088e-06,255,94,-5.99998,8.00002,99,48
110,56,-5.99998,-8,1.96856e-06,1.05198e-06,-5.43378e-07,2.04304e-06,9.77495e-07,-0.267565,8.3386e-06,260,94,-5.99999,8,104,48
115,56,-5.99997,-8.00001,1.05999e-06,7.77771e-07,-8.57335e-07,1.37018e-06,4.67586e-07,-0.626391,3.97899e-06,265,94,-5.99998,8.00001,109,48
120,56,-5.99994,-8.00004,7.83405e-07,4.43098e-07,-9.47028e-07,1.11641e-06,1.10093e-07,-0.612912,0,270,94,-5.99994,8.00004,114,48
125,56,-6,-8.00002,2.23609e-06,2.03193e-07,-1.28083e-06,2.42102e-06,1.82683e-08,-0.281111,1.0273e-05,275,94,-5.99999,8.00002,119,48
130,56,-5.99988,-8.00007,7.65867e-06,4.65257e-07,-3.74016e-06,8.11579e-06,8.13907e-09,-0.239737,0,280,94,-5.99987,8.00007,124,47.9999
-135,51,0,0,0,0,0,0,0,0,-1,15,99,0,0,-135,51
-130,51,-6.00002,-8.00004,0,0,0,0,0,0,-1,20,99,-6.00002,8.00004,-136,43
-125,51,-6.00001,-8.00005,8.32643e-06,1.85908e-06,-1.52914e-06,8.41559e-06,1.76992e-06,-0.116088,2.50627e-06,25,99,-6.00001,8.00004,-131,43
-120,51,-5.99999,-8,2.26252e-06,1.43275e-06,1.49114e-06,2.70087e-06,9.94406e-07,0.531501,0,30,99,-5.99999,8,-126,43
-115,51,-6,-7.99998,-5.82264e-08,8.84896e-07,1.99726e-06,1.5177e-06,-6.91034e-07,1.00598,1.08388e-05,35,99,-6,7.99998,-121,43
-110,51,-5.99998,-7.99998,-8.06446e-07,3.04145e-07,1.26421e-06,5.90225e-07,-1.09253e-06,1.1458,0,40,99,-5.99999,7.99998,-116,43
-105,51,-5.99999,-7.99999,-3.62085e-07,-1.72641e-07,-3.2434e-07,-7.95562e-08,-4.5517e-07,-1.04972,0,45,99,-5.99999,7.99999,-111,43
-100,51,-6,-8,4.64825e-07,-3.7038e-07,-1.62886e-06,9.62477e-07,-8.68033e-07,-0.548499,1.32714e-05,50,99,-6,8,-106,43
-95,51,-6,-8.00002,8.58372e-07,-2.86488e-07,-1.87203e-06,1.38312e-06,-8.11236e-07,-0.51096,9.59505e-06,55,99,-6,8.00001,-101,43
-90,51,-6.00004,-8.00002,5.75097e-07,-2.07578e-07,-9.08119e-07,7.83189e-07,-4.1567e-07,-0.429728,0,60,99,-6.00004,8.00001,-96,43
-85,51,-5.99993,-8.00004,-3.28789e-07,-2.68042e-07,4.91089e-07,-5.09993e-08,-5.45831e-07,0.846935,0,65,99,-5.99993,8.00004,-90.9999,43
-80,51,-6,-8,-1.02498e-06,-4.65433e-07,1.26255e-06,-5.47144e-08,-1.4357e-06,0.993985,0,70,99,-6,8,-86,43
-75,51,-6,-8.00001,-8.8607e-07,-7.03325e-07,1.07178e-06,-2.51075e-07,-1.33832e-06,0.86984,7.37544e-06,75,99,-6,8,-81,43
-70,51,-6,-8.00001,-2.89359e-07,-8.16596e-07,4.71159e-07,-1.99435e-07,-9.0652e-07,0.364644,0,80,99,-6,8.00001,-76,43
-65,51,-5.99999,-8,3.33373e-08,-7.26502e-07,3.55083e-07,7.27742e-08,-7.65939e-07,0.218579,1.0284e-05,85,99,-5.99999,8,-71,43
-60,51,-5.99999,-8.00001,4.55505e-08,-8.29152e-07,6.43464e-07,1.51143e-07,-9.34744e-07,0.317123,0,90,99,-5.99999,8.00001,-66,43
-55,51,-6,-8.00001,7.77085e-07,-1.10629e-06,5.57464e-07,8.1747e-07,-1.14667e-06,0.143888,0,95,99,-6,8.00001,-61,43
-50,51,-6,-7.99998,1.76968e-06,-1.20424e-06,-2.24889e-07,1.77393e-06,-1.20849e-06,-0.0377384,1.29788e-06,100,99,-6,7.99998,-56,43
-45,51,-5.99999,-8,1.86739e-06,-1.103e-06,-5.78991e-07,1.89534e-06,-1.13095e-06,-0.0962535,2.92863e-06,105,99,-5.99999,8,-51,43
-40,51,-6,-8,1.18359e-06,-8.34195e-07,-4.37837e-07,1.20707e-06,-8.57673e-07,-0.106838,0,110,99,-6,8,-46,43
-35,51,-5.99995,-8.00009,2.25892e-07,-5.89712e-07,1.63159e-07,2.33972e-07,-5.97792e-07,0.0987204,0,115,99,-5.99994,8.00009,-40.9999,42.9999
-30,51,-5.99997,-8,-2.04872e-07,-6.88924e-07,9.87864e-07,1.03144e-07,-9.96939e-07,0.557591,0,120,99,-5.99997,8,-36,43
-25,51,-5.99986,-8.00023,-3.63295e-08,-1.28904e-06,2.21728e-06,6.10659e-07,-1.93603e-06,0.528264,0,125,99,-5.99985,8.00023,-30.9999,42.9998
-20,51,-5.99999,-8.00001,-4.4351e-07,-1.77902e-06,3.50291e-06,7.63168e-07,-2.98569e-06,0.603276,7.08241e-06,130,99,-5.99999,8.00001,-26,43
-15,51,-5.99998,-8.00001,-1.25174e-06,-1.94285e-06,3.93143e-06,3.98563e-07,-3.59315e-06,0.698392,7.93848e-06,135,99,-5.99998,8.00001,-21,43
-10,51,-6,-8,-1.47659e-06,-1.32262e-06,2.74114e-06,-2.68764e-08,-2.77234e-06,0.813454,0,140,99,-6.00001,8,-16,43
-5,51,-6,-8.00001,-1.13817e-06,-3.63749e-07,9.61505e-07,-1.33663e-07,-1.36825e-06,1.12442,0,145,99,-6,8,-11,43
0,51,-5.99991,-8.00011,-3.08712e-07,2.72876e-07,-1.9932e-09,2.72877e-07,-3.08713e-07,-1.56908,0,150,99,-5.99991,8.00012,-5.99991,42.9999
5,51,-6,-8,5.88052e-07,1.51495e-07,-8.76344e-08,5.92406e-07,1.4714e-07,-0.0990534,1.27903e-05,155,99,-6,8,-1,43
10,51,-5.99997,-8.00008,8.88993e-07,-7.74429e-08,-2.8668e-07,9.09804e-07,-9.82547e-08,-0.144184,0,160,99,-5.99996,8.00007,4.00003,42.9999
15,51,-5.99997,-8.00001,1.14101e-06,5.43659e-09,-1.18458e-06,1.39371e-06,-2.4726e-07,-0.40326,1.107e-05,165,99,-5.99996,8,9.00003,43
20,51,-5.99995,-8.00005,1.01347e-06,3.646e-07,-1.97125e-06,1.72669e-06,-3.48611e-07,-0.626399,0,170,99,-5.99996,8.00005,14,42.9999
25,51,-5.99995,-8.00004,4.38502e-07,6.8898e-07,-1.90619e-06,1.52503e-06,-3.97548e-07,-0.850725,0,175,99,-5.99996,8.00004,19,43
30,51,-5.99995,-8.00004,1.7249e-07,6.07966e-07,-1.37036e-06,1.10917e-06,-3.28717e-07,-0.939243,0,180,99,-5.99996,8.00004,24,43
35,51,-5.99997,-8.00006,2.85567e-07,3.41682e-07,-6.7013e-07,6.49862e-07,-2.26131e-08,-0.82717,0,185,99,-5.99997,8.00006,29,42.9999
40,51,-5.99995,-8.00006,8.17595e-07,1.19301e-07,-5.83924e-07,9.2358e-07,1.33158e-08,-0.348218,0,190,99,-5.99996,8.00006,34,42.9999
45,51,-6,-8.00002,1.09818e-06,-1.6891e-07,-3.22778e-07,1.11841e-06,-1.89143e-07,-0.124717,9.30381e-06,195,99,-6.00001,8.00001,39,43
50,51,-6,-8.00002,5.48717e-07,-5.00956e-07,3.72734e-08,5.49048e-07,-5.01287e-07,0.0177473,3.10529e-06,200,99,-6.00001,8.00001,44,43
55,51,-5.99989,-8.00005,-3.09812e-07,-9.35127e-07,5.62462e-07,-2.01939e-07,-1.043e-06,0.366266,0,205,99,-5.99989,8.00005,49.0001,42.9999
60,51,-5.99994,-8.00006,-8.14395e-07,-1.03185e-06,4.19672e-07,-6.86791e-07,-1.15946e-06,0.546362,0,210,99,-5.99993,8.00006,54.0001,42.9999
65,51,-5.99998,-8,-9.93389e-07,-4.88632e-07,-1.07004e-07,-4.83024e-07,-9.98997e-07,-1.46635,2.99387e-06,215,99,-5.99999,8,59,43
70,51,-5.99995,-8.00005,-5.75584e-07,1.18722e-07,-5.04253e-07,2.00618e-07,-6.57479e-07,-1.25673,4.45979e-06,220,99,-5.99996,8.00004,64,43
75,51,-5.99997,-8.00007,-3.82964e-07,4.62963e-07,-1.48271e-07,4.69411e-07,-3.89412e-07,-1.48404,0,225,99,-5.99997,8.00007,69,42.9999
80,51,-5.99995,-8.00005,-9.75689e-07,5.58915e-07,4.3233e-07,5.88782e-07,-1.00556e-06,1.43349,0,230,99,-5.99996,8.00005,74,43
85,51,-5.99989,-8.00005,-1.75088e-06,3.47408e-07,7.58826e-07,4.13906e-07,-1.81738e-06,1.39729,0,235,99,-5.99989,8.00005,79.0001,43
90,51,-6.00002,-8,-1.9891e-06,1.74686e-07,5.33796e-07,2.07121e-07,-2.02154e-06,1.44986,6.12524e-06,240,99,-6.00001,8,84,43
95,51,-6.00005,-8.00005,-1.15417e-06,3.0877e-07,1.79792e-07,3.14273e-07,-1.15968e-06,1.50965,0,245,99,-6.00005,8.00005,89,43
100,51,-6,-8.00003,6.52146e-07,4.86728e-07,4.16649e-08,6.54729e-07,4.84144e-07,0.123372,3.19441e-06,250,99,-6,8.00003,94,43
105,51,-5.99997,-8.00003,2.04864e-06,7.82939e-07,-1.69818e-07,2.05431e-06,7.77268e-07,-0.0666863,7.88213e-06,255,99,-5.99998,8.00003,99,43
110,51,-6,-8,1.77604e-06,6.46765e-07,6.84111e-08,1.77708e-06,6.4573e-07,0.0302528,0,260,99,-6,8,104,43
115,51,-5.99988,-8.00005,8.53137e-07,1.54183e-07,4.27599e-07,9.13348e-07,9.39721e-08,0.274514,0,265,99,-5.99987,8.00005,109,42.9999
120,51,-5.99994,-8.00006,8.64796e-07,-1.78826e-07,1.44596e-07,8.69781e-07,-1.83811e-07,0.0688378,0,270,99,-5.99993,8.00006,114,42.9999
125,51,-5.99997,-8,2.69524e-06,4.64544e-08,-1.27e-06,2.83961e-06,-9.79084e-08,-0.223543,8.3639e-06,275,99,-5.99998,8,119,43
130,51,-6,-8,8.05123e-06,1.26441e-06,-5.31274e-06,8.96729e-06,3.48346e-07,-0.332083,0,280,99,-6,8,124,43
-135,46,0,0,0,0,0,0,0,0,-1,15,104,0,0,-135,46
-130,46,-5.99994,-8.00011,0,0,0,0,0,0,-1,20,104,-5.99994,8.00011,-136,37.9999
-125,46,-5.99997,-8.00009,4.87731e-06,6.95166e-07,-2.87607e-06,5.32405e-06,2.48419e-07,-0.301212,0,25,104,-5.99997,8.00009,-131,37.9999
-120,46,-5.99996,-8.00005,1.17119e-06,1.27998e-06,9.24964e-07,1.69126e-06,7.59919e-07,0.843936,0,30,104,-5.99996,8.00006,-126,37.9999
-115,46,-6,-8.00001,-2.40651e-07,1.16167e-06,2.25681e-06,1.78902e-06,-8.67993e-07,1.06339,8.36841e-06,35,104,-6,8.00001,-121,38
-110,46,-6,-8,-6.41335e-07,7.62002e-07,1.96941e-06,1.26946e-06,-1.14879e-06,1.09495,1.02167e-05,40,104,-6,8,-116,38
-105,46,-5.99998,-7.99999,-6.6724e-08,2.7e-07,1.49181e-07,2.85783e-07,-8.25073e-08,1.36227,0,45,104,-5.99998,8,-111,38
-100,46,-6,-7.99999,8.70324e-07,9.68061e-08,-1.76755e-06,1.44826e-06,-4.81133e-07,-0.579142,4.18299e-06,50,104,-6,7.99999,-106,38
-95,46,-5.99999,-8.00002,1.14008e-06,4.62653e-08,-2.23423e-06,1.83698e-06,-6.50636e-07,-0.557764,9.1388e-07,55,104,-5.99999,8.00002,-101,38
-90,46,-5.99993,-8.00004,4.29335e-07,-7.70087e-08,-1.12455e-06,7.92809e-07,-4.40482e-07,-0.573862,0,60,104,-5.99993,8.00004,-95.9999,38
-85,46,-5.99992,-8.00005,-7.87469e-07,-2.69509e-07,5.30942e-07,-1.57617e-07,-8.99361e-07,1.17191,0,65,104,-5.99992,8.00005,-90.9999,38
-80,46,-6,-8,-1.47673e-06,-3.50736e-07,1.33576e-06,-4.02184e-08,-1.78725e-06,1.1356,1.08246e-05,70,104,-6,8,-86,38
-75,46,-6,-8,-1.09706e-06,-4.29888e-07,1.04449e-06,-1.43782e-07,-1.38317e-06,1.06961,0,75,104,-6,8,-81,38
-70,46,-5.99999,-7.99999,-3.46515e-07,-5.07442e-07,3.78396e-07,-2.21381e-07,-6.32575e-07,0.584341,0,80,104,-6,8,-76,38
-65,46,-5.99999,-8.00001,-1.37337e-08,-4.61673e-07,3.44366e-07,4.48022e-08,-5.20209e-07,0.327706,6.12072e-06,85,104,-5.99999,8,-71,38
-60,46,-6,-8.00001,-1.58411e-08,-3.06965e-07,6.03291e-07,1.73527e-07,-4.96334e-07,0.560599,0,90,104,-6,8.00001,-66,38
-55,46,-6.00001,-7.99998,6.2625e-07,-1.97022e-07,2.62211e-07,6.46624e-07,-2.17396e-07,0.15417,0,95,104,-6,7.99998,-61,38
-50,46,-6,-7.99998,1.47004e-06,-2.0796e-07,-6.1645e-07,1.52486e-06,-2.62785e-07,-0.176033,7.85602e-06,100,104,-6,7.99999,-56,38
-45,46,-5.99998,-8,1.46326e-06,-5.53976e-07,-7.83851e-07,1.53673e-06,-6.27447e-07,-0.18531,0,105,104,-5.99999,8,-51,38
-40,46,-5.99987,-8.00004,7.9547e-07,-8.12682e-07,-3.69781e-07,8.16453e-07,-8.33665e-07,-0.113006,0,110,104,-5.99987,8.00004,-45.9999,38
-35,46,-6,-8,-9.75701e-08,-1.2339e-06,8.56883e-07,4.58647e-08,-1.37733e-06,0.323054,9.17233e-06,115,104,-6,8,-41,38
-30,46,-5.99999,-8.00001,-6.78424e-07,-1.66385e-06,2.15067e-06,1.17061e-08,-2.35398e-06,0.570575,0,120,104,-5.99999,8.00001,-36,38
-25,46,-5.99999,-8.00001,-6.2795e-07,-2.36853e-06,3.13127e-06,2.93023e-07,-3.2895e-06,0.531729,0,125,104,-5.99999,8.00001,-31,38
-20,46,-6,-8.00001,-6.41752e-07,-2.68544e-06,3.54559e-06,3.8261e-07,-3.7098e-06,0.523954,1.21119e-05,130,104,-6,8.00001,-26,38
-15,46,-6,-8.00002,-7.79543e-07,-2.67529e-06,3.13588e-06,1.04767e-07,-3.5596e-06,0.513525,0,135,104,-6.00001,8.00001,-21,38
-10,46,-5.99998,-8,-5.75716e-07,-2.11425e-06,1.78307e-06,-1.67443e-07,-2.52253e-06,0.429441,0,140,104,-5.99999,8,-16,38
-5,46,-6,-8.00001,-3.20102e-07,-1.47715e-06,8.61769e-07,-1.77272e-07,-1.61998e-06,0.320083,9.57481e-06,145,104,-6.00001,8.00001,-11,38
0,46,-6,-8.00001,1.08927e-07,-9.24046e-07,8.25584e-07,2.53618e-07,-1.06874e-06,0.337136,0,150,104,-6,8,-6,38
5,46,-6,-8,7.66673e-07,-7.69803e-07,1.11612e-06,9.47973e-07,-9.51102e-07,0.314118,1.01632e-05,155,104,-6,8,-1,38
10,46,-5.99998,-8,1.11908e-06,-7.8283e-07,8.09778e-07,1.20169e-06,-8.65437e-07,0.201261,0,160,104,-5.99998,8,4.00002,38
15,46,-5.99997,-8.00001,1.37481e-06,-6.54508e-07,-2.94436e-07,1.38543e-06,-6.65132e-07,-0.072043,4.57385e-06,165,104,-5.99998,8,9.00003,38
20,46,-5.99998,-8,1.18045e-06,-4.25108e-07,-1.21676e-06,1.38494e-06,-6.29592e-07,-0.32425,1.39455e-05,170,104,-5.99998,8,14,38
25,46,-5.99997,-8.00004,5.53095e-07,2.49593e-09,-1.33099e-06,9.97986e-07,-4.42395e-07,-0.589278,4.28569e-06,175,104,-5.99996,8.00004,19,38
30,46,-5.99995,-8.00004,2.34987e-07,4.09087e-08,-8.60924e-07,5.79212e-07,-3.03317e-07,-0.674536,7.13852e-06,180,104,-5.99996,8.00004,24,38
35,46,-5.99997,-8.00006,3.70788e-07,-1.84769e-07,-3.20079e-07,4.13593e-07,-2.27574e-07,-0.261345,0,185,104,-5.99997,8.00006,29,37.9999
40,46,-5.99998,-7.99998,6.96894e-07,-4.3945e-07,-1.83802e-07,7.04279e-07,-4.46835e-07,-0.0801799,2.94243e-06,190,104,-5.99999,7.99998,34,38
45,46,-5.99994,-8.00006,7.6062e-07,-7.15853e-07,1.86262e-07,7.66471e-07,-7.21704e-07,0.0627453,0,195,104,-5.99994,8.00006,39.0001,37.9999
50,46,-5.99986,-8.00005,2.52455e-07,-7.60638e-07,2.15552e-07,2.63793e-07,-7.71976e-07,0.10482,0,200,104,-5.99986,8.00004,44.0001,38
55,46,-6,-8.00001,-3.92032e-07,-6.04457e-07,-7.50982e-09,-3.91966e-07,-6.04524e-07,-0.0176691,7.90596e-06,205,104,-6,8.00001,49,38
60,46,-5.99998,-8,-4.59197e-07,-2.99686e-07,-8.88537e-07,7.19289e-08,-8.30812e-07,-0.874213,9.1796e-06,210,104,-5.99999,8,54,38
65,46,-5.99997,-8,-4.92468e-07,2.22545e-07,-1.53674e-06,7.12505e-07,-9.82429e-07,-1.00314,5.69744e-06,215,104,-5.99996,8,59,38
70,46,-5.99997,-8.00004,-4.14189e-07,5.06109e-07,-1.19027e-06,7.98238e-07,-7.06318e-07,-1.11449,0,220,104,-5.99997,8.00004,64,38
75,46,-6,-8,-5.48718e-07,4.71322e-07,7.16636e-08,4.72579e-07,-5.49975e-07,1.53573,4.1164e-06,225,104,-6,8,69,38
80,46,-6,-7.99999,-1.23838e-06,4.27363e-07,8.50164e-07,5.29569e-07,-1.34058e-06,1.33484,8.09445e-06,230,104,-6,8,74,38
85,46,-5.99991,-8.00005,-1.92124e-06,3.23008e-07,7.89506e-07,3.90418e-07,-1.98865e-06,1.40166,0,235,104,-5.99991,8.00005,79.0001,37.9999
90,46,-6,-8.00001,-1.85543e-06,1.14473e-07,-2.3075e-07,1.21208e-07,-1.86216e-06,-1.51249,0,240,104,-6,8.00001,84,38
95,46,-6,-8.00002,-8.90414e-07,-3.99982e-08,-1.01837e-06,1.98172e-07,-1.12858e-06,-1.13328,0,245,104,-6,8.00002,89,38
100,46,-6.00002,-8.00002,6.66138e-07,-8.97549e-08,-1.07852e-06,9.46709e-07,-3.70326e-07,-0.479746,0,250,104,-6.00001,8.00002,94,38
105,46,-6,-8.00001,1.54203e-06,8.98279e-08,-5.79237e-07,1.59766e-06,3.4199e-08,-0.189765,0,255,104,-6,8.00001,99,38
110,46,-5.99998,-8,8.82659e-07,4.58299e-08,4.89681e-07,9.4903e-07,-2.05418e-08,0.264719,5.24707e-06,260,104,-5.99999,8,104,38
115,46,-6,-8,2.20108e-07,-1.6726e-07,1.0181e-06,5.71074e-07,-5.18226e-07,0.603614,1.20438e-05,265,104,-5.99999,8,109,38
120,46,-6,-8,8.62103e-07,-1.98207e-07,1.25892e-07,8.65826e-07,-2.0193e-07,0.0590891,6.89509e-06,270,104,-6,8,114,38
125,46,-6,-8.00001,3.27972e-06,2.98971e-07,-2.3939e-06,3.70087e-06,-1.22174e-07,-0.33832,9.08909e-06,275,104,-6,8,119,38
130,46,-5.99991,-8.00007,8.13574e-06,1.44245e-06,-7.05066e-06,9.64996e-06,-7.17664e-08,-0.405697,0,280,104,-5.99992,8.00007,124,37.9999
-135,41,0,0,0,0,0,0,0,0,-1,15,109,0,0,-135,41
-130,41,-5.99999,-8,0,0,0,0,0,0,-1,20,109,-5.99999,8,-136,33
-125,41,-6,-8,2.96356e-06,-8.65144e-07,-5.08728e-06,4.23273e-06,-2.13432e-06,-0.462816,6.02338e-06,25,109,-6,8,-131,33
-120,41,-5.99997,-8.00007,3.95894e-07,5.87789e-07,-5.67193e-07,7.91229e-07,1.92454e-07,-0.948516,0,30,109,-5.99997,8.00007,-126,32.9999
-115,41,-5.99996,-8.00008,-6.74115e-07,1.12686e-06,1.72715e-06,1.47403e-06,-1.02128e-06,1.18856,0,35,109,-5.99996,8.00008,-121,32.9999
-110,41,-5.99999,-8,-7.74535e-07,1.14408e-06,2.11458e-06,1.61241e-06,-1.24286e-06,1.15382,0,40,109,-5.99999,8,-116,33
-105,41,-5.99998,-7.99999,1.19425e-07,7.17784e-07,5.81898e-07,8.35929e-07,1.28043e-09,1.18507,0,45,109,-5.99998,8,-111,33
-100,41,-5.99999,-7.99999,1.15834e-06,3.63447e-07,-1.17259e-06,1.4692e-06,5.25823e-08,-0.48753,5.32386e-06,50,109,-5.99999,7.99999,-106,33
-95,41,-6,-8.00002,1.19741e-06,-5.3274e-08,-1.22949e-06,1.44897e-06,-3.04837e-07,-0.388426,8.06496e-06,55,109,-6,8.00001,-101,33
-90,41,-5.99995,-8.00003,1.52522e-07,-4.43252e-07,9.98913e-08,1.5668e-07,-4.4741e-07,0.0830607,0,60,109,-5.99995,8.00003,-95.9999,33
-85,41,-6,-8.00002,-1.13115e-06,-7.04143e-07,1.47348e-06,-1.50595e-07,-1.6847e-06,0.926432,5.68946e-06,65,109,-6,8.00001,-91,33
-80,41,-5.99999,-8,-1.61977e-06,-5.89061e-07,1.76636e-06,-8.18698e-08,-2.12696e-06,1.0495,1.42207e-05,70,109,-5.99999,8,-86,33
-75,41,-6,-8,-1.06534e-06,-4.24254e-07,1.10139e-06,-1.07606e-07,-1.38199e-06,1.04896,0,75,109,-6,8,-81,33
-70,41,-5.99998,-8,-2.85142e-07,-3.26655e-07,2.02095e-07,-2.02741e-07,-4.09056e-07,0.684101,5.51979e-06,80,109,-5.99999,8,-76,33
-65,41,-6,-8,7.65872e-08,-3.71694e-08,-2.00165e-07,1.34824e-07,-9.54068e-08,-0.527,3.0851e-06,85,109,-6,8,-71,33
-60,41,-6,-7.99999,8.75207e-08,5.81663e-07,-1.97768e-07,6.00716e-07,6.84675e-08,-1.38045,0,90,109,-6,7.99999,-66,33
-55,41,-6,-8.00001,5.00083e-07,1.16734e-06,-3.67337e-07,1.21455e-06,4.52867e-07,-1.31917,0,95,109,-6,8.00001,-61,33
-50,41,-5.99996,-7.99998,9.79272e-07,1.01531e-06,-3.83224e-07,1.18975e-06,8.04835e-07,-0.832283,0,100,109,-5.99996,7.99999,-56,33
-45,41,-6,-7.99998,9.20391e-07,1.06197e-07,-3.38531e-09,9.20395e-07,1.06194e-07,-0.00207892,8.9676e-06,105,109,-6,7.99998,-51,33
-40,41,-5.99995,-8.00011,3.52064e-07,-6.97039e-07,3.83569e-07,3.86024e-07,-7.30999e-07,0.175259,0,110,109,-5.99995,8.00011,-46,32.9999
-35,41,-6.00001,-8.00001,-4.19746e-07,-1.31826e-06,1.38522e-06,-4.34495e-08,-1.69455e-06,0.497688,0,115,109,-6.00001,8.00001,-41,33
-30,41,-5.99999,-8.00001,-8.47379e-07,-1.72273e-06,2.51233e-06,4.51737e-08,-2.61528e-06,0.617764,0,120,109,-5.99999,8.00001,-36,33
-25,41,-5.99999,-7.99999,-6.12404e-07,-2.26633e-06,2.88887e-06,2.25042e-07,-3.10377e-06,0.525415,7.3832e-06,125,109,-5.99999,8,-31,33
-20,41,-5.99999,-8,-3.59959e-07,-2.39317e-06,2.34064e-06,1.73641e-07,-2.92677e-06,0.427785,1.19276e-05,130,109,-5.99999,8,-26,33
-15,41,-6,-8.00001,-3.70246e-07,-2.17136e-06,1.16559e-06,-1.98118e-07,-2.34349e-06,0.287184,0,135,109,-6,8.00001,-21,33
-10,41,-6,-8.00001,-3.79067e-07,-1.68133e-06,-1.4151e-07,-3.75234e-07,-1.68516e-06,-0.0541202,7.54532e-06,140,109,-6,8,-16,33
-5,41,-6,-8.00002,-3.3745e-07,-1.47783e-06,-2.80652e-07,-3.20436e-07,-1.49484e-06,-0.120655,4.55796e-06,145,109,-6.00001,8.00002,-11,33
0,41,-6,-8.00002,1.26792e-07,-1.31808e-06,4.53041e-07,1.61472e-07,-1.35276e-06,0.151921,1.04673e-05,150,109,-6,8.00002,-6,33
5,41,-6,-8.00002,8.26258e-07,-1.18177e-06,1.20286e-06,9.92612e-07,-1.34812e-06,0.269851,1.427e-05,155,109,-6,8.00001,-1,33
10,41,-5.99998,-8.00002,1.19845e-06,-1.02697e-06,1.1709e-06,1.34307e-06,-1.17159e-06,0.242172,0,160,109,-5.99999,8.00001,4.00002,33
15,41,-5.99997,-7.99998,1.41228e-06,-9.12387e-07,3.37055e-07,1.42443e-06,-9.24541e-07,0.0719937,7.01884e-06,165,109,-5.99997,7.99997,9.00003,33
20,41,-5.99994,-8.00004,1.37358e-06,-8.97502e-07,-7.24792e-07,1.43e-06,-9.53928e-07,-0.154461,0,170,109,-5.99995,8.00004,14.0001,33
25,41,-5.99997,-8.00005,9.73766e-07,-6.43565e-07,-1.17033e-06,1.16328e-06,-8.33077e-07,-0.313201,1.36359e-05,175,109,-5.99997,8.00005,19,33
30,41,-5.99995,-8.00005,7.05781e-07,-5.17129e-07,-8.41146e-07,8.36457e-07,-6.47806e-07,-0.301253,0,180,109,-5.99996,8.00005,24,33
35,41,-6,-8.00001,7.26141e-07,-4.43741e-07,-4.99674e-07,7.77262e-07,-4.94862e-07,-0.20183,9.26639e-06,185,109,-5.99999,8.00001,29,33
40,41,-5.99994,-8.00005,6.74277e-07,-3.39713e-07,-3.12874e-07,6.97864e-07,-3.63299e-07,-0.149645,0,190,109,-5.99994,8.00005,34.0001,32.9999
45,41,-5.99992,-8.00005,7.01204e-07,-3.64624e-07,-4.85916e-08,7.01757e-07,-3.65177e-07,-0.0227795,0,195,109,-5.99993,8.00005,39.0001,32.9999
50,41,-6,-7.99999,5.09849e-07,-2.56283e-07,-6.13852e-07,6.17643e-07,-3.64077e-07,-0.337747,9.78294e-06,200,109,-6,7.99999,44,33
55,41,-6,-7.99999,-5.73087e-08,2.2403e-08,-1.38085e-06,6.74119e-07,-7.09025e-07,-0.81423,0,205,109,-6,7.99999,49,33
60,41,-5.99994,-8.00005,-2.33441e-07,2.38451e-07,-2.22167e-06,1.13812e-06,-1.13311e-06,-0.890045,0,210,109,-5.99994,8.00006,54.0001,32.9999
65,41,-5.99995,-8.00005,-5.72123e-07,3.65888e-07,-2.17877e-06,1.08294e-06,-1.28917e-06,-0.988668,0,215,109,-5.99996,8.00006,59,32.9999
70,41,-5.99994,-8.00005,-9.18797e-07,4.15111e-07,-9.17761e-07,5.57725e-07,-1.06141e-06,-1.26947,0,220,109,-5.99994,8.00005,64.0001,32.9999
75,41,-5.99991,-8.0001,-8.35213e-07,2.40916e-07,7.8136e-07,3.67791e-07,-9.62088e-07,1.25679,0,225,109,-5.99992,8.0001,69.0001,32.9999
80,41,-6.00002,-8,-9.33095e-07,2.7961e-07,1.11268e-06,4.96166e-07,-1.14965e-06,1.19959,8.58364e-06,230,109,-6.00001,8,74,33
85,41,-6.00005,-8,-1.32968e-06,5.02428e-07,4.75986e-07,5.32839e-07,-1.36009e-06,1.4437,1.56854e-05,235,109,-6.00005,8,79,33
90,41,-6,-8.00001,-1.34325e-06,5.60033e-07,-9.07445e-07,6.62662e-07,-1.44587e-06,-1.34835,0,240,109,-6,8.00001,84,33
95,41,-6,-8,-8.84083e-07,2.84854e-07,-1.7068e-06,7.34744e-07,-1.33397e-06,-1.08565,1.57045e-05,245,109,-6,8,89,33
100,41,-6,-7.99999,1.38958e-07,-2.85208e-08,-1.71318e-06,9.15894e-07,-8.05456e-07,-0.736673,0,250,109,-6.00001,8,94,33
105,41,-5.99998,-8.00007,7.67805e-07,-2.51601e-07,-1.04393e-06,9.87651e-07,-4.71448e-07,-0.398641,0,255,109,-5.99998,8.00007,99,32.9999
110,41,-5.99992,-8.00004,2.76015e-07,-2.85929e-07,-1.5139e-07,2.86033e-07,-2.95947e-07,-0.131578,0,260,109,-5.99992,8.00004,104,33
115,41,-6,-8.00002,-9.21265e-08,7.43182e-08,-1.55678e-07,1.05047e-07,-1.22855e-07,-1.1948,6.63689e-06,265,109,-6.00001,8.00001,109,33
120,41,-6,-8,3.80706e-07,5.08072e-07,-1.08478e-06,9.90507e-07,-1.01729e-07,-0.843837,8.0376e-06,270,109,-5.99999,8,114,33
125,41,-6,-7.99999,1.83635e-06,1.11498e-06,-2.94843e-06,2.99336e-06,-4.20284e-08,-0.665424,1.59304e-05,275,109,-5.99999,7.99999,119,33
130,41,-6,-8,3.49422e-06,1.4425e-06,-4.91029e-06,5.12921e-06,-1.92491e-07,-0.587502,3.13756e-06,280,109,-5.99999,8,124,33
-135,36,0,0,0,0,0,0,0,0,-1,15,114,0,0,-135,36
-130,36,-5.99999,-8.00002,0,0,0,0,0,0,-1,20,114,-5.99999,8.00002,-136,28
-125,36,-5.99998,-8.00001,2.48261e-06,-1.13131e-06,-7.11315e-06,4.66492e-06,-3.31363e-06,-0.55036,6.89577e-06,25,114,-5.99998,8.00001,-131,28
-120,36,-5.99997,-8.00007,3.38422e-07,-1.35376e-07,-2.24142e-06,1.247e-06,-1.04395e-06,-0.68124,0,30,114,-5.99997,8.00007,-126,27.9999
-115,36,-6,-8,-9.40671e-07,8.03968e-07,8.39242e-07,8.99648e-07,-1.03635e-06,1.34661,4.63368e-06,35,114,-6,8,-121,28
-110,36,-6,-8,-1.15625e-06,1.30513e-06,2.02241e-06,1.66728e-06,-1.5184e-06,1.22689,0,40,114,-6,8,-116,28
-105,36,-6,-8,-1.94976e-07,1.1455e-06,1.23902e-06,1.38796e-06,-4.37433e-07,1.19775,0,45,114,-6,8,-111,28
-100,36,-5.99999,-8,9.01713e-07,6.84341e-07,3.19483e-08,9.02881e-07,6.83174e-07,0.0729652,1.30218e-05,50,114,-5.99999,8,-106,28
-95,36,-5.99992,-8.00004,9.29669e-07,1.20205e-07,1.45352e-07,9.36142e-07,1.13732e-07,0.0888361,0,55,114,-5.99992,8.00004,-101,28
-90,36,-5.99996,-8.00006,-6.09246e-08,-2.43186e-07,1.07347e-06,3.92364e-07,-6.96474e-07,0.701307,0,60,114,-5.99996,8.00006,-96,27.9999
-85,36,-5.99997,-7.99998,-1.13099e-06,-4.63234e-07,1.67151e-06,1.02869e-07,-1.69709e-06,0.975431,4.29282e-06,65,114,-5.99998,7.99999,-91,28
-80,36,-5.99999,-8,-1.35983e-06,-3.2987e-07,1.38143e-06,1.67147e-08,-1.70642e-06,1.10573,0,70,114,-5.99999,8,-86,28
-75,36,-6,-8.00001,-7.63437e-07,-2.21785e-07,6.69074e-07,-6.21908e-08,-9.23031e-07,1.12567,0,75,114,-6,8.00001,-81,28
-70,36,-6.00001,-7.99999,-1.01166e-07,-1.20299e-07,-1.64976e-07,-2.76918e-08,-1.93773e-07,-0.72767,5.33932e-06,80,114,-6.00001,8,-76,28
-65,36,-5.99999,-7.99999,2.56097e-07,1.48406e-07,-7.6433e-07,5.88191e-07,-1.83689e-07,-0.715411,0,85,114,-6,7.99999,-71,28
-60,36,-5.99999,-7.99999,2.52556e-07,7.705e-07,-1.03045e-06,1.08817e-06,-6.51193e-08,-1.01828,0,90,114,-6,7.99999,-66,28
-55,36,-5.99999,-8,1.90877e-07,1.49745e-06,-9.3001e-07,1.64604e-06,4.22827e-08,-1.2615,0,95,114,-5.99999,8,-61,28
-50,36,-6,-8,1.88285e-07,1.30683e-06,-1.06984e-07,1.30938e-06,1.85733e-07,-1.52312,6.55946e-06,100,114,-6,8,-56,28
-45,36,-5.99999,-7.99999,2.83026e-07,3.37156e-07,6.12035e-07,6.17303e-07,2.87883e-09,0.829504,0,105,114,-5.99999,7.99999,-51,28
-40,36,-5.99999,-8,1.05036e-07,-5.80887e-07,8.17004e-07,2.95457e-07,-7.71308e-07,0.436197,0,110,114,-5.99999,8,-46,28
-35,36,-6,-8,-4.23717e-07,-9.39984e-07,1.28284e-06,9.56345e-09,-1.37326e-06,0.594094,0,115,114,-6,8,-41,28
-30,36,-5.99997,-8.00002,-6.33329e-07,-1.00068e-06,2.04432e-06,2.2153e-07,-1.85554e-06,0.696501,7.82531e-06,120,114,-5.99997,8.00003,-36,28
-25,36,-6.00002,-8.00001,-7.82122e-08,-1.10413e-06,1.85337e-06,4.68015e-07,-1.65036e-06,0.532619,0,125,114,-6.00002,8.00001,-31,28
-20,36,-6,-7.99998,4.46463e-07,-1.14349e-06,7.83921e-07,5.37839e-07,-1.23486e-06,0.229035,4.95236e-06,130,114,-6,7.99999,-26,28
-15,36,-5.99998,-7.99998,2.26736e-07,-9.48613e-07,-6.37711e-07,3.07665e-07,-1.02954e-06,-0.248561,9.85782e-06,135,114,-5.99998,7.99999,-21,28
-10,36,-6,-7.99997,-5.35609e-07,-6.86406e-07,-1.50623e-06,1.45872e-07,-1.36789e-06,-0.735507,6.33246e-06,140,114,-6,7.99997,-16,28
-5,36,-6.00002,-7.99999,-9.92331e-07,-8.04756e-07,-1.21419e-06,-2.84246e-07,-1.51284e-06,-0.862035,0,145,114,-6.00001,7.99999,-11,28
0,36,-6.00002,-8.00001,-3.79821e-07,-9.75965e-07,-3.15597e-07,-3.40629e-07,-1.01516e-06,-0.243444,0,150,114,-6.00001,8.00001,-6.00002,28
5,36,-6.00003,-8.00002,5.83333e-07,-9.4415e-07,3.84693e-07,6.07181e-07,-9.67998e-07,0.123359,7.08414e-06,155,114,-6.00004,8.00001,-1.00003,28
10,36,-6,-8,9.93132e-07,-6.77125e-07,5.35627e-07,1.03502e-06,-7.19016e-07,0.155162,5.35866e-06,160,114,-6,8,4,28
15,36,-6,-7.99999,1.38954e-06,-5.77005e-07,1.17984e-07,1.39131e-06,-5.78773e-07,0.0299618,0,165,114,-6,8,9,28
20,36,-6.00002,-8,1.84949e-06,-6.63818e-07,-9.11938e-07,1.92965e-06,-7.43984e-07,-0.174036,0,170,114,-6.00001,8,14,28
25,36,-6,-8.00002,1.7571e-06,-6.80728e-07,-1.38278e-06,1.93953e-06,-8.63159e-07,-0.257983,3.86459e-06,175,114,-6,8.00001,19,28
30,36,-5.99991,-8.00006,1.43763e-06,-5.12231e-07,-1.09687e-06,1.5813e-06,-6.55904e-07,-0.25621,0,180,114,-5.9999,8.00006,24.0001,27.9999
35,36,-5.99995,-8.00005,1.09587e-06,-1.69562e-07,-9.18848e-07,1.24508e-06,-3.18767e-07,-0.314019,0,185,114,-5.99995,8.00005,29,27.9999
40,36,-5.99995,-8,5.04174e-07,1.63447e-07,-5.99647e-07,6.78655e-07,-1.10338e-08,-0.527039,5.49441e-06,190,114,-5.99995,8,34,28
45,36,-6,-8,6.47713e-07,9.04336e-08,-1.07241e-07,6.52825e-07,8.53213e-08,-0.095056,2.36533e-06,195,114,-6,8,39,28
50,36,-5.99992,-8.00006,9.38389e-07,-9.87718e-08,-5.00377e-07,9.95586e-07,-1.55969e-07,-0.224754,0,200,114,-5.99992,8.00006,44.0001,27.9999
55,36,-5.99992,-8.00005,2.78057e-07,-1.7038e-07,-1.07284e-06,6.35233e-07,-5.27556e-07,-0.587438,0,205,114,-5.99992,8.00005,49.0001,27.9999
60,36,-5.99989,-8.00004,-3.91702e-07,-1.7428e-07,-1.66131e-06,5.54746e-07,-1.12073e-06,-0.850465,0,210,114,-5.9999,8.00004,54.0001,28
65,36,-5.99994,-8.00005,-1.22686e-06,-3.16143e-07,-1.35237e-06,4.37144e-08,-1.58672e-06,-1.08173,0,215,114,-5.99994,8.00004,59.0001,28
70,36,-5.99994,-8.00006,-1.77513e-06,-2.54021e-07,9.41315e-08,-2.52566e-07,-1.77658e-06,1.53989,0,220,114,-5.99994,8.00006,64.0001,27.9999
75,36,-5.99989,-8.00009,-1.04268e-06,-3.61449e-07,1.6036e-06,1.69088e-07,-1.57321e-06,0.986253,0,225,114,-5.9999,8.0001,69.0001,27.9999
80,36,-6,-8,-2.07833e-07,-2.09164e-07,1.47913e-06,5.31066e-07,-9.48062e-07,0.784948,1.76767e-06,230,114,-6.00001,8,74,28
85,36,-5.99983,-8.00011,-2.94451e-07,1.9497e-07,6.15682e-07,3.43514e-07,-4.42995e-07,1.12122,0,235,114,-5.99983,8.00011,79.0002,27.9999
90,36,-5.99998,-8,-5.96197e-07,5.54252e-07,-4.31158e-07,5.93322e-07,-6.35267e-07,-1.39151,0,240,114,-5.99999,8,84,28
95,36,-6,-8,-7.92466e-07,4.31169e-07,-8.62538e-07,5.67893e-07,-9.2919e-07,-1.26379,0,245,114,-6,8,89,28
100,36,-5.99992,-8.00002,-3.90866e-07,1.8191e-07,-9.09228e-07,4.32822e-07,-6.41779e-07,-1.06648,0,250,114,-5.99992,8.00002,94.0001,28
105,36,-5.99998,-8,4.0528e-08,-2.87622e-07,-6.69736e-07,2.49357e-07,-4.96451e-07,-0.557603,0,255,114,-5.99999,8,99,28
110,36,-5.99998,-8,-1.04038e-07,-3.51952e-07,-8.75625e-07,2.27027e-07,-6.83017e-07,-0.647445,8.0599e-06,260,114,-5.99999,8,104,28
115,36,-6,-8.00002,-2.55129e-07,2.44919e-07,-1.82391e-06,9.40504e-07,-9.50714e-07,-0.919192,0,265,114,-5.99999,8.00002,109,28
120,36,-6,-8.00002,-2.42294e-07,7.54668e-07,-2.49366e-06,1.59897e-06,-1.08659e-06,-0.975565,5.41092e-06,270,114,-5.99999,8.00002,114,28
125,36,-6,-7.99998,2.20109e-08,1.03269e-06,-2.78803e-06,2.01013e-06,-9.55432e-07,-0.959284,3.92168e-06,275,114,-6,7.99999,119,28
130,36,-5.99994,-8.00011,-1.44207e-06,3.91505e-07,-7.89012e-07,4.72783e-07,-1.52335e-06,-1.36762,0,280,114,-5.99994,8.00011,124,27.9999
-135,31,0,0,0,0,0,0,0,0,-1,15,119,0,0,-135,31
-130,31,-5.99994,-8.00007,0,0,0,0,0,0,-1,20,119,-5.99994,8.00007,-136,22.9999
-125,31,-5.99995,-8.00006,2.31667e-06,1.18754e-07,-5.75181e-06,4.29643e-06,-1.86101e-06,-0.602897,0,25,119,-5.99995,8.00006,-131,22.9999
-120,31,-5.99997,-8.00006,2.25702e-07,-3.07451e-07,-2.11145e-06,1.04799e-06,-1.12973e-06,-0.66173,0,30,119,-5.99997,8.00006,-126,22.9999
-115,31,-5.99996,-8.00007,-1.31745e-06,4.66876e-07,6.92804e-07,5.31765e-07,-1.38233e-06,1.38562,0,35,119,-5.99996,8.00007,-121,22.9999
-110,31,-6,-8,-1.74154e-06,1.1927e-06,2.08576e-06,1.52559e-06,-2.07443e-06,1.26182,7.33419e-06,40,119,-6,8,-116,23
-105,31,-6.00001,-8.00001,-7.97764e-07,1.39712e-06,1.82924e-06,1.72828e-06,-1.12893e-06,1.2234,7.81436e-06,45,119,-6.00001,8.00001,-111,23
-100,31,-6.00002,-8.00002,5.75707e-07,1.00822e-06,8.63063e-07,1.27465e-06,3.09276e-07,1.01768,1.14822e-05,50,119,-6.00002,8.00002,-106,23
-95,31,-6,-7.99998,1.01714e-06,5.41883e-07,6.55833e-07,1.18448e-06,3.74548e-07,0.471853,1.18666e-05,55,119,-6,7.99999,-101,23
-90,31,-6,-8,3.10663e-07,3.56984e-07,1.06271e-06,8.65685e-07,-1.98038e-07,0.807178,9.69441e-06,60,119,-6,8,-96,23
-85,31,-6,-7.99999,-7.16918e-07,2.16141e-07,1.1813e-06,5.02284e-07,-1.00306e-06,1.11966,0,65,119,-6,7.99999,-91,23
-80,31,-6,-7.99998,-1.11681e-06,1.70991e-07,7.94576e-07,2.83691e-07,-1.22951e-06,1.29438,5.25987e-06,70,119,-6,7.99999,-86,23
-75,31,-5.99999,-8.00001,-7.70475e-07,2.53361e-08,3.55906e-07,6.33158e-08,-8.08455e-07,1.36053,0,75,119,-5.99999,8.00001,-81,23
-70,31,-6,-8.00002,-1.97595e-07,-3.00729e-08,-3.47971e-07,7.92642e-08,-3.06932e-07,-1.00974,0,80,119,-6,8.00001,-76,23
-65,31,-5.99999,-7.99998,3.92353e-07,-4.78206e-08,-1.03043e-06,7.32521e-07,-3.87988e-07,-0.583543,7.78933e-06,85,119,-5.99999,7.99998,-71,23
-60,31,-6,-7.99999,6.89693e-07,1.68079e-07,-1.56511e-06,1.25376e-06,-3.95987e-07,-0.624549,0,90,119,-6,7.99999,-66,23
-55,31,-5.99996,-8.00018,3.49352e-07,7.36383e-07,-1.5272e-06,1.33061e-06,-2.44872e-07,-0.909498,0,95,119,-5.99996,8.00017,-61,22.9998
-50,31,-6.00003,-8,-2.4889e-07,8.3379e-07,-6.22989e-07,9.17012e-07,-3.32112e-07,-1.30972,5.68935e-06,100,119,-6.00003,8,-56,23
-45,31,-6.00002,-8,-3.42494e-07,3.65364e-07,3.28051e-08,3.65744e-07,-3.42874e-07,1.54764,4.49198e-06,105,119,-6.00003,8,-51,23
-40,31,-6.00002,-7.99999,-2.07802e-07,-2.22195e-07,6.66008e-08,-1.8093e-07,-2.49068e-07,0.678979,5.7801e-06,110,119,-6.00002,7.99999,-46,23
-35,31,-5.99997,-8.00003,-2.61073e-07,-2.89153e-07,2.59877e-07,-1.44418e-07,-4.05807e-07,0.731582,5.01765e-06,115,119,-5.99997,8.00003,-41,23
-30,31,-5.99997,-8.00003,-1.45772e-07,9.8435e-08,9.31953e-07,4.58041e-07,-5.05377e-07,0.913536,4.45433e-06,120,119,-5.99997,8.00003,-36,23
-25,31,-6.00005,-7.99999,4.30277e-07,6.38419e-07,8.58717e-07,9.76139e-07,9.25571e-08,0.904298,6.43838e-06,125,119,-6.00004,7.99999,-31,23
-20,31,-6,-7.99999,8.50503e-07,7.10095e-07,2.39192e-07,9.18978e-07,6.4162e-07,0.519991,0,130,119,-6,7.99999,-26,23
-15,31,-5.99995,-7.99998,4.48465e-07,5.5561e-07,-7.58214e-07,8.84911e-07,1.19164e-07,-0.85559,7.20152e-06,135,119,-5.99995,7.99997,-21,23
-10,31,-5.99995,-7.99998,-6.35783e-07,2.60194e-07,-1.27183e-06,5.90077e-07,-9.65666e-07,-1.09226,1.05477e-05,140,119,-5.99995,7.99999,-16,23
-5,31,-6.00002,-7.99998,-1.29922e-06,-2.10498e-07,-1.26937e-06,8.12948e-08,-1.59101e-06,-1.13987,4.93563e-06,145,119,-6.00001,7.99999,-11,23
0,31,-5.99998,-7.99999,-7.1317e-07,-5.73184e-07,-8.9163e-07,-1.91901e-07,-1.09445e-06,-0.863263,6.21834e-06,150,119,-5.99998,7.99999,-5.99998,23
5,31,-6,-8.00001,2.38572e-07,-5.72003e-07,-6.07942e-07,3.39898e-07,-6.73328e-07,-0.321755,0,155,119,-6,8.00001,-1,23
10,31,-6,-7.99999,5.49217e-07,-3.40387e-07,-4.31622e-07,5.98807e-07,-3.89977e-07,-0.225862,0,160,119,-5.99999,7.99999,4,23
15,31,-6,-8,1.12536e-06,-2.82725e-07,-6.08131e-07,1.18822e-06,-3.4558e-07,-0.203843,0,165,119,-5.99999,8,9,23
20,31,-5.99998,-8,1.96161e-06,-4.41023e-07,-1.2574e-06,2.11618e-06,-5.95592e-07,-0.241074,1.19529e-05,170,119,-5.99999,8,14,23
25,31,-6,-8,2.13047e-06,-6.6086e-07,-1.43955e-06,2.30514e-06,-8.35531e-07,-0.238073,0,175,119,-6,8,19,23
30,31,-5.99998,-8.00002,1.99737e-06,-5.20353e-07,-1.05062e-06,2.10258e-06,-6.2556e-07,-0.197661,1.21422e-05,180,119,-5.99999,8.00003,24,23
35,31,-5.99994,-8.00005,1.46729e-06,-1.03692e-07,-6.87352e-07,1.53918e-06,-1.75586e-07,-0.206218,0,185,119,-5.99994,8.00006,29.0001,22.9999
40,31,-6.00002,-7.99999,3.08438e-07,1.48798e-07,1.11347e-07,3.25936e-07,1.31301e-07,0.304519,8.34382e-06,190,119,-6.00001,7.99999,34,23
45,31,-5.99988,-8.00006,2.8248e-07,-1.24419e-07,1.04871e-06,6.41471e-07,-4.8341e-07,0.600339,0,195,119,-5.99988,8.00006,39.0001,22.9999
50,31,-5.99992,-8.00005,8.27854e-07,-6.33037e-07,1.27937e-06,1.06836e-06,-8.73544e-07,0.359627,0,200,119,-5.99992,8.00005,44.0001,22.9999
55,31,-5.99998,-8.00001,3.03954e-07,-9.39884e-07,9.59847e-07,4.67599e-07,-1.10353e-06,0.328617,1.02565e-05,205,119,-5.99998,8.00001,49,23
60,31,-5.99985,-8.00003,-5.67291e-07,-9.33313e-07,3.20256e-07,-5.07127e-07,-9.93477e-07,0.359405,0,210,119,-5.99984,8.00003,54.0002,23
65,31,-6.00002,-8.00005,-1.71875e-06,-9.86882e-07,1.58375e-07,-9.78412e-07,-1.72722e-06,1.46424,5.03143e-06,215,119,-6.00001,8.00005,59,23
70,31,-6,-8.00001,-2.27869e-06,-8.49468e-07,9.51134e-07,-7.0569e-07,-2.42247e-06,1.2772,8.7202e-07,220,119,-6,8.00001,64,23
75,31,-6.00002,-8,-1.00534e-06,-8.9839e-07,1.89531e-06,-2.70342e-09,-1.90103e-06,0.813584,2.85216e-06,225,119,-6.00002,8,69,23
80,31,-5.99995,-8.00009,4.04297e-07,-8.24458e-07,1.82839e-06,8.91379e-07,-1.31154e-06,0.489541,0,230,119,-5.99995,8.00009,74,22.9999
85,31,-6.00002,-8,3.91049e-07,-6.18553e-07,1.39659e-06,7.47899e-07,-9.75403e-07,0.472432,1.01107e-05,235,119,-6.00001,8,79,23
90,31,-5.99983,-8.00007,-1.75041e-07,-1.51797e-07,1.05906e-06,3.66239e-07,-6.93077e-07,0.79637,0,240,119,-5.99983,8.00007,84.0002,22.9999
95,31,-5.99994,-8.00008,-6.73852e-07,5.83792e-08,1.0105e-06,3.16216e-07,-9.31689e-07,1.09893,0,245,119,-5.99994,8.00008,89.0001,22.9999
100,31,-6,-8.00002,-4.58001e-07,1.2097e-07,8.1846e-07,3.32754e-07,-6.69785e-07,1.09323,1.80297e-05,250,119,-6,8.00001,94,23
105,31,-5.99998,-8,1.6458e-07,-3.70672e-07,5.44402e-07,2.78683e-07,-4.84775e-07,0.396936,0,255,119,-5.99998,8,99,23
110,31,-5.99998,-8,4.80179e-07,-5.60504e-07,-8.64607e-07,6.36329e-07,-7.16655e-07,-0.346623,9.26296e-07,260,119,-5.99999,8,104,23
115,31,-5.99988,-8.00005,1.66644e-08,-2.70141e-07,-2.35154e-06,1.05774e-06,-1.31122e-06,-0.724715,0,265,119,-5.99987,8.00005,109,23
120,31,-6,-8.00001,-1.40222e-06,3.23474e-08,-2.45052e-06,7.34839e-07,-2.10472e-06,-1.05021,0,270,119,-5.99999,8.00001,114,23
125,31,-5.99985,-8.00017,-3.49087e-06,-9.81735e-08,-7.86119e-07,-5.32311e-08,-3.53581e-06,-1.45695,0,275,119,-5.99984,8.00016,119,22.9998
130,31,-6,-8.00001,-7.98323e-06,-1.22431e-06,4.83317e-06,-4.49173e-07,-8.75836e-06,1.26041,1.61767e-05,280,119,-6,8,124,23
-135,26,0,0,0,0,0,0,0,0,-1,15,124,0,0,-135,26
-130,26,-6.00001,-8,0,0,0,0,0,0,-1,20,124,-6.00001,8,-136,18
-125,26,-6,-8,9.2622e-07,8.40914e-07,-1.4726e-06,1.6211e-06,1.46032e-07,-0.756466,1.4965e-05,25,124,-6,8,-131,18
-120,26,-5.99997,-8,-7.52518e-07,-3.48851e-07,-1.97439e-07,-3.26002e-07,-7.75367e-07,-1.34335,4.2596e-06,30,124,-5.99997,8,-126,18
-115,26,-5.99994,-8.00006,-1.87108e-06,1.46254e-07,1.15112e-06,2.98913e-07,-2.02374e-06,1.31153,0,35,124,-5.99994,8.00006,-121,17.9999
-110,26,-5.99994,-8.00006,-2.07902e-06,9.06654e-07,1.854e-06,1.17106e-06,-2.34342e-06,1.29295,0,40,124,-5.99994,8.00006,-116,17.9999
-105,26,-6,-8,-1.01897e-06,1.37657e-06,1.53812e-06,1.60222e-06,-1.24461e-06,1.2854,7.42576e-06,45,124,-5.99999,8,-111,18
-100,26,-6,-8,6.10725e-07,1.00246e-06,6.86453e-07,1.20178e-06,4.11411e-07,1.04468,4.08265e-06,50,124,-6,8,-106,18
-95,26,-6.00001,-8,1.36873e-06,5.69952e-07,3.48299e-07,1.40505e-06,5.33636e-07,0.205591,9.42745e-06,55,124,-6.00001,8,-101,18
-90,26,-5.99996,-8.00008,8.00379e-07,4.41278e-07,7.66278e-07,1.04395e-06,1.97704e-07,0.566279,0,60,124,-5.99996,8.00008,-96,17.9999
-85,26,-6,-7.99998,-3.67075e-07,5.29086e-07,9.79554e-07,7.44826e-07,-5.82815e-07,1.15588,8.92611e-06,65,124,-6,7.99998,-91,18
-80,26,-5.99999,-8,-1.09583e-06,4.30578e-07,7.93329e-07,5.27504e-07,-1.19276e-06,1.33114,0,70,124,-5.99999,8,-86,18
-75,26,-5.99999,-8,-9.82044e-07,2.05347e-07,4.46616e-07,2.45955e-07,-1.02265e-06,1.39092,5.01878e-06,75,124,-6,8,-81,18
-70,26,-6,-8,-4.46626e-07,3.21573e-08,-2.74564e-07,6.87271e-08,-4.83196e-07,-1.31046,1.19763e-05,80,124,-6,8,-76,18
-65,26,-6,-8,3.72369e-07,-2.38198e-07,-9.53206e-07,6.33079e-07,-4.98908e-07,-0.50055,0,85,124,-6,8,-71,18
-60,26,-6,-7.99998,1.21022e-06,-3.63286e-07,-1.79319e-06,1.6163e-06,-7.69372e-07,-0.425279,0,90,124,-6,7.99999,-66,18
-55,26,-5.99999,-8,1.13634e-06,-7.7992e-08,-2.1126e-06,1.74754e-06,-6.89193e-07,-0.524554,0,95,124,-5.99999,8,-61,18
-50,26,-5.99992,-8.00005,1.31546e-07,3.5658e-07,-1.51784e-06,1.01128e-06,-5.23152e-07,-0.858992,0,100,124,-5.99992,8.00005,-55.9999,18
-45,26,-6.00001,-8,-7.05951e-07,4.64507e-07,-8.90637e-07,6.1467e-07,-8.56114e-07,-1.24557,4.79251e-06,105,124,-6,8,-51,18
-40,26,-6.00001,-7.99998,-8.93491e-07,2.57134e-07,-7.12145e-07,3.5841e-07,-9.94767e-07,-1.29369,4.3385e-06,110,124,-6.00001,7.99998,-46,18
-35,26,-6,-8,-5.97107e-07,1.19454e-07,-5.13968e-07,2.02088e-07,-6.79741e-07,-1.25968,0,115,124,-6,8.00001,-41,18
-30,26,-5.99998,-8.00003,4.11349e-08,6.23603e-07,-9.91005e-08,6.27788e-07,3.69498e-08,-1.48653,6.54803e-06,120,124,-5.99998,8.00004,-36,18
-25,26,-6.00001,-7.99998,6.69746e-07,1.53054e-06,1.14737e-07,1.53435e-06,6.6594e-07,1.50454,5.61626e-06,125,124,-6.00001,7.99998,-31,18
-20,26,-6,-7.99997,8.2689e-07,1.87783e-06,4.11181e-07,1.91662e-06,7.88103e-07,1.38433,0,130,124,-6,7.99997,-26,18
-15,26,-5.99995,-7.99997,2.75603e-07,1.61989e-06,3.30384e-07,1.63989e-06,2.55601e-07,1.4503,0,135,124,-5.99996,7.99997,-21,18
-10,26,-5.99995,-8.00006,-6.84599e-07,9.16666e-07,3.08889e-07,9.31427e-07,-6.9936e-07,1.47552,0,140,124,-5.99995,8.00006,-16,17.9999
-5,26,-6,-8,-1.17402e-06,1.82864e-07,-2.38438e-08,1.82968e-07,-1.17412e-06,-1.56201,5.14886e-06,145,124,-6,8,-11,18
0,26,-6,-8,-6.43346e-07,-2.71544e-07,-4.55298e-07,-1.63534e-07,-7.51356e-07,-1.12779,0,150,124,-6,8,-6,18
5,26,-5.99998,-8,1.48438e-07,-2.59489e-07,-8.53304e-07,4.17373e-07,-5.28424e-07,-0.562429,0,155,124,-5.99999,8.00001,-0.999985,18
10,26,-6,-8,2.87436e-07,-1.89311e-07,-9.65074e-07,5.87266e-07,-4.89142e-07,-0.55598,0,160,124,-6,8,4,18
15,26,-5.99998,-8,8.07257e-07,-2.53549e-07,-1.23998e-06,1.09277e-06,-5.3906e-07,-0.431558,0,165,124,-5.99999,8.00001,9.00002,18
20,26,-5.99998,-8.00005,1.71248e-06,-5.56611e-07,-1.43336e-06,1.91988e-06,-7.64014e-07,-0.281698,0,170,124,-5.99998,8.00004,14,18
25,26,-6,-8.00002,2.03796e-06,-9.16985e-07,-1.34065e-06,2.18291e-06,-1.06194e-06,-0.212962,9.35396e-06,175,124,-5.99999,8.00002,19,18
30,26,-5.99982,-8.00005,2.04973e-06,-9.16465e-07,-7.92652e-07,2.10177e-06,-9.68506e-07,-0.130563,0,180,124,-5.99982,8.00004,24.0002,18
35,26,-6,-8.00003,1.44397e-06,-6.69113e-07,-1.08133e-08,1.44398e-06,-6.69127e-07,-0.00255863,1.70546e-05,185,124,-6,8.00002,29,18
40,26,-5.99991,-8.00006,-4.31137e-08,-5.23164e-07,1.27265e-06,3.96951e-07,-9.63229e-07,0.605047,0,190,124,-5.99991,8.00005,34.0001,17.9999
45,26,-5.99989,-8.00005,-4.22219e-07,-6.59055e-07,2.39768e-06,6.64036e-07,-1.74531e-06,0.736169,0,195,124,-5.9999,8.00004,39.0001,18
50,26,-6.00002,-8.00002,1.96314e-07,-1.01176e-06,3.07506e-06,1.2442e-06,-2.05965e-06,0.59823,1.5376e-06,200,124,-6.00002,8.00002,44,18
55,26,-6,-7.99997,1.93216e-07,-1.16363e-06,2.70825e-06,1.02936e-06,-1.99977e-06,0.553173,0,205,124,-6,7.99997,49,18
60,26,-5.9998,-8.00005,-3.09718e-07,-9.48365e-07,1.7322e-06,2.94051e-07,-1.55213e-06,0.608784,0,210,124,-5.99979,8.00005,54.0002,18
65,26,-5.99994,-8.00003,-1.38929e-06,-7.17202e-07,8.22933e-07,-5.21993e-07,-1.5845e-06,1.12782,0,215,124,-5.99994,8.00003,59.0001,18
70,26,-6,-8.00002,-2.04369e-06,-5.86033e-07,8.35568e-07,-4.74782e-07,-2.15494e-06,1.31055,8.37156e-06,220,124,-6,8.00002,64,18
75,26,-5.99995,-8.00006,-9.85659e-07,-4.90917e-07,1.32841e-06,-2.95135e-08,-1.44706e-06,0.963657,0,225,124,-5.99996,8.00006,69,17.9999
80,26,-6,-8,3.06259e-07,-5.10269e-07,1.73208e-06,8.5544e-07,-1.05945e-06,0.565138,9.77367e-06,230,124,-6,8,74,18
85,26,-6,-7.99997,4.0724e-07,-4.77749e-07,1.62891e-06,8.91641e-07,-9.6215e-07,0.536555,7.26514e-06,235,124,-5.99999,7.99997,79,18
90,26,-6.00002,-8.00002,-1.17736e-09,-1.78004e-07,1.52377e-06,6.77405e-07,-8.56587e-07,0.727634,1.41997e-05,240,124,-6.00001,8.00001,84,18
95,26,-5.99994,-8.00006,-3.10512e-07,1.90588e-07,1.62209e-06,7.88903e-07,-9.08826e-07,0.935209,0,245,124,-5.99994,8.00007,89.0001,17.9999
100,26,-5.99998,-8,-1.63605e-07,3.11835e-07,1.77513e-06,9.92965e-07,-8.44735e-07,0.916244,0,250,124,-5.99999,7.99999,94,18
105,26,-5.99998,-8,5.28137e-07,-3.17069e-08,1.68219e-06,1.13467e-06,-6.38236e-07,0.62476,0,255,124,-5.99999,8.00001,99,18
110,26,-5.99988,-8.00005,1.0522e-06,-4.88488e-07,1.78034e-07,1.05733e-06,-4.93614e-07,0.0575223,0,260,124,-5.99989,8.00005,104,18
115,26,-6,-8.00002,2.87784e-07,-8.31772e-07,-1.21881e-06,5.55488e-07,-1.09948e-06,-0.41391,0,265,124,-6.00001,8.00001,109,18
120,26,-6,-8,-1.90093e-06,-8.53613e-07,-1.55252e-06,-4.40898e-07,-2.31365e-06,-1.08213,1.02464e-05,270,124,-5.99999,7.99999,114,18
125,26,-6,-8,-5.0468e-06,-1.03234e-06,-2.46015e-07,-1.02857e-06,-5.05057e-06,-1.54019,1.16736e-05,275,124,-5.99999,8,119,18
130,26,-6.00003,-8.00003,-8.93551e-06,-1.49009e-06,3.57205e-06,-1.08382e-06,-9.34178e-06,1.34713,1.5372e-05,280,124,-6.00002,8.00003,124,18
-135,21,0,0,0,0,0,0,0,0,-1,15,129,0,0,-135,21
-130,21,-5.99993,-8.00006,0,0,0,0,0,0,-1,20,129,-5.99993,8.00006,-136,12.9999
-125,21,-5.99994,-8.00006,-1.01076e-06,7.17731e-07,2.46714e-06,1.35968e-06,-1.65271e-06,1.09096,0,25,129,-5.99994,8.00005,-131,12.9999
-120,21,-5.99993,-8.00005,-1.84119e-06,-7.24542e-07,1.91934e-06,-1.72602e-07,-2.39313e-06,1.04886,0,30,129,-5.99993,8.00005,-126,13
-115,21,-6.00001,-8.00005,-1.85684e-06,-6.3817e-07,1.45839e-06,-2.97236e-07,-2.19778e-06,1.13344,5.64991e-06,35,129,-6.00001,8.00005,-121,13
-110,21,-6.00002,-8.00005,-1.6171e-06,1.03066e-07,1.11516e-06,2.67991e-07,-1.78202e-06,1.28321,8.67465e-06,40,129,-6.00001,8.00004,-116,13
-105,21,-6.00002,-8.00005,-7.49584e-07,9.13001e-07,6.19078e-07,9.68761e-07,-8.05344e-07,1.39257,6.77891e-06,45,129,-6.00002,8.00004,-111,13
-100,21,-6.00003,-8.00005,5.74235e-07,7.8118e-07,1.37156e-07,8.01843e-07,5.53572e-07,1.27815,7.2192e-06,50,129,-6.00003,8.00004,-106,13
-95,21,-6,-8.00002,1.30157e-06,3.53517e-07,1.11902e-07,1.30486e-06,3.50227e-07,0.0587449,0,55,129,-6,8.00001,-101,13
-90,21,-5.99994,-8.00009,9.29038e-07,5.40716e-08,8.40082e-07,1.09804e-06,-1.14932e-07,0.38253,0,60,129,-5.99993,8.0001,-95.9999,12.9999
-85,21,-5.99991,-8.00006,-1.4894e-07,2.53081e-07,1.35232e-06,7.57478e-07,-6.53336e-07,0.929879,0,65,129,-5.99991,8.00006,-90.9999,12.9999
-80,21,-5.99999,-7.99998,-1.07827e-06,2.96917e-07,1.42488e-06,5.99454e-07,-1.3808e-06,1.16922,1.06376e-05,70,129,-5.99999,7.99999,-86,13
-75,21,-5.99998,-8,-1.07881e-06,2.37757e-07,9.59186e-07,3.93934e-07,-1.23499e-06,1.25598,0,75,129,-5.99999,8,-81,13
-70,21,-5.99998,-8.00002,-5.40427e-07,8.4593e-08,3.18531e-08,8.49986e-08,-5.40833e-07,1.54534,0,80,129,-5.99998,8.00001,-76,13
-65,21,-6.00002,-7.99998,5.12037e-07,-2.22907e-07,-9.17529e-07,7.32358e-07,-4.43228e-07,-0.447722,3.74925e-06,85,129,-6.00001,7.99998,-71,13
-60,21,-6,-7.99998,1.82267e-06,-3.93444e-07,-2.02786e-06,2.21656e-06,-7.87335e-07,-0.370535,2.67229e-06,90,129,-6,7.99999,-66,13
-55,21,-6.00002,-8.00002,1.99555e-06,-3.51991e-07,-2.36198e-06,2.48685e-06,-8.43294e-07,-0.394231,6.44384e-06,95,129,-6.00001,8.00001,-61,13
-50,21,-5.99989,-8.00003,5.54138e-07,1.02267e-07,-1.52269e-06,1.12237e-06,-4.65962e-07,-0.641159,0,100,129,-5.9999,8.00003,-55.9999,13
-45,21,-5.99994,-8.00006,-1.20775e-06,4.33318e-07,-4.6569e-07,4.65716e-07,-1.24015e-06,-1.43254,0,105,129,-5.99994,8.00006,-50.9999,12.9999
-40,21,-5.99999,-7.99998,-1.8429e-06,4.24965e-07,-1.45248e-07,4.27288e-07,-1.84523e-06,-1.53882,7.66359e-06,110,129,-6,7.99998,-46,13
-35,21,-5.99998,-8,-1.05625e-06,1.5999e-07,-3.96096e-07,1.91427e-07,-1.08769e-06,-1.41338,0,115,129,-5.99999,8,-41,13
-30,21,-5.99999,-8.00005,2.11484e-07,5.23788e-07,-7.24839e-07,7.62264e-07,-2.69923e-08,-0.98881,1.41855e-06,120,129,-5.99999,8.00004,-36,13
-25,21,-5.99999,-7.99998,7.01096e-07,1.23302e-06,-3.45157e-07,1.28411e-06,6.5001e-07,-1.283,4.91181e-06,125,129,-5.99999,7.99999,-31,13
-20,21,-6,-8,4.00982e-07,1.57316e-06,8.17992e-07,1.70176e-06,2.72384e-07,1.26616,6.04564e-06,130,129,-6,8.00001,-26,13
-15,21,-5.99994,-8.00006,-2.40759e-07,1.3993e-06,1.64572e-06,1.74097e-06,-5.82428e-07,1.17724,0,135,129,-5.99994,8.00006,-20.9999,12.9999
-10,21,-6,-7.99997,-7.24121e-07,7.99408e-07,1.91824e-06,1.26247e-06,-1.18718e-06,1.12101,4.81713e-06,140,129,-6.00001,7.99997,-16,13
-5,21,-6.00002,-7.99997,-7.06396e-07,3.15063e-07,1.24941e-06,6.11243e-07,-1.00258e-06,1.12807,0,145,129,-6.00001,7.99997,-11,13
0,21,-5.99998,-8,-1.98629e-07,1.2439e-07,1.78854e-07,1.47494e-07,-2.21734e-07,1.31796,7.65437e-06,150,129,-5.99998,8,-5.99998,13
5,21,-5.99998,-8,3.43694e-07,2.09388e-07,-5.43502e-07,5.56466e-07,-3.38406e-09,-0.664268,0,155,129,-5.99999,8.00001,-0.999985,13
10,21,-6,-8,3.31773e-07,1.12168e-07,-6.94619e-07,5.86224e-07,-1.42283e-07,-0.632294,0,160,129,-6,7.99999,4,13
15,21,-6,-7.99998,5.11083e-07,-1.50783e-07,-9.83681e-07,7.7296e-07,-4.1266e-07,-0.489264,0,165,129,-5.99999,7.99999,9,13
20,21,-5.99998,-8,1.12626e-06,-5.83901e-07,-1.06424e-06,1.27831e-06,-7.35952e-07,-0.278329,0,170,129,-5.99998,8.00001,14,13
25,21,-6,-8.00002,1.53486e-06,-9.95646e-07,-1.19771e-06,1.66943e-06,-1.13021e-06,-0.221034,0,175,129,-6,8.00001,19,13
30,21,-6,-8.00003,1.68563e-06,-1.15025e-06,-8.38368e-07,1.74629e-06,-1.21092e-06,-0.143721,9.36716e-06,180,129,-6,8.00003,24,13
35,21,-6.00002,-8.00003,1.22261e-06,-1.2786e-06,2.39978e-07,1.22835e-06,-1.28435e-06,0.0478259,2.17342e-06,185,129,-6.00002,8.00003,29,13
40,21,-5.99991,-8.00006,-2.09065e-07,-1.24077e-06,1.58286e-06,2.19786e-07,-1.66962e-06,0.496579,0,190,129,-5.99991,8.00006,34.0001,12.9999
45,21,-5.99992,-8.00005,-1.0508e-06,-9.95449e-07,2.35639e-06,1.55399e-07,-2.20164e-06,0.79714,0,195,129,-5.99992,8.00005,39.0001,13
50,21,-6,-8,-6.07207e-07,-7.55025e-07,2.63291e-06,6.37414e-07,-1.99965e-06,0.757356,5.37431e-06,200,129,-6,7.99999,44,13
55,21,-6,-8,8.90473e-08,-5.76457e-07,1.9474e-06,7.85281e-07,-1.27269e-06,0.620749,0,205,129,-6,8,49,13
60,21,-6,-8.00002,3.24797e-07,-3.38178e-07,1.0652e-06,6.20644e-07,-6.34025e-07,0.507037,1.19527e-05,210,129,-5.99999,8.00002,54,13
65,21,-5.99998,-8.00003,-3.57251e-07,-2.28107e-08,3.27003e-07,4.38393e-08,-4.23901e-07,1.18372,8.86398e-06,215,129,-5.99999,8.00003,59,13
70,21,-5.99997,-8.00005,-1.14547e-06,1.26291e-07,2.14583e-08,1.26382e-07,-1.14556e-06,1.56236,0,220,129,-5.99996,8.00005,64,13
75,21,-5.99998,-8,-8.85362e-07,6.00879e-07,5.08328e-08,6.01314e-07,-8.85797e-07,1.5537,1.30526e-05,225,129,-5.99999,8,69,13
80,21,-5.99997,-8.00008,-1.85313e-07,7.09394e-07,5.71005e-07,7.92735e-07,-2.68654e-07,1.28678,0,230,129,-5.99997,8.00008,74,12.9999
85,21,-5.99998,-8,2.49984e-08,7.40356e-07,6.0979e-07,8.52672e-07,-8.73176e-08,1.21785,1.00914e-05,235,129,-5.99998,7.99999,79,13
90,21,-6,-8,-7.4282e-08,6.78474e-07,6.66176e-07,8.04698e-07,-2.00505e-07,1.20857,1.35513e-05,240,129,-6,8,84,13
95,21,-6,-8.00002,-9.35087e-08,8.19642e-07,9.10256e-07,1.00774e-06,-2.81606e-07,1.17889,0,245,129,-5.99999,8.00001,89,13
100,21,-6,-8,1.58894e-08,5.99695e-07,1.64729e-06,1.18163e-06,-5.66047e-07,0.955695,1.4988e-05,250,129,-6,8,94,13
105,21,-6,-8,6.46104e-07,4.11072e-07,2.06483e-06,1.56767e-06,-5.10493e-07,0.728729,0,255,129,-5.99999,8,99,13
110,21,-6,-8,1.15096e-06,-1.90689e-07,1.53006e-06,1.49762e-06,-5.37349e-07,0.425457,5.6246e-06,260,129,-5.99999,8,104,13
115,21,-6,-7.99998,5.04477e-07,-8.74685e-07,5.82053e-07,5.63374e-07,-9.33581e-07,0.199678,1.14477e-05,265,129,-5.99999,7.99999,109,13
120,21,-5.99985,-8.00003,-1.09107e-06,-9.84886e-07,-6.25099e-07,-7.20952e-07,-1.35501e-06,-0.869532,0,270,129,-5.99984,8.00003,114,13
125,21,-6,-8.00002,-3.18156e-06,-8.01813e-07,-1.57149e-06,-5.65784e-07,-3.41759e-06,-1.27898,1.09113e-05,275,129,-5.99999,8.00002,119,13
130,21,-6.00003,-8.00003,-3.31536e-06,9.03296e-08,-3.07187e-06,6.80688e-07,-3.90571e-06,-1.20384,1.12838e-05,280,129,-6.00002,8.00004,124,13
-135,16,0,0,0,0,0,0,0,0,-1,15,134,0,0,-135,16
-130,16,-5.99992,-8.00005,0,0,0,0,0,0,-1,20,134,-5.99992,8.00005,-136,7.99995
-125,16,-5.99994,-8.00005,-4.25671e-06,-1.06409e-07,5.71299e-06,1.34914e-06,-5.71226e-06,1.09953,0,25,134,-5.99994,8.00005,-131,7.99995
-120,16,-6,-8.00002,-3.1908e-06,-1.04592e-06,3.44559e-06,-8.90382e-08,-4.14768e-06,1.0638,1.30253e-05,30,134,-6,8.00001,-126,7.99998
-115,16,-6,-8.00002,-1.45003e-06,-1.17875e-06,1.0884e-06,-7.53542e-07,-1.87524e-06,0.907535,9.96066e-06,35,134,-6,8.00001,-121,7.99998
-110,16,-6.00002,-8.00005,-4.68411e-07,-5.47503e-07,-3.16639e-07,-3.44773e-07,-6.71141e-07,-0.663011,1.33777e-05,40,134,-6.00002,8.00004,-116,7.99995
-105,16,-5.99999,-8.00002,-6.10776e-08,4.29584e-07,-7.3021e-07,6.24127e-07,-2.55621e-07,-1.08122,0,45,134,-5.99999,8.00002,-111,7.99998
-100,16,-6,-8.00002,3.17462e-07,7.82135e-07,-4.88289e-07,8.86825e-07,2.12772e-07,-1.16571,1.08278e-05,50,134,-5.99999,8.00002,-106,7.99998
-95,16,-6,-8,5.63287e-07,6.47029e-07,6.09059e-08,6.56932e-07,5.53384e-07,1.25639,1.0573e-05,55,134,-6,8,-101,8
-90,16,-5.99999,-7.99998,4.25134e-07,4.11668e-07,8.18123e-07,8.27518e-07,9.2837e-09,0.777169,9.88383e-06,60,134,-5.99999,7.99998,-96,8.00002
-85,16,-6,-8,-1.6389e-07,4.62207e-07,1.37756e-06,9.05743e-07,-6.07426e-07,0.998691,1.04779e-05,65,134,-6,8,-91,8
-80,16,-6,-8,-8.91201e-07,5.08866e-07,1.51788e-06,8.41322e-07,-1.22366e-06,1.15792,0,70,134,-6,8,-86,8
-75,16,-5.99999,-8,-8.49446e-07,4.08685e-07,1.1046e-06,6.16732e-07,-1.05749e-06,1.21054,2.15797e-06,75,134,-5.99999,8,-81,8
-70,16,-5.99999,-8,-3.11908e-07,1.74719e-07,2.99171e-07,2.17023e-07,-3.54212e-07,1.29519,0,80,134,-5.99999,8,-76,8
-65,16,-5.99999,-8,7.31631e-07,-4.27252e-08,-7.23456e-07,8.74315e-07,-1.85409e-07,-0.375714,9.03771e-06,85,134,-5.99999,8,-71,8
-60,16,-6,-8,2.00394e-06,-1.02513e-07,-1.7204e-06,2.31057e-06,-4.0915e-07,-0.342429,6.59048e-06,90,134,-6,8,-66,8
-55,16,-6,-8,2.12941e-06,-2.96445e-07,-1.57066e-06,2.36145e-06,-5.28486e-07,-0.287296,1.72741e-06,95,134,-6,8,-61,8
-50,16,-5.99998,-8,5.4522e-07,-2.11725e-07,-2.08617e-07,5.59331e-07,-2.25836e-07,-0.134464,3.07919e-06,100,134,-5.99997,7.99999,-56,8
-45,16,-5.99991,-8.00003,-1.50059e-06,-2.81317e-08,1.03741e-06,1.36243e-07,-1.66496e-06,1.26391,0,105,134,-5.99991,8.00003,-50.9999,7.99997
-40,16,-6.00001,-7.99998,-2.19266e-06,1.5776e-07,9.23739e-07,2.45263e-07,-2.28016e-06,1.38356,1.24633e-06,110,134,-6.00001,7.99999,-46,8.00002
-35,16,-6,-8,-1.06968e-06,5.80551e-08,-1.84021e-07,6.55128e-08,-1.07714e-06,-1.48992,0,115,134,-6,8,-41,8
-30,16,-6,-8.00005,3.76826e-07,1.91185e-07,-1.06983e-06,8.26916e-07,-2.58905e-07,-0.699492,0,120,134,-6,8.00005,-36,7.99995
-25,16,-5.99994,-8.00011,4.91398e-07,2.55156e-07,-3.71357e-07,5.93343e-07,1.5321e-07,-0.502107,0,125,134,-5.99994,8.00011,-30.9999,7.99989
-20,16,-6,-8.00005,-1.99117e-07,2.84731e-07,1.14963e-06,6.66458e-07,-5.80845e-07,0.984583,3.14846e-06,130,134,-6,8.00004,-26,7.99995
-15,16,-6,-8.00005,-7.61326e-07,2.70976e-07,2.17136e-06,9.56954e-07,-1.44731e-06,1.00729,0,135,134,-6,8.00005,-21,7.99995
-10,16,-6,-8,-7.07385e-07,2.33988e-07,2.27852e-06,9.95964e-07,-1.46936e-06,0.981294,6.81333e-06,140,134,-6,8,-16,8
-5,16,-6,-8,-2.18019e-07,2.57452e-07,1.54675e-06,8.28805e-07,-7.89371e-07,0.934515,2.7753e-06,145,134,-6,8,-11,8
0,16,-6,-8,2.74074e-07,3.52015e-07,4.72415e-07,5.52445e-07,7.36436e-08,0.867154,6.64055e-06,150,134,-6,7.99999,-6,8
5,16,-5.99998,-7.99998,5.82352e-07,5.0006e-07,-1.79891e-07,6.40116e-07,4.42296e-07,-0.570881,3.70208e-06,155,134,-5.99999,7.99998,-0.999985,8.00002
10,16,-5.99998,-8,4.50688e-07,4.46478e-07,-2.50176e-07,5.73689e-07,3.23477e-07,-0.776985,8.00309e-06,160,134,-5.99999,8,4.00002,8
15,16,-5.99998,-8,4.24045e-07,2.1922e-07,-4.92299e-07,5.88237e-07,5.50284e-08,-0.588262,6.45121e-06,165,134,-5.99999,8,9.00002,8
20,16,-5.99997,-7.99998,9.46043e-07,-2.16289e-07,-7.2574e-07,1.05003e-06,-3.20271e-07,-0.279078,0,170,134,-5.99996,7.99999,14,8.00002
25,16,-5.99998,-8,1.38791e-06,-6.82789e-07,-1.06804e-06,1.51752e-06,-8.12397e-07,-0.238099,0,175,134,-5.99998,8,19,8
30,16,-6,-8,1.22177e-06,-1.11043e-06,-6.8591e-07,1.27116e-06,-1.15982e-06,-0.143019,8.46481e-06,180,134,-6,8,24,8
35,16,-5.99991,-8.00003,7.66224e-07,-1.5647e-06,4.11963e-07,7.84286e-07,-1.58276e-06,0.0874658,0,185,134,-5.99991,8.00003,29.0001,7.99997
40,16,-6.00003,-8,-9.73877e-08,-1.60087e-06,1.13377e-06,9.23987e-08,-1.79066e-06,0.323059,1.34517e-05,190,134,-6.00003,8,34,8
45,16,-6.00002,-8,-8.69155e-07,-1.05332e-06,1.06529e-06,-4.20689e-07,-1.50178e-06,0.699807,5.65929e-06,195,134,-6.00001,8,39,8
50,16,-6,-8,-7.80239e-07,-2.29291e-07,5.11928e-07,-1.28728e-07,-8.80802e-07,1.19645,0,200,134,-6,8,44,8
55,16,-6,-8,-2.29859e-07,3.49975e-07,-2.64958e-07,3.78809e-07,-2.58694e-07,-1.35648,0,205,134,-6,8,49,8
60,16,-6,-8.00002,2.96858e-07,4.86878e-07,-6.96855e-07,7.53017e-07,3.07192e-08,-0.918503,9.15691e-06,210,134,-6,8.00001,54,7.99998
65,16,-5.99995,-8.00005,3.42404e-07,4.77677e-07,-7.02756e-07,7.67869e-07,5.22118e-08,-0.88048,0,215,134,-5.99995,8.00005,59,7.99995
70,16,-5.99997,-8,-2.03266e-08,3.35073e-07,-5.91882e-07,5.02566e-07,-1.8782e-07,-1.05578,9.93676e-06,220,134,-5.99996,7.99999,64,8
75,16,-5.99997,-8.00009,-3.95964e-07,6.77575e-07,-2.35221e-07,6.90308e-07,-4.08697e-07,-1.46295,0,225,134,-5.99996,8.00008,69,7.99991
80,16,-5.99998,-8,-4.96246e-07,8.65104e-07,3.52647e-07,8.87571e-07,-5.18713e-07,1.44406,1.26492e-05,230,134,-5.99999,8,74,8
85,16,-5.99998,-8,-4.1137e-07,1.1003e-06,1.35929e-07,1.10335e-06,-4.1442e-07,1.52596,6.99415e-06,235,134,-5.99999,8,79,8
90,16,-5.99998,-8,-2.55827e-07,1.0136e-06,-2.04791e-07,1.0218e-06,-2.64034e-07,-1.49082,0,240,134,-5.99999,8,84,8
95,16,-6.00003,-8,-1.74208e-07,9.7885e-07,-6.2688e-08,9.79702e-07,-1.75059e-07,-1.54364,0,245,134,-6.00003,8.00001,89,8
100,16,-5.99992,-8.00012,-2.90719e-07,5.61344e-07,9.91609e-07,7.89013e-07,-5.18388e-07,1.14032,0,250,134,-5.99992,8.00012,94.0001,7.99988
105,16,-6,-8,6.43274e-09,4.92838e-07,1.70056e-06,1.13401e-06,-6.34744e-07,0.924692,0,255,134,-6,8,99,8
110,16,-5.99998,-7.99995,3.53633e-07,8.92333e-08,1.87271e-06,1.16708e-06,-7.2421e-07,0.715269,0,260,134,-5.99999,7.99996,104,8.00005
115,16,-6,-8,6.25892e-07,-3.33604e-07,7.46085e-07,7.5386e-07,-4.61572e-07,0.33046,0,265,134,-6.00001,8,109,8
120,16,-5.99988,-8.00003,1.09574e-06,-3.03063e-07,-1.82959e-06,1.54787e-06,-7.55186e-07,-0.459025,0,270,134,-5.99986,8.00003,114,7.99997
125,16,-6.00003,-8.00002,1.84427e-06,1.33743e-07,-5.44082e-06,3.84069e-06,-1.86268e-06,-0.633096,9.3311e-06,275,134,-6.00002,8.00002,119,7.99998
130,16,-6,-8.00002,6.57006e-06,1.56312e-06,-1.22537e-05,1.06852e-05,-2.55201e-06,-0.591447,0,280,134,-6,8.00001,124,7.99998
-135,11,0,0,0,0,0,0,0,0,-1,15,139,0,0,-135,11
-130,11,-6,-8.00005,0,0,0,0,0,0,-1,20,139,-6,8.00004,-136,2.99995
-125,11,-6,-8.00005,-6.27346e-06,-7.3639e-07,7.00112e-06,9.58114e-07,-7.96796e-06,1.11998,6.76596e-06,25,139,-6,8.00004,-131,2.99995
-120,11,-6,-8.00002,-3.3421e-06,-6.02257e-07,3.00719e-06,6.19032e-08,-4.00626e-06,1.15485,7.34275e-06,30,139,-6,8.00002,-126,2.99998
-115,11,-6.00001,-8.00002,-7.0316e-07,-4.01002e-07,-4.48708e-07,-2.81601e-07,-8.22562e-07,-1.08172,6.15481e-06,35,139,-6.00001,8.00002,-121,2.99998
-110,11,-6,-8,5.32276e-07,8.09431e-08,-2.27448e-06,1.46602e-06,-8.52804e-07,-0.687454,5.40085e-06,40,139,-6.00001,8.00001,-116,3
-105,11,-5.99987,-8.00014,3.88916e-07,8.13894e-07,-2.28136e-06,1.76171e-06,-5.589e-07,-0.877484,0,45,139,-5.99987,8.00013,-111,2.99986
-100,11,-6,-8,-1.62915e-08,1.31006e-06,-1.47517e-06,1.63877e-06,-3.45e-07,-1.15156,1.04262e-05,50,139,-6,8,-106,3
-95,11,-6,-8,-9.43655e-08,1.41008e-06,-5.93375e-07,1.46647e-06,-1.50761e-07,-1.38296,9.17208e-06,55,139,-5.99999,8,-101,3
-90,11,-6,-8,-8.96886e-08,1.29623e-06,2.0386e-07,1.30368e-06,-9.71452e-08,1.49777,1.06175e-05,60,139,-6,7.99999,-96,3
-85,11,-5.99994,-8.00009,-3.29667e-07,9.63301e-07,1.11439e-06,1.17029e-06,-5.36652e-07,1.21512,0,65,139,-5.99994,8.00008,-90.9999,2.99991
-80,11,-6,-7.99998,-8.5749e-07,7.44675e-07,1.60078e-06,1.07601e-06,-1.18882e-06,1.17831,1.02187e-05,70,139,-6,7.99998,-86,3.00002
-75,11,-6.00001,-8,-8.10442e-07,4.45199e-07,1.49384e-06,7.93109e-07,-1.15835e-06,1.13489,4.82677e-06,75,139,-6.00001,7.99999,-81,3
-70,11,-5.99999,-8,-1.9451e-07,1.46109e-07,7.32223e-07,3.79585e-07,-4.27986e-07,1.0031,7.09145e-06,80,139,-5.99999,8,-76,3
-65,11,-5.99999,-8.00002,8.09446e-07,2.27525e-08,-4.40297e-07,8.66862e-07,-3.46636e-08,-0.255123,0,85,139,-5.99999,8.00002,-71,2.99998
-60,11,-5.99997,-8,1.67655e-06,1.7252e-07,-1.20273e-06,1.88743e-06,-3.83604e-08,-0.337271,8.77098e-06,90,139,-5.99997,8,-66,3
-55,11,-5.99999,-8,1.48667e-06,4.15606e-09,-5.19669e-07,1.5309e-06,-4.00649e-08,-0.168574,6.69388e-06,95,139,-5.99999,8,-61,3
-50,11,-5.99985,-8.00015,1.33903e-07,-1.08556e-07,1.10097e-06,5.76349e-07,-5.51002e-07,0.677017,0,100,139,-5.99985,8.00015,-55.9998,2.99985
-45,11,-6.00001,-8,-1.34385e-06,1.51413e-08,1.87824e-06,4.94808e-07,-1.82351e-06,1.09858,1.06369e-05,105,139,-6.00001,8,-51,3
-40,11,-6,-8,-1.64716e-06,5.39312e-07,8.6359e-07,6.21496e-07,-1.72935e-06,1.38272,0,110,139,-6,8,-46,3
-35,11,-6,-8.00002,-5.82163e-07,7.24297e-07,-8.13374e-07,8.4055e-07,-6.98416e-07,-1.29237,5.31904e-06,115,139,-6,8.00001,-41,2.99998
-30,11,-6.00001,-8,4.33887e-07,6.67441e-07,-1.49022e-06,1.30487e-06,-2.03539e-07,-0.863129,0,120,139,-6.00001,8,-36,3
-25,11,-6,-8,1.6229e-07,-3.38795e-08,-3.09826e-07,2.4756e-07,-1.19149e-07,-0.503175,0,125,139,-6,8,-31,3
-20,11,-5.99996,-8,-5.59669e-07,-5.08009e-07,1.03439e-06,-1.59994e-08,-1.05168e-06,0.810348,1.2303e-06,130,139,-5.99996,8,-26,3
-15,11,-6,-8.00002,-9.08337e-07,-5.49555e-07,1.50367e-06,4.39935e-08,-1.50189e-06,0.902511,6.45244e-06,135,139,-5.99999,8.00001,-21,2.99998
-10,11,-6.00002,-8,-6.26463e-07,-1.39792e-07,1.22431e-06,2.7562e-07,-1.04188e-06,0.974575,4.49242e-06,140,139,-6.00001,8.00001,-16,3
-5,11,-6,-8,-3.76093e-08,1.50987e-07,7.94034e-07,4.64751e-07,-3.51373e-07,0.901996,0,145,139,-6,8,-11,3
0,11,-6,-8,5.49564e-07,3.20229e-07,1.34972e-07,5.67949e-07,3.01844e-07,0.265973,5.96026e-06,150,139,-6,8,-6,3
5,11,-6,-8.00002,9.07152e-07,3.75376e-07,-2.33448e-07,9.31644e-07,3.50883e-07,-0.206833,0,155,139,-6,8.00001,-1,2.99998
10,11,-6,-8.00003,7.16311e-07,5.29252e-07,-1.89288e-07,7.55843e-07,4.8972e-07,-0.39566,6.84572e-06,160,139,-6,8.00002,4,2.99997
15,11,-5.99998,-8,3.87666e-07,6.79583e-07,-2.47447e-07,7.24965e-07,3.42284e-07,-1.21923,0,165,139,-5.99998,8,9.00002,3
20,11,-5.99998,-8,6.3861e-07,5.22361e-07,-5.11312e-07,8.42666e-07,3.18305e-07,-0.673621,7.89725e-06,170,139,-5.99998,8,14,3
25,11,-6,-7.99998,9.77421e-07,1.01332e-08,-6.33818e-07,1.072e-06,-8.44466e-08,-0.29003,0,175,139,-5.99999,7.99999,19,3.00002
30,11,-6,-8,7.41823e-07,-7.19483e-07,-1.3462e-07,7.44917e-07,-7.22577e-07,-0.045932,1.03182e-05,180,139,-6,8,24,3
35,11,-5.99989,-8.00003,6.5059e-07,-1.3133e-06,5.39919e-07,6.87023e-07,-1.34973e-06,0.134148,0,185,139,-5.99989,8.00003,29.0001,2.99997
40,11,-6,-8,4.46539e-07,-1.39471e-06,5.71542e-07,4.89872e-07,-1.43804e-06,0.15049,3.81474e-06,190,139,-6,7.99999,34,3
45,11,-5.99998,-8,-1.05065e-07,-9.46769e-07,3.9488e-08,-1.04602e-07,-9.47231e-07,0.02344,0,195,139,-5.99999,8,39,3
50,11,-5.99988,-8.00009,-3.43567e-07,-1.24126e-07,-1.04336e-06,2.99246e-07,-7.66939e-07,-0.889048,0,200,139,-5.99988,8.00009,44.0001,2.99991
55,11,-6,-8,-4.00882e-07,5.84156e-07,-1.80303e-06,1.11892e-06,-9.35643e-07,-1.03541,1.30595e-05,205,139,-6,7.99999,49,3
60,11,-6,-8.00002,-2.74789e-07,8.42264e-07,-1.92739e-06,1.39759e-06,-8.3011e-07,-1.04803,1.36594e-05,210,139,-5.99999,8.00002,54,2.99998
65,11,-5.99994,-8.00006,-5.53055e-08,6.41781e-07,-1.20439e-06,9.89026e-07,-4.02551e-07,-1.04774,0,215,139,-5.99993,8.00006,59.0001,2.99994
70,11,-5.99992,-8.00009,-8.31268e-08,1.3298e-07,-1.82415e-07,1.66328e-07,-1.16475e-07,-1.22027,0,220,139,-5.99993,8.00009,64.0001,2.99991
75,11,-6.00002,-8,-3.29915e-07,-2.71856e-07,9.95425e-07,1.97673e-07,-7.99443e-07,0.814528,0,225,139,-6.00001,8,69,3
80,11,-6,-8,-2.40864e-07,-3.7593e-07,1.56377e-06,4.76402e-07,-1.09319e-06,0.742319,1.05069e-05,230,139,-6,8,74,3
85,11,-5.99983,-8.00024,5.46826e-08,-1.53223e-07,1.12162e-06,5.21091e-07,-6.19632e-07,0.693757,0,235,139,-5.99983,8.00024,79.0002,2.99976
90,11,-6,-8,2.49278e-07,-3.9258e-08,4.02626e-07,3.5268e-07,-1.4266e-07,0.474496,9.91909e-06,240,139,-6,8,84,3
95,11,-5.99992,-8.00012,8.10188e-09,-1.47172e-08,2.94639e-07,1.44453e-07,-1.51068e-07,0.746752,0,245,139,-5.99993,8.00011,89.0001,2.99988
100,11,-6.00002,-8,-5.26908e-07,-1.20915e-07,8.33778e-07,1.39774e-07,-7.87597e-07,1.01197,1.01738e-05,250,139,-6.00001,7.99999,94,3
105,11,-5.99992,-8.00006,-4.90792e-07,9.21891e-08,1.13106e-06,4.3693e-07,-8.35532e-07,1.02336,0,255,139,-5.99992,8.00006,99.0001,2.99994
110,11,-6.00002,-8,-1.24116e-07,2.23405e-07,1.03474e-06,5.95416e-07,-4.96127e-07,0.947406,1.23375e-05,260,139,-6.00001,8,104,3
115,11,-6,-8.00003,1.04222e-06,2.23074e-07,-3.83041e-07,1.08479e-06,1.80508e-07,-0.2187,9.70311e-06,265,139,-5.99999,8.00003,109,2.99997
120,11,-6,-8,3.22981e-06,6.93538e-08,-2.83242e-06,3.77155e-06,-4.72391e-07,-0.365357,7.01131e-06,270,139,-6,8,114,3
125,11,-6,-8.00002,6.2687e-06,-1.70699e-08,-6.13808e-06,7.51862e-06,-1.26699e-06,-0.386756,3.16058e-06,275,139,-5.99999,8.00001,119,2.99998
130,11,-5.99985,-8.00008,1.42179e-05,3.67691e-07,-1.24008e-05,1.65881e-05,-2.00247e-06,-0.36512,0,280,139,-5.99986,8.00008,124,2.99992
-135,6,0,0,0,0,0,0,0,0,-1,15,144,0,0,-135,6
-130,6,-5.99992,-8.00005,0,0,0,0,0,0,-1,20,144,-5.99992,8.00005,-136,-2.00005
-125,6,-5.99994,-8.00005,-7.36009e-06,-6.16524e-07,8.22014e-06,1.32786e-06,-9.30447e-06,1.12892,0,25,144,-5.99994,8.00005,-131,-2.00005
-120,6,-6.00001,-8,-2.5039e-06,2.60335e-07,2.0083e-06,5.866e-07,-2.83016e-06,1.25664,0,30,144,-6.00001,8,-126,-2
-115,6,-6,-8,1.92524e-07,7.76752e-07,-1.66855e-06,1.36858e-06,-3.99299e-07,-0.953798,7.07896e-06,35,144,-6,8.00001,-121,-2
-110,6,-6,-8,1.19086e-06,9.54542e-07,-3.15017e-06,2.65221e-06,-5.06808e-07,-0.747959,8.66705e-06,40,144,-6,7.99999,-116,-2
-105,6,-6,-7.99998,4.86747e-07,1.1446e-06,-2.51771e-06,2.11679e-06,-4.8544e-07,-0.913187,2.15842e-06,45,144,-6,7.99998,-111,-1.99998
-100,6,-5.99993,-8.00011,-4.92674e-07,1.48202e-06,-1.56798e-06,1.75543e-06,-7.66079e-07,-1.23525,0,50,144,-5.99993,8.0001,-106,-2.00011
-95,6,-6.00004,-8,-8.20716e-07,1.69318e-06,-9.32605e-07,1.77688e-06,-9.04423e-07,-1.39318,1.52384e-06,55,144,-6.00004,7.99999,-101,-2
-90,6,-6,-8.00002,-8.69792e-07,1.63192e-06,-2.25343e-07,1.63698e-06,-8.74856e-07,-1.52588,9.40603e-06,60,144,-5.99999,8.00001,-96,-2.00002
-85,6,-6,-8,-8.86574e-07,9.83566e-07,9.94015e-07,1.10745e-06,-1.01045e-06,1.32652,1.07572e-05,65,144,-6.00001,8,-91,-2
-80,6,-6,-8,-1.02649e-06,5.37709e-07,1.69217e-06,9.07798e-07,-1.39658e-06,1.15846,0,70,144,-6,8,-86,-2
-75,6,-6,-8,-8.50755e-07,2.09799e-07,1.67755e-06,6.71862e-07,-1.31282e-06,1.06728,1.26039e-06,75,144,-6,8,-81,-2
-70,6,-6,-8,-1.73459e-07,2.20249e-07,7.61283e-07,4.51926e-07,-4.05136e-07,1.02404,0,80,144,-6,8,-76,-2
-65,6,-6,-8,7.83797e-07,2.67764e-07,-5.01223e-07,8.85473e-07,1.66088e-07,-0.38542,0,85,144,-6,8,-71,-2
-60,6,-5.99998,-8,1.27809e-06,4.93285e-07,-1.06908e-06,1.5488e-06,2.22579e-07,-0.468777,3.38255e-06,90,144,-5.99999,8,-66,-2
-55,6,-6,-7.99998,8.041e-07,3.6275e-07,-1.58733e-07,8.17938e-07,3.48912e-07,-0.172625,9.10947e-06,95,144,-6,7.99998,-61,-1.99998
-50,6,-5.99998,-8.00002,-2.64138e-08,1.8121e-07,1.18028e-06,6.76598e-07,-5.21802e-07,0.872463,0,100,144,-5.99998,8.00001,-56,-2.00002
-45,6,-6.00001,-8,-4.9732e-07,2.64703e-07,1.14121e-06,5.69812e-07,-8.02429e-07,1.07977,0,105,144,-6,8,-51,-2
-40,6,-6,-8.00002,-3.83193e-07,9.64503e-07,-3.39192e-07,9.85517e-07,-4.04208e-07,-1.44752,2.18886e-06,110,144,-6,8.00001,-46,-2.00002
-35,6,-6,-8,1.31883e-07,1.43799e-06,-1.82311e-06,1.90628e-06,-3.36407e-07,-1.09623,5.85321e-06,115,144,-6,8,-41,-2
-30,6,-5.99999,-8.00002,2.01675e-07,1.6288e-06,-1.75313e-06,2.04552e-06,-2.15044e-07,-1.12702,0,120,144,-5.99999,8.00001,-36,-2.00002
-25,6,-5.99997,-7.99998,-4.9394e-07,9.57127e-07,-1.66289e-07,9.61875e-07,-4.98688e-07,-1.51375,2.32704e-07,125,144,-5.99997,7.99999,-31,-1.99998
-20,6,-6.00001,-8,-9.13653e-07,1.91697e-07,7.35348e-07,3.02824e-07,-1.02478e-06,1.27728,0,130,144,-6,7.99999,-26,-2
-15,6,-6,-8,-8.6339e-07,-3.18446e-07,5.00968e-07,-2.20806e-07,-9.6103e-07,1.19911,8.44294e-06,135,144,-6,8,-21,-2
-10,6,-6,-8,-5.79504e-07,-3.09696e-07,9.56113e-08,-3.01476e-07,-5.87724e-07,1.40052,0,140,144,-6,8.00001,-16,-2
-5,6,-6,-8.00002,-1.59459e-07,-2.49038e-07,1.24515e-07,-1.27554e-07,-2.80944e-07,0.473577,9.53449e-06,145,144,-6,8.00001,-11,-2.00002
0,6,-6,-8,4.51088e-07,-1.51062e-07,-4.02645e-08,4.5176e-07,-1.51735e-07,-0.0333843,6.585e-06,150,144,-6,8,-6,-2
5,6,-6,-7.99998,9.86292e-07,-2.29966e-07,-1.41909e-07,9.90418e-07,-2.34092e-07,-0.0580757,0,155,144,-6,7.99999,-1,-1.99998
10,6,-5.99998,-8.00002,9.42033e-07,1.30898e-08,-2.05309e-07,9.53242e-07,1.88109e-09,-0.108758,5.86485e-06,160,144,-5.99999,8.00001,4.00002,-2.00002
15,6,-5.99998,-8,6.16294e-07,5.21156e-07,-2.04295e-07,6.81406e-07,4.56044e-07,-0.567488,0,165,144,-5.99999,7.99999,9.00002,-2
20,6,-6,-8,5.88069e-07,7.75966e-07,-2.12206e-07,8.23736e-07,5.40299e-07,-1.14776,0,170,144,-6,8,14,-2
25,6,-6,-8,5.70136e-07,4.59881e-07,2.93387e-07,6.71718e-07,3.58299e-07,0.605663,9.51725e-06,175,144,-6,8,19,-2
30,6,-5.99988,-8.00006,2.51467e-07,-2.36363e-07,9.40688e-07,5.3738e-07,-5.22276e-07,0.546194,0,180,144,-5.99988,8.00006,24.0001,-2.00006
35,6,-6,-8,4.05095e-07,-7.12008e-07,1.13141e-06,6.41529e-07,-9.48442e-07,0.39588,5.26095e-06,185,144,-5.99999,8,29,-2
40,6,-5.99998,-8,6.00398e-07,-8.16976e-07,7.61902e-07,6.96299e-07,-9.12876e-07,0.246615,0,190,144,-5.99999,8,34,-2
45,6,-5.99997,-8,4.51132e-07,-6.07651e-07,1.40949e-07,4.55802e-07,-6.12321e-07,0.0661728,1.34834e-05,195,144,-5.99997,8,39,-2
50,6,-5.99982,-8.00005,3.21534e-07,-2.64671e-07,-9.5163e-07,5.87277e-07,-5.30415e-07,-0.509347,0,200,144,-5.99982,8.00004,44.0002,-2.00005
55,6,-6,-8,-6.82883e-08,4.23416e-08,-1.61642e-06,7.97126e-07,-8.23073e-07,-0.819566,1.41661e-05,205,144,-6,8,49,-2
60,6,-5.99998,-7.99998,-4.42657e-07,2.25223e-07,-1.84569e-06,8.72689e-07,-1.09012e-06,-0.958998,3.6408e-06,210,144,-5.99999,7.99999,54,-1.99998
65,6,-6,-8,-7.69624e-07,5.43891e-08,-9.98269e-07,2.89596e-07,-1.00483e-06,-1.13043,0,215,144,-6,7.99999,59,-2
70,6,-6.00002,-8,-1.13725e-06,-3.94473e-07,5.30379e-07,-3.09513e-07,-1.22221e-06,1.26075,8.7595e-06,220,144,-6.00001,8,64,-2
75,6,-5.99991,-8.00012,-1.21911e-06,-1.1104e-06,2.15438e-06,-8.61991e-08,-2.24332e-06,0.810607,0,225,144,-5.99991,8.00013,69.0001,-2.00012
80,6,-6,-8,-4.89071e-07,-1.43648e-06,2.66258e-06,4.5028e-07,-2.37583e-06,0.614472,8.42915e-06,230,144,-6.00001,8.00001,74,-2
85,6,-5.99998,-8.00002,5.60263e-07,-1.49114e-06,2.11531e-06,1.00789e-06,-1.93876e-06,0.400368,8.53919e-06,235,144,-5.99999,8.00001,79,-2.00002
90,6,-6,-8,1.20526e-06,-1.36257e-06,1.16641e-06,1.33151e-06,-1.48882e-06,0.213188,7.92717e-06,240,144,-6,8,84,-2
95,6,-6,-8.00002,8.62227e-07,-1.35747e-06,9.78391e-07,9.65258e-07,-1.4605e-06,0.207579,8.79001e-06,245,144,-5.99999,8.00002,89,-2.00002
100,6,-5.99991,-8.00006,-9.46186e-08,-1.12167e-06,1.14437e-06,1.60689e-07,-1.37697e-06,0.419688,0,250,144,-5.99992,8.00006,94.0001,-2.00006
105,6,-6,-7.99998,-5.008e-07,-7.13053e-07,1.1962e-06,5.17616e-10,-1.21437e-06,0.697592,0,255,144,-6,7.99999,99,-1.99998
110,6,-6.00003,-8,-3.93302e-07,-7.26465e-08,7.69992e-07,1.84071e-07,-6.5002e-07,0.982697,0,260,144,-6.00003,8,104,-2
115,6,-6,-7.99998,9.34163e-07,2.19194e-07,-5.69614e-07,1.03375e-06,1.19612e-07,-0.336362,5.15412e-06,265,144,-6.00001,7.99999,109,-1.99998
120,6,-6,-8,3.717e-06,-1.53122e-07,-2.01678e-06,3.96398e-06,-4.00103e-07,-0.240198,1.25583e-05,270,144,-5.99999,8,114,-2
125,6,-5.99997,-8.00002,7.79508e-06,-8.7633e-07,-3.61943e-06,8.15761e-06,-1.23886e-06,-0.197707,1.37655e-05,275,144,-5.99998,8.00001,119,-2.00002
130,6,-5.99991,-8.00008,1.6961e-05,-1.82477e-06,-6.49915e-06,1.75072e-05,-2.371e-06,-0.166537,0,280,144,-5.9999,8.00008,124,-2.00008
-135,1,0,0,0,0,0,0,0,0,-1,15,149,0,0,-135,1
-130,1,-6.00002,-7.99998,0,0,0,0,0,0,-1,20,149,-6.00002,7.99999,-136,-6.99998
-125,1,-6,-7.99998,-6.50891e-06,-4.93715e-07,8.21265e-06,1.58863e-06,-8.59126e-06,1.10148,0,25,149,-6,7.99999,-131,-6.99998
-120,1,-6.00001,-8,-1.25388e-06,8.43035e-07,8.34448e-07,9.23001e-07,-1.33385e-06,1.38143,4.73287e-06,30,149,-6.00001,7.99999,-126,-7
-115,1,-5.99993,-8.00006,5.4e-07,1.26495e-06,-1.90873e-06,1.92335e-06,-1.18406e-07,-0.966888,0,35,149,-5.99993,8.00007,-121,-7.00006
-110,1,-5.99994,-8.00008,9.69441e-07,9.83666e-07,-2.38065e-06,2.1669e-06,-2.13793e-07,-0.788386,0,40,149,-5.99994,8.00007,-116,-7.00008
-105,1,-6.00003,-7.99998,3.78313e-07,5.54048e-07,-1.31459e-06,1.12932e-06,-1.96961e-07,-0.851844,0,45,149,-6.00003,7.99998,-111,-6.99998
-100,1,-5.99993,-8.00009,-1.78895e-07,5.53726e-07,-7.62522e-07,7.16134e-07,-3.41303e-07,-1.1681,0,50,149,-5.99993,8.00009,-106,-7.00009
-95,1,-5.99994,-8.00008,-4.91136e-07,7.83257e-07,-8.13881e-07,9.02116e-07,-6.09995e-07,-1.28662,0,55,149,-5.99994,8.00008,-101,-7.00008
-90,1,-5.99994,-8.00009,-1.16341e-06,7.75702e-07,-1.1255e-07,7.77334e-07,-1.16504e-06,-1.54181,0,60,149,-5.99994,8.00009,-95.9999,-7.00009
-85,1,-5.99994,-8.00011,-1.62701e-06,3.73602e-07,1.05594e-06,5.04386e-07,-1.75779e-06,1.32797,0,65,149,-5.99994,8.00011,-90.9999,-7.00011
-80,1,-5.99992,-8.00009,-1.52759e-06,1.38449e-07,1.62863e-06,4.70345e-07,-1.85948e-06,1.18377,0,70,149,-5.99993,8.00009,-85.9999,-7.00009
-75,1,-6.00001,-7.99998,-9.2316e-07,7.99157e-08,1.15042e-06,3.41534e-07,-1.18478e-06,1.14394,0,75,149,-6.00001,7.99999,-81,-6.99998
-70,1,-6,-8,-1.22324e-07,5.58538e-07,-2.16769e-07,5.75375e-07,-1.39161e-07,-1.41668,6.69012e-06,80,149,-6,8,-76,-7
-65,1,-6,-8,5.22682e-07,8.90301e-07,-1.39823e-06,1.42937e-06,-1.63831e-08,-0.913948,3.03292e-06,85,149,-6,8,-71,-7
-60,1,-5.99999,-8,6.60424e-07,9.82288e-07,-1.37835e-06,1.52907e-06,1.1364e-07,-0.9001,1.03967e-05,90,149,-6,8,-66,-7
-55,1,-6,-8,2.1599e-07,6.52195e-07,-1.29075e-07,6.61543e-07,2.06642e-07,-1.42695,0,95,149,-6,7.99999,-61,-7
-50,1,-6,-8,8.98201e-08,1.82979e-07,1.05064e-06,6.63779e-07,-3.90979e-07,0.829617,0,100,149,-6,8,-56,-7
-45,1,-5.99999,-8,4.71616e-07,9.95383e-08,4.62569e-07,5.82399e-07,-1.12443e-08,0.446698,3.06035e-07,105,149,-5.99999,8.00001,-51,-7
-40,1,-5.99999,-8,8.17125e-07,7.17203e-07,-1.29614e-06,1.41716e-06,1.17171e-07,-0.746928,0,110,149,-5.99999,8.00001,-46,-7
-35,1,-5.99999,-8,7.88477e-07,1.48101e-06,-2.6871e-06,2.5222e-06,-2.52713e-07,-0.911516,8.5811e-06,115,149,-5.99999,8,-41,-7
-30,1,-5.99995,-8.00011,1.17073e-07,2.06941e-06,-2.15163e-06,2.54592e-06,-3.59438e-07,-1.15384,0,120,149,-5.99994,8.0001,-35.9999,-7.00011
-25,1,-6.00001,-8.00002,-8.9965e-07,2.00616e-06,-7.08336e-08,2.00659e-06,-9.00082e-07,-1.55861,0,125,149,-6.00001,8.00002,-31,-7.00002
-20,1,-5.99998,-8,-1.208e-06,1.25441e-06,1.18257e-06,1.38903e-06,-1.34263e-06,1.34694,4.89192e-06,130,149,-5.99999,8.00001,-26,-7
-15,1,-6,-8,-1.0403e-06,2.76114e-07,9.44263e-07,4.27935e-07,-1.19212e-06,1.25968,0,135,149,-5.99999,8.00001,-21,-7
-10,1,-5.99998,-8.00002,-8.72616e-07,-4.43371e-07,3.09521e-07,-3.93393e-07,-9.22594e-07,1.25843,0,140,149,-5.99999,8.00001,-16,-7.00002
-5,1,-6,-8,-5.53911e-07,-6.76779e-07,4.21079e-08,-5.50404e-07,-6.80286e-07,0.165083,7.11464e-06,145,149,-6.00001,8,-11,-7
0,1,-6.00002,-8.00002,9.90294e-08,-5.76961e-07,-1.57879e-07,1.08125e-07,-5.86057e-07,-0.11472,3.40113e-06,150,149,-6.00001,8.00001,-6.00002,-7.00002
5,1,-6,-8,8.36439e-07,-6.6399e-07,-7.5993e-08,8.374e-07,-6.64952e-07,-0.0253021,3.08281e-06,155,149,-6,8,-1,-7
10,1,-6,-8,1.06326e-06,-4.61959e-07,-3.77993e-07,1.08633e-06,-4.8503e-07,-0.121467,8.22464e-06,160,149,-6,8,4,-7
15,1,-5.99989,-8.00008,7.65237e-07,9.50575e-08,-5.43923e-07,8.61711e-07,-1.41748e-09,-0.340889,0,165,149,-5.99989,8.00007,9.00011,-7.00008
20,1,-6,-8,3.14572e-07,5.02876e-07,-1.72396e-07,5.36374e-07,2.81073e-07,-1.20013,0,170,149,-6,8,14,-7
25,1,-6,-8.00002,-3.04297e-08,3.45252e-07,9.27312e-07,6.57672e-07,-3.4285e-07,0.977858,0,175,149,-6,8.00001,19,-7.00002
30,1,-6,-7.99998,-1.21733e-07,-7.28783e-08,1.63804e-06,7.22077e-07,-9.16689e-07,0.800306,6.09931e-06,180,149,-6,7.99999,24,-6.99998
35,1,-6,-8,3.83925e-07,-1.54512e-07,1.36469e-06,8.4824e-07,-6.18828e-07,0.597499,1.22055e-05,185,149,-6,8,29,-7
40,1,-5.99998,-8,7.96157e-07,6.48878e-08,5.40818e-07,8.85286e-07,-2.42409e-08,0.318393,1.36786e-05,190,149,-5.99999,8,34,-7
45,1,-5.99998,-7.99998,7.64658e-07,3.64953e-07,-1.7697e-07,7.8337e-07,3.4624e-07,-0.208404,0,195,149,-5.99999,7.99999,39,-6.99998
50,1,-6.00002,-8.00002,6.48418e-07,2.91602e-07,-8.1559e-07,9.15123e-07,2.48961e-08,-0.579195,1.18767e-05,200,149,-6.00001,8.00002,44,-7.00002
55,1,-6,-8,2.70252e-07,-1.03337e-07,-1.05471e-06,6.42915e-07,-4.76001e-07,-0.615187,1.44718e-05,205,149,-6.00001,8,49,-7
60,1,-5.99992,-8.00012,-2.4263e-07,-5.03804e-07,-1.02475e-06,1.55537e-07,-9.01971e-07,-0.660622,0,210,149,-5.99993,8.00012,54.0001,-7.00012
65,1,-5.99985,-8.00014,-1.03581e-06,-8.79867e-07,-9.26975e-08,-8.67132e-07,-1.04854e-06,-1.30263,0,215,149,-5.99985,8.00014,59.0002,-7.00014
70,1,-6.00003,-8,-1.89304e-06,-1.02603e-06,1.15281e-06,-7.38307e-07,-2.18076e-06,1.10781,4.3724e-06,220,149,-6.00002,8,64,-7
75,1,-6.00003,-8,-1.99177e-06,-1.22241e-06,2.09945e-06,-4.89103e-07,-2.72508e-06,0.961028,5.30923e-06,225,149,-6.00003,8,69,-7
80,1,-6.00005,-8,-7.36888e-07,-1.17047e-06,1.86314e-06,2.78305e-09,-1.91014e-06,0.671075,0,230,149,-6.00005,8.00001,74,-7
85,1,-6,-8,9.99931e-07,-1.29682e-06,1.21647e-06,1.15106e-06,-1.44795e-06,0.243541,0,235,149,-6,7.99999,79,-7
90,1,-6.00002,-8,1.93437e-06,-1.36504e-06,7.67456e-07,1.97841e-06,-1.40908e-06,0.11427,5.00763e-06,240,149,-6.00001,8,84,-7
95,1,-6,-8.00003,1.37073e-06,-1.60494e-06,1.29309e-06,1.50514e-06,-1.73935e-06,0.204967,9.77508e-06,245,149,-6,8.00004,89,-7.00003
100,1,-5.99989,-8.00003,6.04832e-08,-1.37635e-06,1.7025e-06,4.55954e-07,-1.77182e-06,0.434911,0,250,149,-5.9999,8.00003,94.0001,-7.00003
105,1,-5.99997,-8.00002,-3.87133e-07,-1.06401e-06,1.69144e-06,1.85351e-07,-1.6365e-06,0.595067,9.42382e-06,255,149,-5.99997,8.00001,99,-7.00002
110,1,-5.99995,-8,-8.3192e-08,-3.54581e-07,1.04013e-06,3.18588e-07,-7.56361e-07,0.657784,6.37025e-06,260,149,-5.99996,8,104,-7
115,1,-5.99994,-8.00006,9.70773e-07,4.52929e-08,4.21297e-08,9.71252e-07,4.48136e-08,0.0227453,0,265,149,-5.99995,8.00006,109,-7.00006
120,1,-5.99982,-8.00002,2.88327e-06,-2.83915e-07,-1.22432e-07,2.88445e-06,-2.85098e-07,-0.0193185,0,270,149,-5.99981,8.00001,114,-7.00002
125,1,-6,-8.00002,5.68225e-06,-1.12087e-06,2.17617e-07,5.68399e-06,-1.12261e-06,0.0159884,1.05161e-05,275,149,-5.99999,8.00001,119,-7.00002
130,1,-5.99988,-8.00002,1.28143e-05,-2.84973e-06,1.13847e-06,1.2835e-05,-2.87038e-06,0.0362765,0,280,149,-5.99987,8.00001,124,-7.00002
-135,-4,0,0,0,0,0,0,0,0,-1,15,154,0,0,-135,-4
-130,-4,-6.00003,-8.00011,0,0,0,0,0,0,-1,20,154,-6.00003,8.00011,-136,-12.0001
-125,-4,-5.99995,-8.00012,-3.88388e-06,-5.18662e-07,6.04078e-06,1.25617e-06,-5.65872e-06,1.03953,0,25,154,-5.99995,8.00012,-131,-12.0001
-120,-4,-6.00002,-8,1.2134e-07,4.65263e-07,-8.69742e-08,4.70677e-07,1.15927e-07,-1.44695,5.92458e-06,30,154,-6.00002,7.99999,-126,-12
-115,-4,-5.99994,-8.00008,5.2484e-07,5.02541e-07,-1.41745e-06,1.2225e-06,-1.95122e-07,-0.777533,0,35,154,-5.99994,8.00008,-121,-12.0001
-110,-4,-5.99993,-8.00009,2.65315e-07,-3.49125e-08,-9.90038e-07,6.32481e-07,-4.02078e-07,-0.638181,0,40,154,-5.99993,8.0001,-116,-12.0001
-105,-4,-5.99993,-8.00008,3.05049e-08,-7.12144e-07,2.06029e-07,4.45295e-08,-7.26168e-07,0.13531,0,45,154,-5.99993,8.00007,-111,-12.0001
-100,-4,-5.99992,-8.00008,2.44828e-07,-9.69303e-07,6.552e-07,3.27581e-07,-1.05206e-06,0.247429,0,50,154,-5.99992,8.00007,-106,-12.0001
-95,-4,-5.99993,-8.00006,7.39297e-08,-7.42363e-07,2.73694e-07,9.62605e-08,-7.64694e-07,0.161755,0,55,154,-5.99993,8.00007,-101,-12.0001
-90,-4,-6.00001,-7.99998,-1.06698e-06,-5.59347e-07,6.76786e-07,-3.9016e-07,-1.23617e-06,1.10717,9.76754e-06,60,154,-6.00001,7.99998,-96,-12
-85,-4,-6,-8,-1.85668e-06,-2.56712e-07,9.09226e-07,-1.36561e-07,-1.97683e-06,1.31241,1.02621e-05,65,154,-6,8,-91,-12
-80,-4,-6,-7.99997,-1.629e-06,-2.61003e-09,1.01481e-06,1.42708e-07,-1.77432e-06,1.29187,4.74664e-06,70,154,-6,7.99997,-86,-12
-75,-4,-6.00002,-8,-7.05068e-07,3.59265e-07,5.27074e-08,3.59917e-07,-7.0572e-07,1.54606,1.25255e-05,75,154,-6.00002,7.99999,-81,-12
-70,-4,-6.00002,-7.99998,-2.16415e-08,1.01009e-06,-1.3875e-06,1.35875e-06,-3.70301e-07,-1.10509,6.23338e-07,80,154,-6.00001,7.99998,-76,-12
-65,-4,-5.99999,-8,2.04959e-08,1.38478e-06,-2.32408e-06,2.0501e-06,-6.44827e-07,-1.05081,1.08231e-05,85,154,-5.99999,8,-71,-12
-60,-4,-6,-8.00002,-2.0586e-07,1.05936e-06,-1.72644e-06,1.49696e-06,-6.43457e-07,-1.10162,1.01145e-05,90,154,-6,8.00001,-66,-12
-55,-4,-6,-8,-4.47371e-07,4.74197e-07,-2.39423e-07,4.89493e-07,-4.62668e-07,-1.44371,0,95,154,-6,8,-61,-12
-50,-4,-5.99993,-8.00017,1.09641e-07,-1.36933e-07,8.38819e-07,4.23509e-07,-4.508e-07,0.642448,0,100,154,-5.99993,8.00017,-55.9999,-12.0002
-45,-4,-6,-8.00002,1.33273e-06,-2.05884e-07,-1.21919e-08,1.33275e-06,-2.05908e-07,-0.00396189,0,105,154,-6,8.00001,-51,-12
-40,-4,-6,-8.00002,1.99479e-06,7.1632e-08,-1.71287e-06,2.32089e-06,-2.54466e-07,-0.363813,0,110,154,-6,8.00001,-46,-12
-35,-4,-5.99985,-8.00012,1.48942e-06,7.14488e-07,-2.85024e-06,2.57881e-06,-3.749e-07,-0.652665,0,115,154,-5.99985,8.00012,-40.9998,-12.0001
-30,-4,-5.99994,-8.00011,1.6119e-08,1.20048e-06,-1.94046e-06,1.74498e-06,-5.28372e-07,-1.0594,0,120,154,-5.99994,8.00011,-35.9999,-12.0001
-25,-4,-6,-8,-1.50264e-06,1.55823e-06,6.56517e-07,1.59304e-06,-1.53744e-06,1.46515,4.20052e-06,125,154,-6,8,-31,-12
-20,-4,-5.99995,-8.00009,-1.78249e-06,1.11943e-06,2.51727e-06,1.58926e-06,-2.25232e-06,1.21353,0,130,154,-5.99995,8.0001,-25.9999,-12.0001
-15,-4,-5.99998,-7.99998,-1.26596e-06,3.31805e-07,2.40355e-06,9.76001e-07,-1.91016e-06,1.07874,5.82204e-06,135,154,-5.99999,7.99999,-21,-12
-10,-4,-6,-7.99998,-9.25251e-07,-4.99002e-07,1.23266e-06,-5.99871e-08,-1.36427e-06,0.95186,0,140,154,-6,7.99998,-16,-12
-5,-4,-5.99998,-8,-6.59187e-07,-6.13759e-07,8.60458e-08,-5.87822e-07,-6.85124e-07,1.02827,0,145,154,-5.99999,8,-11,-12
0,-4,-5.99998,-7.99998,-2.66608e-07,-4.43883e-07,-3.59554e-07,-1.54805e-07,-5.55686e-07,-0.556366,6.39488e-06,150,154,-5.99999,7.99999,-5.99998,-12
5,-4,-6,-8,5.63902e-07,-4.85052e-07,-2.03103e-07,5.73643e-07,-4.94793e-07,-0.0956288,0,155,154,-6,8,-1,-12
10,-4,-6,-7.99998,1.28361e-06,-3.9667e-07,-7.26349e-07,1.35874e-06,-4.71807e-07,-0.20401,9.14902e-06,160,154,-5.99999,7.99999,4,-12
15,-4,-6.00005,-7.99997,1.08406e-06,-1.15222e-07,-1.00979e-06,1.26831e-06,-2.99474e-07,-0.349915,0,165,154,-6.00004,7.99998,8.99995,-12
20,-4,-5.99992,-8.00006,1.48951e-07,1.15303e-07,-2.87707e-07,2.76961e-07,-1.27069e-08,-0.727186,0,170,154,-5.99992,8.00006,14.0001,-12.0001
25,-4,-6,-8.00002,-5.56054e-07,8.56433e-08,8.62004e-07,3.02109e-07,-7.7252e-07,1.10536,6.16508e-06,175,154,-6,8.00002,19,-12
30,-4,-5.99998,-8,-4.01629e-07,7.76335e-08,1.02539e-06,4.03935e-07,-7.27931e-07,1.00401,0,180,154,-5.99998,8,24,-12
35,-4,-6,-8,5.7133e-07,4.82257e-07,-4.03461e-08,5.75685e-07,4.77901e-07,-0.212655,1.26794e-05,185,154,-6.00001,8,29,-12
40,-4,-5.99998,-8,1.20149e-06,1.19349e-06,-1.34915e-06,1.87208e-06,5.22903e-07,-0.78243,0,190,154,-5.99999,8,34,-12
45,-4,-6,-8.00002,9.64714e-07,1.79309e-06,-1.81634e-06,2.37706e-06,3.80742e-07,-0.999344,6.71169e-06,195,154,-6,8.00001,39,-12
50,-4,-5.99998,-8,5.22781e-07,1.56773e-06,-1.49545e-06,1.95743e-06,1.33077e-07,-1.09034,0,200,154,-5.99999,7.99999,44,-12
55,-4,-5.99998,-8,6.47733e-08,5.61813e-07,-8.84775e-07,8.20707e-07,-1.94121e-07,-1.04132,9.8542e-06,205,154,-5.99998,8,49,-12
60,-4,-6,-7.99998,-4.19625e-07,-6.99163e-07,-3.25242e-07,-3.44962e-07,-7.73826e-07,-0.430413,0,210,154,-6,7.99998,54,-12
65,-4,-6,-8,-1.11929e-06,-1.48062e-06,4.72618e-07,-1.0025e-06,-1.59742e-06,0.459028,0,215,154,-6,8,59,-12
70,-4,-5.99991,-8.00009,-1.81418e-06,-1.38307e-06,9.30045e-07,-1.08607e-06,-2.11118e-06,1.00242,0,220,154,-5.99991,8.0001,64.0001,-12.0001
75,-4,-6.00003,-8,-1.79523e-06,-6.8997e-07,7.90577e-07,-5.6315e-07,-1.92205e-06,1.26034,1.04219e-05,225,154,-6.00004,8,69,-12
80,-4,-6.00003,-8,-6.02028e-07,-4.48083e-10,4.54505e-08,4.09159e-10,-6.02885e-07,1.53309,1.04405e-05,230,154,-6.00003,8,74,-12
85,-4,-6.00003,-8.00003,9.47691e-07,3.93311e-08,-3.41766e-07,9.78774e-07,8.24787e-09,-0.179931,9.44499e-06,235,154,-6.00002,8.00002,79,-12
90,-4,-6,-8.00002,1.61196e-06,-3.58009e-07,8.26826e-08,1.61283e-06,-3.58876e-07,0.0209734,7.93418e-06,240,154,-5.99999,8.00002,84,-12
95,-4,-6,-8,9.13532e-07,-8.92002e-07,1.30389e-06,1.12433e-06,-1.1028e-06,0.312723,1.04245e-05,245,154,-6,8,89,-12
100,-4,-6,-8,-2.43949e-07,-9.13616e-07,2.02319e-06,4.86785e-07,-1.64435e-06,0.625575,7.81085e-06,250,154,-6,8,94,-12
105,-4,-6,-8,-4.20301e-07,-6.85673e-07,1.85604e-06,3.84471e-07,-1.49045e-06,0.714391,8.24055e-06,255,154,-5.99999,8,99,-12
110,-4,-6,-7.99998,1.29524e-07,-1.79529e-07,1.32165e-06,6.53651e-07,-7.03656e-07,0.670542,7.58742e-06,260,154,-6,7.99999,104,-12
115,-4,-6,-8,7.33447e-07,9.9272e-08,9.24778e-07,9.77027e-07,-1.44308e-07,0.484846,6.2148e-06,265,154,-6,8,109,-12
120,-4,-6,-8,1.3867e-06,-1.48504e-07,1.70961e-06,1.76797e-06,-5.29774e-07,0.419548,8.00358e-06,270,154,-6,8,114,-12
125,-4,-6.00003,-8,2.28788e-06,-7.27187e-07,3.00415e-06,2.90846e-06,-1.34777e-06,0.391792,1.21783e-05,275,154,-6.00002,8,119,-12
130,-4,-6,-7.99998,6.01274e-06,-2.05768e-06,5.29024e-06,6.80242e-06,-2.84736e-06,0.29012,5.86159e-06,280,154,-6.00001,7.99999,124,-12
-135,-9,0,0,0,0,0,0,0,0,-1,15,159,0,0,-135,-9
-130,-9,-6,-8,0,0,0,0,0,0,-1,20,159,-6,8,-136,-17
-125,-9,-6,-8,-1.12904e-06,-5.38087e-07,3.05e-06,7.19796e-07,-2.38692e-06,0.881091,0,25,159,-6,8,-131,-17
-120,-9,-6,-8,1.10738e-06,-7.0856e-07,-1.55609e-08,1.10741e-06,-7.08593e-07,-0.00428444,8.26252e-06,30,159,-6,8,-126,-17
-115,-9,-5.99994,-8.00008,3.91447e-07,-1.0133e-06,-1.03072e-07,3.93335e-07,-1.01519e-06,-0.0366215,0,35,159,-5.99994,8.00008,-121,-17.0001
-110,-9,-6,-8,-5.6807e-07,-1.21667e-06,4.88198e-07,-4.86471e-07,-1.29827e-06,0.322611,7.1084e-06,40,159,-6,8,-116,-17
-105,-9,-6,-8,-6.33943e-07,-1.40655e-06,1.16561e-06,-3.21038e-07,-1.71945e-06,0.492726,0,45,159,-6,8,-111,-17
-100,-9,-6.00004,-8.00002,5.1279e-07,-1.4817e-06,1.26944e-06,6.97649e-07,-1.66656e-06,0.283405,0,50,159,-6.00004,8.00001,-106,-17
-95,-9,-6.00003,-8,1.06179e-06,-1.34037e-06,8.66012e-07,1.13746e-06,-1.41603e-06,0.173005,1.03899e-05,55,159,-6.00003,8,-101,-17
-90,-9,-5.99982,-8.00011,-8.31833e-08,-1.09896e-06,1.06771e-06,1.45781e-07,-1.32792e-06,0.40516,0,60,159,-5.99982,8.0001,-95.9998,-17.0001
-85,-9,-6.00001,-8,-1.44539e-06,-4.24588e-07,7.92745e-07,-2.88753e-07,-1.58122e-06,1.24064,1.06517e-05,65,159,-6.00001,8,-91,-17
-80,-9,-6.00001,-8.00002,-1.7054e-06,1.52279e-07,6.43306e-07,2.06396e-07,-1.75952e-06,1.40411,5.32764e-06,70,159,-6.00001,8.00001,-86,-17
-75,-9,-6.00002,-8,-6.78802e-07,7.47965e-07,-4.69071e-07,7.85529e-07,-7.16366e-07,-1.41198,1.51735e-05,75,159,-6.00002,8,-81,-17
-70,-9,-5.9999,-8.00005,1.22768e-07,1.17152e-06,-1.70064e-06,1.64615e-06,-3.51863e-07,-1.0617,0,80,159,-5.9999,8.00005,-75.9999,-17
-65,-9,-5.99999,-7.99998,-2.21138e-07,1.3042e-06,-2.31044e-06,1.9258e-06,-8.42734e-07,-1.07715,0,85,159,-5.99999,7.99999,-71,-17
-60,-9,-5.99996,-8.00011,-8.73255e-07,5.98494e-07,-1.57934e-06,9.42014e-07,-1.21678e-06,-1.16047,0,90,159,-5.99996,8.00011,-66,-17.0001
-55,-9,-6,-8.00002,-1.04544e-06,-3.96648e-09,-4.33001e-07,3.92465e-08,-1.08865e-06,-1.37379,8.58929e-06,95,159,-6,8.00001,-61,-17
-50,-9,-6.00002,-7.99998,-2.11022e-07,-2.43689e-07,1.38555e-07,-1.56179e-07,-2.98532e-07,0.669628,1.11194e-05,100,159,-6.00002,7.99998,-56,-17
-45,-9,-6.00001,-8,1.37491e-06,-2.51647e-08,-5.59171e-07,1.42867e-06,-7.89313e-08,-0.189989,0,105,159,-6.00001,8.00001,-51,-17
-40,-9,-5.99999,-8,2.32225e-06,2.63883e-09,-1.70502e-06,2.60186e-06,-2.76972e-07,-0.31693,8.75538e-06,110,159,-5.99999,7.99999,-46,-17
-35,-9,-6,-7.99998,1.82209e-06,1.57723e-07,-2.33731e-06,2.42457e-06,-4.44764e-07,-0.476002,6.95472e-06,115,159,-6,7.99998,-41,-17
-30,-9,-6.00001,-8,1.18478e-07,-3.86117e-08,-1.21904e-06,6.54492e-07,-5.74626e-07,-0.721319,2.62086e-06,120,159,-6.00001,8,-36,-17
-25,-9,-5.99992,-8.00012,-1.67326e-06,9.50982e-08,1.49353e-06,3.68258e-07,-1.94642e-06,1.22012,0,125,159,-5.99992,8.00012,-30.9999,-17.0001
-20,-9,-5.99994,-8.00009,-2.05501e-06,2.07656e-08,3.59528e-06,1.05862e-06,-3.09287e-06,1.0472,0,130,159,-5.99994,8.00009,-25.9999,-17.0001
-15,-9,-6,-7.99998,-1.31261e-06,-1.4032e-07,3.57061e-06,1.1526e-06,-2.60553e-06,0.944013,7.88181e-06,135,159,-6,7.99998,-21,-17
-10,-9,-5.99998,-7.99998,-7.45081e-07,-3.69553e-07,1.88764e-06,4.04998e-07,-1.51963e-06,0.883587,9.06009e-06,140,159,-5.99999,7.99998,-16,-17
-5,-9,-6,-8,-5.68619e-07,-1.33386e-07,-9.05467e-09,-1.33339e-07,-5.68666e-07,-1.5604,9.54381e-06,145,159,-6,7.99999,-11,-17
0,-9,-6.00002,-7.99998,-5.61609e-07,1.24453e-08,-5.59785e-07,1.26323e-07,-6.75486e-07,-1.18439,1.02129e-05,150,159,-6.00001,7.99998,-6.00002,-17
5,-9,-6.00002,-7.99998,2.27499e-07,9.40068e-09,-4.76147e-07,3.8031e-07,-1.4341e-07,-0.570635,8.10434e-07,155,159,-6.00001,7.99998,-1.00002,-17
10,-9,-6.00002,-7.99998,1.29761e-06,-7.72623e-08,-8.19895e-07,1.41056e-06,-1.90217e-07,-0.268864,2.48766e-06,160,159,-6.00001,7.99999,3.99998,-17
15,-9,-5.99998,-8,1.1965e-06,-2.09304e-07,-7.86689e-07,1.29907e-06,-3.11878e-07,-0.255093,7.10802e-06,165,159,-5.99999,8,9.00002,-17
20,-9,-6,-8,1.58217e-07,-2.76049e-07,5.48905e-08,1.59945e-07,-2.77776e-07,0.0628658,0,170,159,-6,8,14,-17
25,-9,-6,-8.00002,-4.36398e-07,-7.34262e-08,5.67287e-07,8.18234e-08,-5.91648e-07,1.07,8.14518e-06,175,159,-5.99999,8.00002,19,-17
30,-9,-6,-8,5.00021e-08,4.52438e-07,-2.4921e-07,4.87895e-07,1.45451e-08,-1.29357,9.63804e-06,180,159,-6,8.00001,24,-17
35,-9,-6,-8,1.29224e-06,1.3803e-06,-2.15556e-06,2.41494e-06,2.5759e-07,-0.805812,0,185,159,-5.99999,8,29,-17
40,-9,-5.99998,-8.00002,1.83729e-06,2.38363e-06,-3.644e-06,3.95282e-06,2.68097e-07,-0.859809,3.47163e-06,190,159,-5.99999,8.00001,34,-17
45,-9,-6.00002,-8.00002,1.05139e-06,2.97102e-06,-3.45947e-06,3.98939e-06,3.30158e-08,-1.03869,6.36889e-06,195,159,-6.00002,8.00001,39,-17
50,-9,-5.99992,-8.00003,-2.78968e-08,2.59668e-06,-2.00505e-06,2.9358e-06,-3.67018e-07,-1.24461,0,200,159,-5.99992,8.00004,44.0001,-17
55,-9,-5.99997,-8.00005,-8.12161e-07,1.33305e-06,-3.73201e-07,1.34916e-06,-8.28272e-07,-1.48467,0,205,159,-5.99998,8.00005,49,-17
60,-9,-6,-7.99997,-1.21197e-06,-4.02876e-07,6.6464e-07,-2.83883e-07,-1.33097e-06,1.22695,9.71037e-06,210,159,-6,7.99997,54,-17
65,-9,-6,-8,-1.31335e-06,-1.47732e-06,8.60286e-07,-9.57445e-07,-1.83322e-06,0.691226,0,215,159,-6,8,59,-17
70,-9,-6,-8,-1.23731e-06,-1.45331e-06,1.47321e-07,-1.21459e-06,-1.47604e-06,0.299293,9.03022e-06,220,159,-6,8,64,-17
75,-9,-5.99992,-8.00006,-9.15606e-07,-5.0747e-07,-8.61784e-07,-2.34766e-07,-1.18831e-06,-1.00655,0,225,159,-5.99993,8.00006,69.0001,-17.0001
80,-9,-6,-8,-1.11936e-07,3.74512e-07,-1.38868e-06,8.66997e-07,-6.04421e-07,-0.953867,7.81789e-06,230,159,-6.00001,8.00001,74,-17
85,-9,-6.00003,-8.00002,6.33711e-07,5.19071e-07,-8.11429e-07,9.86135e-07,1.66647e-07,-0.715221,9.38166e-06,235,159,-6.00003,8.00002,79,-17
90,-9,-5.99992,-8.00005,6.657e-07,-1.4541e-08,6.33606e-07,7.90387e-07,-1.39228e-07,0.374959,0,240,159,-5.99993,8.00005,84.0001,-17
95,-9,-5.99992,-8.00005,-5.35457e-08,-5.35682e-07,1.8892e-06,6.80261e-07,-1.26949e-06,0.660461,0,245,159,-5.99992,8.00004,89.0001,-17
100,-9,-5.99998,-7.99998,-7.06623e-07,-6.15775e-07,2.13362e-06,4.06575e-07,-1.72897e-06,0.806675,0,250,159,-5.99999,7.99999,94,-17
105,-9,-6,-8,-5.29526e-07,-3.35688e-07,1.42267e-06,2.85301e-07,-1.15051e-06,0.853106,0,255,159,-5.99999,8,99,-17
110,-9,-6.00002,-8.00002,6.7106e-08,9.93449e-09,1.04549e-06,5.62045e-07,-4.85005e-07,0.758083,9.75277e-06,260,159,-6.00001,8.00002,104,-17
115,-9,-6,-8.00002,3.60143e-07,1.38999e-07,1.20588e-06,8.62568e-07,-3.63426e-07,0.694712,0,265,159,-5.99999,8.00001,109,-17
120,-9,-6,-8.00002,3.73143e-07,-7.33628e-09,2.22336e-06,1.31074e-06,-9.44937e-07,0.700655,6.73721e-06,270,159,-5.99999,8.00001,114,-17
125,-9,-5.99994,-8.00003,3.95553e-07,-2.50611e-07,3.21449e-06,1.71187e-06,-1.56692e-06,0.686212,0,275,159,-5.99994,8.00004,119,-17
130,-9,-6,-8.00002,1.58032e-06,-6.52671e-07,4.57454e-06,3.00905e-06,-2.0814e-06,0.558343,3.47268e-06,280,159,-6,8.00001,124,-17
-135,-14,0,0,0,0,0,0,0,0,-1,15,164,0,0,-135,-14
-130,-14,-6,-8,0,0,0,0,0,0,-1,20,164,-6,8,-136,-22
-125,-14,-6,-8,-5.87571e-07,5.311e-07,9.30456e-08,5.33031e-07,-5.89502e-07,1.5293,4.51094e-06,25,164,-6,7.99999,-131,-22
-120,-14,-5.99994,-8.00006,6.93796e-07,-1.31097e-06,5.31051e-07,7.28367e-07,-1.34555e-06,0.129473,0,30,164,-5.99994,8.00007,-126,-22.0001
-115,-14,-5.9999,-8.00008,1.8849e-07,-1.99364e-06,9.66152e-07,2.9065e-07,-2.0958e-06,0.208407,0,35,164,-5.99989,8.00007,-121,-22.0001
-110,-14,-6,-7.99998,-6.33081e-07,-1.83264e-06,1.0008e-06,-4.51748e-07,-2.01397e-06,0.347657,7.94244e-06,40,164,-6,7.99999,-116,-22
-105,-14,-5.99993,-8.00008,-7.72783e-07,-1.18896e-06,6.65465e-07,-5.88429e-07,-1.37332e-06,0.505957,0,45,164,-5.99993,8.00007,-111,-22.0001
-100,-14,-6.00001,-8.00003,4.32495e-07,-5.48822e-07,1.43847e-07,4.37738e-07,-5.54065e-07,0.0727747,2.57545e-06,50,164,-6.00001,8.00003,-106,-22
-95,-14,-5.99991,-8.00003,1.29413e-06,-3.01218e-07,1.27839e-08,1.29416e-06,-3.01244e-07,0.00400654,0,55,164,-5.99991,8.00003,-101,-22
-90,-14,-6,-8.00005,5.22471e-07,-2.39298e-07,4.4852e-07,5.83588e-07,-3.00415e-07,0.266067,0,60,164,-6,8.00004,-96,-22
-85,-14,-5.99989,-8.00005,-7.98405e-07,-7.13574e-08,6.08385e-07,3.91259e-08,-9.08888e-07,1.22241,0,65,164,-5.99989,8.00005,-90.9999,-22
-80,-14,-5.99999,-8.00002,-1.34145e-06,1.60276e-07,5.65814e-07,2.11804e-07,-1.39298e-06,1.39063,8.58409e-06,70,164,-5.99999,8.00001,-86,-22
-75,-14,-5.99989,-8.00003,-4.89985e-07,7.27523e-07,-4.12746e-07,7.61553e-07,-5.24015e-07,-1.40737,0,75,164,-5.99989,8.00004,-80.9999,-22
-70,-14,-5.99999,-8,3.65429e-07,1.03106e-06,-1.43667e-06,1.48993e-06,-9.34472e-08,-1.00233,5.14465e-06,80,164,-6,8,-76,-22
-65,-14,-5.99998,-8,-1.0191e-07,1.00113e-06,-1.64236e-06,1.43881e-06,-5.39589e-07,-1.08111,0,85,164,-5.99998,8,-71,-22
-60,-14,-5.99995,-8.00006,-1.05175e-06,2.49032e-07,-1.07502e-06,4.42398e-07,-1.24512e-06,-1.22547,0,90,164,-5.99994,8.00007,-65.9999,-22.0001
-55,-14,-6,-8,-1.20432e-06,-3.17793e-07,-6.03229e-07,-2.24909e-07,-1.29721e-06,-1.27206,1.262e-05,95,164,-6,8,-61,-22
-50,-14,-6.00002,-7.99998,-4.25641e-07,-2.11038e-07,-7.88008e-07,9.00148e-08,-7.26693e-07,-0.918342,2.78412e-06,100,164,-6.00002,7.99999,-56,-22
-45,-14,-6,-8.00002,1.06505e-06,1.67498e-07,-1.31793e-06,1.41354e-06,-1.80992e-07,-0.486457,0,105,164,-6,8.00001,-51,-22
-40,-14,-6.00003,-7.99998,2.07846e-06,2.25061e-07,-1.76182e-06,2.43034e-06,-1.26823e-07,-0.380036,0,110,164,-6.00003,7.99998,-46,-22
-35,-14,-5.99992,-8.00009,1.57758e-06,1.62053e-08,-1.4135e-06,1.84996e-06,-2.56182e-07,-0.367866,0,115,164,-5.99992,8.00009,-40.9999,-22.0001
-30,-14,-5.99988,-8.00006,-1.74957e-07,-5.15492e-07,9.05601e-08,-1.69039e-07,-5.2141e-07,0.12996,0,120,164,-5.99988,8.00006,-35.9999,-22.0001
-25,-14,-6.00001,-8,-1.91443e-06,-6.5623e-07,2.44946e-06,9.15228e-08,-2.66219e-06,1.02266,0,125,164,-6.00001,8,-31,-22
-20,-14,-6.00001,-8.00002,-2.1675e-06,-3.61232e-07,3.95818e-06,9.11051e-07,-3.43978e-06,0.999454,0,130,164,-6.00001,8.00001,-26,-22
-15,-14,-6.00005,-7.99998,-1.11397e-06,-1.22618e-07,3.65553e-06,1.27549e-06,-2.51208e-06,0.91781,2.55947e-06,135,164,-6.00004,7.99998,-21,-22
-10,-14,-5.99998,-7.99997,-2.68921e-07,1.08861e-07,1.84671e-06,8.6245e-07,-1.02251e-06,0.886291,0,140,164,-5.99999,7.99996,-16,-22
-5,-14,-5.99998,-8,-2.50704e-07,3.06626e-07,5.88977e-08,3.08177e-07,-2.52256e-07,1.51815,8.99785e-06,145,164,-5.99999,8.00001,-11,-22
0,-14,-5.99998,-8.00002,-6.24004e-07,2.83344e-07,-4.07675e-07,3.27033e-07,-6.67693e-07,-1.35966,6.37973e-06,150,164,-5.99999,8.00001,-5.99998,-22
5,-14,-6,-8,-5.99477e-08,2.61134e-07,-5.99242e-07,4.40514e-07,-2.39328e-07,-1.03134,6.23105e-06,155,164,-6.00001,7.99999,-1,-22
10,-14,-6,-8.00002,9.97512e-07,8.15326e-08,-6.97444e-07,1.11516e-06,-3.61179e-08,-0.325385,3.36338e-06,160,164,-6,8.00001,4,-22
15,-14,-6,-8,1.0446e-06,-2.67756e-07,-2.7699e-07,1.05906e-06,-2.82212e-07,-0.104005,0,165,164,-6,7.99999,9,-22
20,-14,-5.99985,-8.00009,3.74202e-07,-5.07182e-07,5.38111e-07,4.49843e-07,-5.82824e-07,0.274063,0,170,164,-5.99984,8.00009,14.0002,-22.0001
25,-14,-6,-8,2.38138e-07,-1.16392e-07,2.86943e-07,2.88923e-07,-1.67177e-07,0.340211,0,175,164,-6,8,19,-22
30,-14,-6.00002,-8,9.51491e-07,7.92031e-07,-1.35532e-06,1.5541e-06,1.89426e-07,-0.72684,3.93696e-06,180,164,-6.00001,8,24,-22
35,-14,-6,-7.99997,2.12076e-06,2.08064e-06,-3.62245e-06,3.91204e-06,2.89362e-07,-0.779861,9.20394e-06,185,164,-6,7.99996,29,-22
40,-14,-5.99989,-8.00008,2.30961e-06,2.94147e-06,-4.25691e-06,4.77731e-06,4.73769e-07,-0.859076,0,190,164,-5.9999,8.00008,34.0001,-22.0001
45,-14,-5.99991,-8.00008,1.02558e-06,2.91866e-06,-2.69437e-06,3.61859e-06,3.25654e-07,-1.09163,0,195,164,-5.99991,8.00007,39.0001,-22.0001
50,-14,-5.99991,-8.00006,-6.05038e-07,2.14526e-06,-1.78087e-07,2.14814e-06,-6.07918e-07,-1.53847,0,200,164,-5.99992,8.00006,44.0001,-22.0001
55,-14,-5.99995,-8.00005,-1.87884e-06,1.10285e-06,1.70304e-06,1.3289e-06,-2.10488e-06,1.31132,0,205,164,-5.99995,8.00004,49,-22
60,-14,-5.99992,-8.00006,-2.25296e-06,-1.04559e-07,2.15676e-06,3.43347e-07,-2.70086e-06,1.17713,0,210,164,-5.99992,8.00006,54.0001,-22.0001
65,-14,-5.99998,-8,-1.59943e-06,-9.29766e-07,1.12764e-06,-6.08849e-07,-1.92034e-06,1.05334,1.20385e-05,215,164,-5.99999,8,59,-22
70,-14,-6,-8,-6.39553e-07,-1.27223e-06,-4.04973e-07,-5.80297e-07,-1.33148e-06,-0.284692,0,220,164,-6,7.99999,64,-22
75,-14,-6.00005,-8,-7.82655e-08,-1.10732e-06,-1.42331e-06,2.8538e-07,-1.47097e-06,-0.472399,8.57595e-06,225,164,-6.00004,8,69,-22
80,-14,-5.99992,-8.00008,6.60296e-08,-7.21107e-07,-1.15196e-06,3.70064e-07,-1.02514e-06,-0.485683,0,230,164,-5.99992,8.00008,74.0001,-22.0001
85,-14,-5.99992,-8.00005,-1.40239e-07,-6.09329e-07,3.32694e-07,-8.72379e-08,-6.6233e-07,0.308448,0,235,164,-5.99993,8.00005,79.0001,-22
90,-14,-6,-8.00002,-4.06698e-07,-7.57602e-07,1.87078e-06,3.69553e-07,-1.53385e-06,0.69269,4.52008e-06,240,164,-6.00001,8.00002,84,-22
95,-14,-6.00002,-8,-7.27759e-07,-7.40862e-07,2.30476e-06,4.18087e-07,-1.88671e-06,0.782556,4.42508e-06,245,164,-6.00001,8,89,-22
100,-14,-6,-8,-8.20083e-07,-5.23986e-07,1.64765e-06,1.64986e-07,-1.50905e-06,0.874303,0,250,164,-5.99999,8,94,-22
105,-14,-6.00002,-8.00002,-5.09175e-07,-2.38093e-07,5.51948e-07,-6.61722e-08,-6.81097e-07,1.01366,0,255,164,-6.00001,8.00002,99,-22
110,-14,-6,-8.00002,-9.04837e-08,-9.48676e-08,2.02849e-07,8.77241e-09,-1.94124e-07,0.774594,0,260,164,-6,8.00002,104,-22
115,-14,-6,-8,7.795e-08,-1.56108e-07,5.49324e-07,2.59476e-07,-3.37634e-07,0.584004,0,265,164,-6.00001,8,109,-22
120,-14,-6,-8,-8.51303e-09,-2.45332e-07,1.2132e-06,4.91125e-07,-7.4497e-07,0.689009,0,270,164,-6,8,114,-22
125,-14,-6.00003,-8.00002,-1.73654e-07,-3.33592e-07,1.64281e-06,5.71665e-07,-1.07891e-06,0.736873,4.83372e-06,275,164,-6.00003,8.00001,119,-22
130,-14,-6,-8.00002,-3.02692e-07,-2.56921e-07,1.97328e-06,7.071e-07,-1.26671e-06,0.796994,8.33417e-06,280,164,-6,8.00001,124,-22
-135,-19,0,0,0,0,0,0,0,0,-1,15,169,0,0,-135,-19
-130,-19,-5.99993,-8.00005,0,0,0,0,0,0,-1,20,169,-5.99993,8.00005,-136,-27
-125,-19,-5.99994,-8.00006,-4.46267e-06,2.22473e-06,1.19622e-06,2.2778e-06,-4.51574e-06,1.48229,0,25,169,-5.99995,8.00006,-131,-27.0001
-120,-19,-6.00001,-7.99998,-1.86598e-06,-2.00429e-07,1.54359e-06,1.02218e-07,-2.16863e-06,1.19709,0,30,169,-6.00001,7.99999,-126,-27
-115,-19,-6,-7.99998,-5.81592e-07,-1.23095e-06,1.10646e-06,-2.64801e-07,-1.54774e-06,0.520042,6.00234e-06,35,169,-6,7.99999,-121,-27
-110,-19,-5.99992,-8.00006,-3.93746e-08,-1.40913e-06,2.3346e-07,-2.94982e-08,-1.41901e-06,0.0844084,0,40,169,-5.99992,8.00006,-116,-27.0001
-105,-19,-6.00001,-7.99997,3.95846e-07,-7.28312e-07,-1.04726e-06,6.01959e-07,-9.34425e-07,-0.374999,3.77428e-06,45,169,-6.00001,7.99998,-111,-27
-100,-19,-6.00003,-8.00002,1.2806e-06,2.04614e-07,-2.13028e-06,1.9359e-06,-4.50693e-07,-0.551543,0,50,169,-6.00003,8.00001,-106,-27
-95,-19,-6.00002,-8.00002,1.48115e-06,6.19389e-07,-1.6384e-06,1.97587e-06,1.24665e-07,-0.543291,1.32681e-05,55,169,-6.00002,8.00002,-101,-27
-90,-19,-6,-8,1.58404e-07,4.6459e-07,-3.42533e-08,4.65545e-07,1.57449e-07,-1.51509,0,60,169,-6,8,-96,-27
-85,-19,-5.99984,-8.00008,-1.31502e-06,-4.00994e-08,1.45495e-06,2.89689e-07,-1.64481e-06,1.14517,0,65,169,-5.99984,8.00008,-90.9998,-27.0001
-80,-19,-6,-8,-1.50162e-06,-3.13237e-07,1.42494e-06,2.02986e-08,-1.83516e-06,1.13296,1.12326e-05,70,169,-6,8,-86,-27
-75,-19,-6.00003,-8.00003,-2.29196e-07,3.76444e-07,-4.87165e-08,3.77422e-07,-2.30174e-07,-1.53066,1.03478e-05,75,169,-6.00003,8.00004,-81,-27
-70,-19,-6.00001,-8.00003,8.10521e-07,1.01421e-06,-1.2662e-06,1.5536e-06,2.71126e-07,-0.865147,9.59487e-06,80,169,-6.00001,8.00003,-76,-27
-65,-19,-5.99994,-8.00006,2.0083e-07,1.16463e-06,-8.76791e-07,1.3342e-06,3.12561e-08,-1.20172,0,85,169,-5.99994,8.00006,-70.9999,-27.0001
-60,-19,-5.99997,-8,-1.09065e-06,6.64074e-07,-1.1905e-07,6.66091e-07,-1.09267e-06,-1.53693,9.42091e-06,90,169,-5.99997,8,-66,-27
-55,-19,-6,-8,-1.30714e-06,-1.44022e-10,3.62631e-08,1.07434e-10,-1.30739e-06,1.55693,5.96044e-06,95,169,-6,8.00001,-61,-27
-50,-19,-6.00002,-7.99998,-6.40712e-07,-1.05477e-07,-6.39614e-07,4.39133e-08,-7.90103e-07,-1.13379,8.4591e-06,100,169,-6.00002,7.99999,-56,-27
-45,-19,-5.99993,-8.00008,5.17303e-07,-1.04702e-08,-1.16532e-06,8.93049e-07,-3.86216e-07,-0.572767,0,105,169,-5.99993,8.00008,-50.9999,-27.0001
-40,-19,-6.00001,-8.00002,1.3905e-06,-6.03875e-08,-1.28366e-06,1.63368e-06,-3.0356e-07,-0.362161,1.10513e-05,110,169,-6.00001,8.00001,-46,-27
-35,-19,-5.99999,-8,1.02809e-06,-4.86938e-07,-5.11976e-07,1.07018e-06,-5.29022e-07,-0.162941,3.97864e-06,115,169,-6,7.99999,-41,-27
-30,-19,-6,-8,-3.39823e-07,-6.46583e-07,7.14908e-07,-1.04231e-07,-8.82174e-07,0.582733,1.03127e-05,120,169,-6,8,-36,-27
-25,-19,-5.99992,-8.00014,-1.68394e-06,-5.15923e-07,2.33032e-06,2.03395e-07,-2.40326e-06,1.01771,0,125,169,-5.99992,8.00014,-30.9999,-27.0001
-20,-19,-6.00002,-8,-1.90669e-06,2.69396e-07,3.28896e-06,1.15319e-06,-2.79049e-06,1.07765,0,130,169,-6.00003,8,-26,-27
-15,-19,-5.99998,-8,-9.9861e-07,6.19204e-07,3.1425e-06,1.57754e-06,-1.95695e-06,1.02311,1.08085e-05,135,169,-5.99999,8,-21,-27
-10,-19,-5.99998,-8,-1.13401e-07,6.96244e-07,1.82043e-06,1.2876e-06,-7.0476e-07,0.99464,0,140,169,-5.99999,7.99999,-16,-27
-5,-19,-5.99997,-8,-6.1628e-08,3.60051e-07,5.48599e-07,4.95179e-07,-1.96756e-07,1.11306,6.53722e-06,145,169,-5.99998,8,-11,-27
0,-19,-6,-7.99998,-3.86127e-07,1.4969e-07,-5.45566e-08,1.51075e-07,-3.87513e-07,-1.52006,0,150,169,-5.99999,7.99998,-6,-27
5,-19,-6,-8.00002,-9.843e-08,1.16205e-07,-6.16791e-07,3.35422e-07,-3.17647e-07,-0.952838,7.51138e-06,155,169,-6,8.00001,-1,-27
10,-19,-6,-7.99998,5.12164e-07,1.66405e-08,-6.10752e-07,6.57646e-07,-1.28841e-07,-0.444591,4.23063e-06,160,169,-6,7.99999,4,-27
15,-19,-6,-8,4.71765e-07,-1.79441e-07,-9.83894e-08,4.7546e-07,-1.83137e-07,-0.0749769,6.33894e-06,165,169,-6,8,9,-27
20,-19,-6.00002,-8,3.7285e-07,-3.08221e-07,4.07052e-07,4.29035e-07,-3.64406e-07,0.26935,0,170,169,-6.00002,7.99999,14,-27
25,-19,-6,-8,1.03639e-06,1.02395e-07,-4.08258e-07,1.07906e-06,5.9731e-08,-0.206041,0,175,169,-5.99999,8,19,-27
30,-19,-6,-8,2.02061e-06,9.8255e-07,-2.256e-06,2.74326e-06,2.59898e-07,-0.569774,0,180,169,-6,7.99999,24,-27
35,-19,-5.99991,-8.00008,2.59721e-06,2.07963e-06,-3.98116e-06,4.34575e-06,3.31087e-07,-0.720757,0,185,169,-5.99992,8.00007,29.0001,-27.0001
40,-19,-5.99997,-7.99998,1.90871e-06,2.36294e-06,-3.05773e-06,3.68146e-06,5.90184e-07,-0.859134,8.10408e-06,190,169,-5.99997,7.99998,34,-27
45,-19,-5.99995,-8.00008,3.5107e-07,1.52934e-06,-2.6675e-07,1.54425e-06,3.36161e-07,-1.45948,0,195,169,-5.99996,8.00008,39,-27.0001
50,-19,-5.99994,-8.00006,-9.62295e-07,2.96504e-07,2.51853e-06,1.0749e-06,-1.74069e-06,1.01715,0,200,169,-5.99993,8.00006,44.0001,-27.0001
55,-19,-5.99994,-8.00008,-1.90021e-06,-4.41783e-07,3.79147e-06,8.60148e-07,-3.20215e-06,0.969005,0,205,169,-5.99994,8.00008,49.0001,-27.0001
60,-19,-5.99998,-7.99998,-2.20818e-06,-5.28435e-07,3.30446e-06,4.85135e-07,-3.22175e-06,1.02054,1.26627e-05,210,169,-5.99999,7.99998,54,-27
65,-19,-6,-8,-1.55466e-06,-5.92309e-07,1.6216e-06,-1.30657e-07,-2.01631e-06,1.0532,0,215,169,-6,8,59,-27
70,-19,-6,-7.99997,-5.90461e-07,-9.76157e-07,5.42255e-08,-5.88565e-07,-9.78053e-07,0.069838,0,220,169,-6,7.99998,64,-27
75,-19,-5.99994,-8.00008,-4.25201e-08,-1.52671e-06,-7.18064e-07,3.97687e-08,-1.609e-06,-0.225305,0,225,169,-5.99994,8.00007,69.0001,-27.0001
80,-19,-6.00005,-8,-1.7229e-07,-1.66602e-06,-2.04864e-07,-1.65299e-07,-1.67301e-06,-0.0681494,9.52703e-06,230,169,-6.00004,8,74,-27
85,-19,-6.00002,-8.00003,-6.49071e-07,-1.51798e-06,1.21108e-06,-3.38253e-07,-1.8288e-06,0.474222,8.47234e-06,235,169,-6.00002,8.00002,79,-27
90,-19,-6,-8,-7.2225e-07,-1.12594e-06,2.09791e-06,1.44103e-07,-1.99229e-06,0.690348,1.01538e-05,240,169,-6,8,84,-27
95,-19,-6,-8,-5.67402e-07,-6.78407e-07,1.84593e-06,3.01729e-07,-1.54754e-06,0.755367,9.1825e-06,245,169,-6.00001,8.00001,89,-27
100,-19,-6,-8,-3.99362e-07,-3.35108e-07,8.15708e-07,4.18821e-08,-7.76352e-07,0.824703,5.99467e-06,250,169,-5.99999,8,94,-27
105,-19,-5.99998,-8,-2.12904e-07,-2.09259e-07,-1.65358e-07,-1.28382e-07,-2.93781e-07,-0.796418,2.36995e-06,255,169,-5.99999,8,99,-27
110,-19,-5.99998,-8,-7.31729e-08,-3.68486e-07,-3.44817e-07,6.16652e-09,-4.47825e-07,-0.43129,2.89012e-06,260,169,-5.99999,7.99999,104,-27
115,-19,-5.99997,-8.00005,2.06243e-08,-6.51878e-07,6.22587e-08,2.20622e-08,-6.53316e-07,0.0461573,0,265,169,-5.99996,8.00005,109,-27
120,-19,-6,-8.00003,1.01662e-08,-8.08437e-07,4.47575e-07,6.73501e-08,-8.65621e-07,0.250174,0,270,169,-5.99999,8.00003,114,-27
125,-19,-6,-8,-9.99125e-08,-8.80309e-07,5.30815e-07,-1.8204e-08,-9.62018e-07,0.298652,5.85505e-06,275,169,-5.99998,8,119,-27
130,-19,-6,-8,-4.71819e-07,-7.43167e-07,1.66089e-07,-4.48421e-07,-7.66565e-07,0.27463,6.84385e-06,280,169,-6,7.99999,124,-27
-135,-24,0,0,0,0,0,0,0,0,-1,15,174,0,0,-135,-24
-130,-24,-6.00001,-8,0,0,0,0,0,0,-1,20,174,-6.00001,8,-136,-32
-125,-24,-5.99999,-8,-5.46009e-06,1.61861e-06,3.69171e-06,2.07103e-06,-5.9125e-06,1.33044,7.86923e-06,25,174,-5.99999,8,-131,-32
-120,-24,-6,-8,-3.4644e-06,1.09428e-06,1.89464e-06,1.2833e-06,-3.65342e-06,1.37385,8.63365e-06,30,174,-6,8,-126,-32
-115,-24,-6.00002,-7.99997,-1.44565e-06,4.0328e-07,5.18596e-07,4.38956e-07,-1.48132e-06,1.43407,8.49775e-06,35,174,-6.00003,7.99997,-121,-32
-110,-24,-6.00001,-8.00002,2.33649e-07,-3.01977e-07,-6.14548e-07,3.7344e-07,-4.41768e-07,-0.426954,5.09399e-06,40,174,-6.00001,8.00001,-116,-32
-105,-24,-5.99993,-8.00011,1.48972e-06,-4.18488e-07,-1.81786e-06,1.85337e-06,-7.82133e-07,-0.380577,0,45,174,-5.99993,8.0001,-111,-32.0001
-100,-24,-5.99991,-8.00008,1.90051e-06,4.98354e-09,-2.59155e-06,2.55814e-06,-6.52647e-07,-0.469644,0,50,174,-5.99991,8.00007,-106,-32.0001
-95,-24,-5.99999,-8.00002,8.83795e-07,3.1473e-07,-1.40985e-06,1.35944e-06,-1.60918e-07,-0.593579,0,55,174,-5.99999,8.00002,-101,-32
-90,-24,-5.99998,-8.00003,-1.15161e-06,-5.05283e-08,9.13401e-07,1.14242e-07,-1.31638e-06,1.22455,9.3622e-06,60,174,-5.99998,8.00003,-96,-32
-85,-24,-6,-8.00002,-2.20837e-06,-6.79362e-07,2.48833e-06,1.64132e-08,-2.90414e-06,1.06089,0,65,174,-6,8.00001,-91,-32
-80,-24,-6.00002,-8,-1.29373e-06,-9.46188e-07,1.51797e-06,-3.41335e-07,-1.89858e-06,0.897934,8.43857e-06,70,174,-6.00002,7.99999,-86,-32
-75,-24,-6.00002,-8,6.00486e-07,-5.7637e-08,-7.06413e-07,7.54163e-07,-2.11314e-07,-0.410386,1.13142e-05,75,174,-6.00002,8,-81,-32
-70,-24,-5.99991,-8.00005,1.40748e-06,9.31605e-07,-1.67539e-06,2.04037e-06,2.98709e-07,-0.647024,0,80,174,-5.99991,8.00004,-75.9999,-32
-65,-24,-6,-8,3.55338e-07,1.31314e-06,-3.93822e-07,1.35205e-06,3.16436e-07,-1.37575,2.85382e-06,85,174,-6,8,-71,-32
-60,-24,-5.99995,-8.00003,-1.25576e-06,9.9224e-07,1.02647e-06,1.10387e-06,-1.36739e-06,1.35663,8.04057e-06,90,174,-5.99995,8.00003,-66,-32
-55,-24,-5.99995,-8.00003,-1.53027e-06,1.23573e-07,1.36044e-06,3.67398e-07,-1.77409e-06,1.22661,9.3718e-06,95,174,-5.99996,8.00003,-61,-32
-50,-24,-5.99992,-8.00006,-7.73299e-07,-6.65369e-07,6.51867e-07,-3.88963e-07,-1.04971e-06,0.86744,0,100,174,-5.99992,8.00006,-55.9999,-32.0001
-45,-24,-6,-8.00002,2.55943e-07,-1.17313e-06,-1.44436e-08,2.55979e-07,-1.17316e-06,-0.00505333,0,105,174,-6,8.00001,-51,-32
-40,-24,-5.9999,-8.00011,9.33553e-07,-1.4926e-06,-1.02681e-07,9.34639e-07,-1.49368e-06,-0.0211487,0,110,174,-5.9999,8.0001,-45.9999,-32.0001
-35,-24,-5.99999,-8.00002,6.88973e-07,-1.73605e-06,2.57545e-07,6.95791e-07,-1.74287e-06,0.0529033,7.49406e-06,115,174,-5.99999,8.00001,-41,-32
-30,-24,-5.99992,-8.00015,-2.75688e-07,-1.19682e-06,6.46883e-07,-1.73461e-07,-1.29905e-06,0.306124,0,120,174,-5.99992,8.00015,-35.9999,-32.0002
-25,-24,-5.99999,-8,-1.30024e-06,-4.10332e-07,1.44034e-06,-8.7486e-09,-1.70183e-06,1.06212,3.80644e-06,125,174,-5.99999,7.99999,-31,-32
-20,-24,-6,-8,-1.60769e-06,9.93878e-07,2.04872e-06,1.3488e-06,-1.96261e-06,1.23726,0,130,174,-6,8,-26,-32
-15,-24,-6,-8.00002,-1.0999e-06,1.6709e-06,2.33274e-06,2.09651e-06,-1.52551e-06,1.22091,0,135,174,-6,8.00001,-21,-32
-10,-24,-6,-8,-3.09384e-07,1.58146e-06,1.77304e-06,1.93209e-06,-6.60008e-07,1.19417,6.09002e-06,140,174,-6.00001,8,-16,-32
-5,-24,-6,-8,5.10425e-08,7.34763e-07,9.03353e-07,9.59365e-07,-1.7356e-07,1.10934,4.21667e-06,145,174,-6.00001,8,-11,-32
0,-24,-6,-8.00002,8.59102e-08,1.32147e-07,4.87076e-08,1.42608e-07,7.54493e-08,1.16509,4.4793e-06,150,174,-6.00001,8.00001,-6,-32
5,-24,-6,-8,9.40942e-08,-2.01048e-07,-6.20254e-07,2.8997e-07,-3.96924e-07,-0.563331,6.71823e-06,155,174,-6,8,-1,-32
10,-24,-6,-8,2.71522e-07,-2.25094e-07,-7.64766e-07,4.79145e-07,-4.32718e-07,-0.497432,0,160,174,-6,8,4,-32
15,-24,-6,-8,1.78299e-07,-1.73403e-07,-5.11816e-07,3.12952e-07,-3.08056e-07,-0.484368,3.54315e-06,165,174,-5.99999,8,9,-32
20,-24,-6.00002,-8.00002,3.63631e-07,-4.75311e-08,-3.99606e-07,4.44729e-07,-1.28629e-07,-0.385572,6.18179e-06,170,174,-6.00001,8.00001,14,-32
25,-24,-6,-8,1.33287e-06,2.22474e-07,-1.26518e-06,1.61935e-06,-6.40017e-08,-0.425231,1.13041e-05,175,174,-6,8.00001,19,-32
30,-24,-6,-7.99998,2.29772e-06,7.91105e-07,-2.68692e-06,3.08466e-06,4.16742e-09,-0.529879,8.61084e-06,180,174,-6,7.99999,24,-32
35,-24,-5.99995,-8.00006,2.44152e-06,1.1752e-06,-3.32951e-06,3.58945e-06,2.72603e-08,-0.60368,0,185,174,-5.99995,8.00007,29,-32.0001
40,-24,-5.99995,-8.00009,1.36003e-06,7.31452e-07,-1.21672e-06,1.73049e-06,3.60993e-07,-0.546972,0,190,174,-5.99996,8.00009,34,-32.0001
45,-24,-5.99997,-8.00011,-1.87477e-07,-5.59318e-07,2.00386e-06,6.45637e-07,-1.39243e-06,0.69366,0,195,174,-5.99997,8.0001,39,-32.0001
50,-24,-5.99994,-8.00008,-1.25261e-06,-1.79827e-06,4.35839e-06,6.70771e-07,-3.72165e-06,0.723123,0,200,174,-5.99994,8.00008,44.0001,-32.0001
55,-24,-6,-7.99998,-1.7311e-06,-2.26338e-06,4.7727e-06,4.03902e-07,-4.39839e-06,0.729864,5.99045e-06,205,174,-6,7.99998,49,-32
60,-24,-5.99991,-8.00008,-1.777e-06,-1.50384e-06,3.58106e-06,1.55312e-07,-3.43615e-06,0.823463,0,210,174,-5.99991,8.00008,54.0001,-32.0001
65,-24,-6,-8,-1.20759e-06,-8.56679e-07,1.96368e-06,-3.47421e-08,-2.02953e-06,0.873816,1.00593e-05,215,174,-5.99999,8,59,-32
70,-24,-6,-8,-5.65613e-07,-7.49172e-07,6.817e-07,-3.04402e-07,-1.01038e-06,0.653884,8.63299e-06,220,174,-6,8,64,-32
75,-24,-5.99997,-7.99997,-3.1008e-07,-1.1977e-06,2.67873e-08,-3.09878e-07,-1.19791e-06,0.0150847,6.04215e-06,225,174,-5.99997,7.99998,69,-32
80,-24,-5.99997,-7.99998,-5.52766e-07,-1.5054e-06,2.26956e-07,-5.39435e-07,-1.51873e-06,0.116941,4.23528e-06,230,174,-5.99997,7.99999,74,-32
85,-24,-6,-8.00002,-8.81637e-07,-1.4297e-06,9.43971e-07,-6.099e-07,-1.70144e-06,0.522385,4.64994e-06,235,174,-6,8.00001,79,-32
90,-24,-6,-8,-6.35043e-07,-9.00077e-07,1.13087e-06,-1.86805e-07,-1.34831e-06,0.670294,7.53618e-06,240,174,-6.00001,8.00001,84,-32
95,-24,-6.00002,-8,-2.18239e-07,-4.34042e-07,7.81763e-07,7.93602e-08,-7.31641e-07,0.650729,7.42127e-06,245,174,-6.00002,8,89,-32
100,-24,-6,-7.99998,-3.90974e-08,-2.18649e-07,1.16725e-07,-2.17944e-08,-2.35952e-07,0.288219,6.05564e-06,250,174,-6,7.99999,94,-32
105,-24,-6.00002,-8,-9.66308e-08,-3.9278e-07,-2.06175e-07,-6.42806e-08,-4.2513e-07,-0.304081,3.88309e-06,255,174,-6.00001,8,99,-32
110,-24,-6.00002,-8,-1.6642e-07,-8.3403e-07,-3.30089e-09,-1.66416e-07,-8.34034e-07,-0.00247215,2.64688e-06,260,174,-6.00001,8,104,-32
115,-24,-6.00003,-8,-3.86423e-08,-1.26324e-06,3.10454e-07,-1.92724e-08,-1.28261e-06,0.124143,4.74708e-06,265,174,-6.00004,8,109,-32
120,-24,-6,-8,1.09791e-07,-1.39372e-06,4.05592e-07,1.36664e-07,-1.42059e-06,0.131745,4.50723e-06,270,174,-6.00001,8,114,-32
125,-24,-6,-8,6.34947e-08,-1.31924e-06,2.1277e-07,7.16319e-08,-1.32738e-06,0.0763395,7.7189e-06,275,174,-5.99999,8,119,-32
130,-24,-6,-8,-5.92699e-07,-1.07344e-06,-2.875e-07,-5.52995e-07,-1.11314e-06,-0.269487,2.08598e-06,280,174,-6.00001,8.00001,124,-32
-135,-29,0,0,0,0,0,0,0,0,-1,15,179,0,0,-135,-29
-130,-29,-5.99984,-8.00011,0,0,0,0,0,0,-1,20,179,-5.99984,8.0001,-136,-37.0001
-125,-29,-5.99985,-8.00014,-2.60828e-06,-1.19001e-06,4.93107e-06,6.66347e-07,-4.46463e-06,0.925428,0,25,179,-5.99985,8.00014,-131,-37.0001
-120,-29,-5.99999,-8.00002,-2.89743e-06,9.01486e-07,1.58298e-06,1.05979e-06,-3.05574e-06,1.37339,0,30,179,-5.99999,8.00002,-126,-37
-115,-29,-6.00001,-7.99997,-2.00473e-06,1.30226e-06,-3.36219e-09,1.30226e-06,-2.00473e-06,-1.57029,0,35,179,-6.00001,7.99998,-121,-37
-110,-29,-6,-8,-3.28307e-07,7.52391e-07,-8.38028e-07,8.95819e-07,-4.71734e-07,-1.241,8.06036e-06,40,179,-6,8,-116,-37
-105,-29,-6,-7.99998,1.70618e-06,-3.77659e-08,-1.59038e-06,2.01431e-06,-3.45904e-07,-0.369687,8.57163e-06,45,179,-6,7.99999,-111,-37
-100,-29,-6,-7.99998,2.35844e-06,-4.83187e-07,-1.67045e-06,2.58575e-06,-7.10495e-07,-0.265718,1.22598e-05,50,179,-6,7.99999,-106,-37
-95,-29,-5.99979,-8.00015,7.18197e-07,-4.72106e-07,-1.69202e-08,7.18258e-07,-4.72167e-07,-0.00710703,0,55,179,-5.99979,8.00014,-101,-37.0002
-90,-29,-5.9998,-8.00014,-1.87219e-06,-5.58539e-07,2.12284e-06,3.28479e-08,-2.46358e-06,1.06247,0,60,179,-5.9998,8.00014,-95.9998,-37.0001
-85,-29,-5.99999,-8,-2.76269e-06,-3.73736e-07,2.38541e-06,1.19778e-07,-3.25621e-06,1.17847,0,65,179,-5.99999,8,-91,-37
-80,-29,-6.00002,-7.99995,-1.23572e-06,-2.14234e-07,2.23678e-07,-2.02133e-07,-1.24782e-06,1.46301,1.12738e-05,70,179,-6.00002,7.99995,-86,-37
-75,-29,-5.99999,-8.00002,1.04822e-06,1.78912e-07,-2.26083e-06,1.82467e-06,-5.97536e-07,-0.601858,9.56426e-06,75,179,-6,8.00001,-81,-37
-70,-29,-5.99992,-8.00005,1.65134e-06,4.77363e-07,-2.21126e-06,2.31614e-06,-1.87438e-07,-0.541365,0,80,179,-5.99993,8.00004,-75.9999,-37
-65,-29,-5.99995,-8.00008,2.46317e-07,6.48382e-07,5.98527e-08,6.50598e-07,2.44102e-07,1.49691,0,85,179,-5.99996,8.00008,-71,-37.0001
-60,-29,-5.99994,-8.00008,-1.60975e-06,4.40179e-07,2.21786e-06,9.25273e-07,-2.09484e-06,1.15843,0,90,179,-5.99994,8.00007,-65.9999,-37.0001
-55,-29,-5.99999,-7.99998,-2.07388e-06,-2.87086e-07,2.78775e-06,4.75128e-07,-2.8361e-06,1.07039,0,95,179,-6,7.99999,-61,-37
-50,-29,-6.00002,-8.00002,-1.22777e-06,-1.57336e-06,2.3046e-06,-2.3538e-07,-2.56575e-06,0.710973,5.11463e-06,100,179,-6.00001,8.00001,-56,-37
-45,-29,-6.00003,-7.99997,-8.48112e-08,-2.46508e-06,1.34226e-06,9.13758e-08,-2.64127e-06,0.25673,2.82942e-06,105,179,-6.00003,7.99996,-51,-37
-40,-29,-6,-8.00002,7.36833e-07,-2.80449e-06,6.28694e-07,7.6452e-07,-2.83217e-06,0.0878502,1.09652e-05,110,179,-6,8.00001,-46,-37
-35,-29,-5.99999,-8,8.99253e-07,-2.49084e-06,-2.60549e-07,9.04252e-07,-2.49584e-06,-0.0383526,6.23192e-06,115,179,-5.99999,8,-41,-37
-30,-29,-6,-7.99998,3.77593e-07,-1.75061e-06,-6.62231e-07,4.27919e-07,-1.80094e-06,-0.150836,3.06585e-06,120,179,-6,7.99999,-36,-37
-25,-29,-6,-8.00002,-4.00278e-07,-8.71939e-07,-2.62223e-07,-3.66282e-07,-9.05935e-07,-0.253703,8.86111e-06,125,179,-6,8.00002,-31,-37
-20,-29,-5.99994,-8.00015,-9.60305e-07,5.26003e-07,6.28789e-07,5.8977e-07,-1.02407e-06,1.37069,0,130,179,-5.99994,8.00016,-25.9999,-37.0002
-15,-29,-6.00002,-8,-1.12984e-06,1.64869e-06,1.69619e-06,1.8871e-06,-1.36825e-06,1.29676,8.24997e-06,135,179,-6.00001,8,-21,-37
-10,-29,-6.00002,-8,-6.82621e-07,2.10763e-06,1.75675e-06,2.36112e-06,-9.36105e-07,1.28985,0,140,179,-6.00001,8,-16,-37
-5,-29,-6.00002,-7.99997,-1.08369e-07,1.65783e-06,1.03349e-06,1.79791e-06,-2.48446e-07,1.30608,3.61841e-06,145,179,-6.00001,7.99997,-11,-37
0,-29,-6,-8,2.33686e-07,9.38857e-07,8.82936e-08,9.4161e-07,2.30933e-07,1.50852,5.29735e-07,150,179,-6,7.99999,-6,-37
5,-29,-6,-8,1.45232e-07,3.3391e-07,-7.19396e-07,6.11434e-07,-1.32293e-07,-0.913646,9.72445e-06,155,179,-6,8,-1,-37
10,-29,-6,-7.99998,1.30243e-07,2.43546e-07,-1.34346e-06,8.61012e-07,-4.87222e-07,-0.827467,0,160,179,-6,7.99999,4,-37
15,-29,-6,-7.99998,3.79303e-08,3.59143e-07,-1.48974e-06,9.60524e-07,-5.63451e-07,-0.891581,0,165,179,-6,7.99999,9,-37
20,-29,-6.00002,-8.00003,2.85858e-07,5.63427e-07,-1.70934e-06,1.29051e-06,-4.41221e-07,-0.865887,7.96332e-06,170,179,-6.00001,8.00002,14,-37
25,-29,-6,-8,1.20464e-06,4.12997e-07,-2.246e-06,1.99954e-06,-3.81897e-07,-0.615962,0,175,179,-6,8.00001,19,-37
30,-29,-6.00003,-8,2.05277e-06,1.90819e-07,-2.7955e-06,2.80121e-06,-5.57615e-07,-0.491609,4.28021e-06,180,179,-6.00003,8,24,-37
35,-29,-5.99992,-8.00006,2.05581e-06,-3.29102e-07,-2.28089e-06,2.51338e-06,-7.86665e-07,-0.381553,0,185,179,-5.99993,8.00006,29.0001,-37.0001
40,-29,-5.99994,-8.00009,1.0251e-06,-1.23883e-06,3.24259e-07,1.03665e-06,-1.25038e-06,0.0711304,0,190,179,-5.99994,8.00009,34.0001,-37.0001
45,-29,-5.99997,-8.00011,-4.2073e-07,-2.0511e-06,3.10065e-06,5.15663e-07,-2.9875e-06,0.543354,0,195,179,-5.99997,8.00011,39,-37.0001
50,-29,-6.00002,-7.99998,-1.50759e-06,-2.39486e-06,4.48759e-06,3.36006e-07,-4.23846e-06,0.687799,3.85144e-06,200,179,-6.00001,7.99998,44,-37
55,-29,-6,-7.99998,-1.69948e-06,-2.17261e-06,3.93591e-06,4.60798e-08,-3.91817e-06,0.725582,1.66026e-06,205,179,-6.00001,7.99998,49,-37
60,-29,-6,-8,-1.35754e-06,-1.12005e-06,2.39634e-06,-3.47532e-08,-2.44283e-06,0.834791,1.33634e-05,210,179,-6,8,54,-37
65,-29,-6,-8,-6.80394e-07,-3.72212e-07,1.31633e-06,1.49659e-07,-1.20227e-06,0.900388,0,215,179,-6.00001,8,59,-37
70,-29,-5.99998,-8,-3.10617e-07,-4.79335e-08,6.54135e-07,1.73179e-07,-5.31729e-07,0.976329,5.17806e-06,220,179,-5.99999,8,64,-37
75,-29,-5.99998,-7.99998,-3.90989e-07,-1.40137e-07,2.28957e-07,-9.57488e-08,-4.35378e-07,1.2009,4.08858e-06,225,179,-5.99999,7.99999,69,-37
80,-29,-5.99998,-8,-6.11341e-07,-3.83527e-07,8.61023e-08,-3.75663e-07,-6.19205e-07,1.39012,4.33285e-06,230,179,-5.99998,8.00001,74,-37
85,-29,-6,-8,-6.45525e-07,-4.59948e-07,9.57636e-08,-4.48322e-07,-6.5715e-07,1.3326,6.93554e-06,235,179,-6,7.99999,79,-37
90,-29,-6,-8,-2.34999e-07,-2.13209e-07,-8.70837e-08,-1.7922e-07,-2.68988e-07,-0.907987,4.31564e-06,240,179,-6,8,84,-37
95,-29,-6,-8,8.44596e-08,-4.55384e-08,-1.32315e-07,1.12206e-07,-7.32846e-08,-0.397115,9.15833e-06,245,179,-6,8,89,-37
100,-29,-5.99998,-8.00002,-1.57227e-08,-4.70029e-08,-2.15861e-07,7.76951e-08,-1.40421e-07,-0.713444,8.33391e-06,250,179,-5.99999,8.00002,94,-37
105,-29,-6,-8.00002,-2.89504e-07,-4.36075e-07,-9.90412e-08,-2.74341e-07,-4.51237e-07,-0.297123,1.80071e-06,255,179,-5.99999,8.00001,99,-37
110,-29,-6,-7.99998,-3.09806e-07,-9.60493e-07,1.44108e-07,-3.01922e-07,-9.68376e-07,0.108976,7.16076e-06,260,179,-6,7.99999,104,-37
115,-29,-6,-8,-1.95647e-08,-1.36314e-06,2.21265e-07,-1.05159e-08,-1.37219e-06,0.0816096,8.90052e-06,265,179,-5.99999,8,109,-37
120,-29,-6.00003,-7.99998,1.84261e-07,-1.42156e-06,1.38954e-07,1.87261e-07,-1.42456e-06,0.0431583,8.85334e-06,270,179,-6.00004,7.99998,114,-37
125,-29,-5.99997,-8,-9.78096e-08,-1.27329e-06,-5.32603e-08,-9.72067e-08,-1.2739e-06,-0.0226391,0,275,179,-5.99998,8.00001,119,-37
130,-29,-6,-8,-1.59646e-06,-1.13972e-06,-5.42385e-07,-1.01355e-06,-1.72263e-06,-1.13534,6.95444e-06,280,179,-6.00001,8,124,-37
-135,-34,0,0,0,0,0,0,0,0,-1,15,184,0,0,-135,-34
-130,-34,-6,-8,0,0,0,0,0,0,-1,20,184,-5.99999,8,-136,-42
-125,-34,-5.99999,-8,3.51214e-06,1.16931e-07,1.16588e-06,3.60944e-06,1.96319e-08,0.165387,2.5492e-06,25,184,-5.99999,8,-131,-42
-120,-34,-5.99983,-8.00011,9.93548e-08,1.24444e-06,-4.24704e-08,1.24483e-06,9.89612e-08,-1.55226,0,30,184,-5.99983,8.00011,-126,-42.0001
-115,-34,-5.99991,-8.00009,-1.37668e-06,1.64716e-06,-5.95671e-07,1.67621e-06,-1.40573e-06,-1.47355,0,35,184,-5.99991,8.00009,-121,-42.0001
-110,-34,-6,-8,-1.02304e-06,1.33014e-06,-6.82431e-07,1.37862e-06,-1.07152e-06,-1.42967,8.26773e-06,40,184,-6,8,-116,-42
-105,-34,-6,-8,6.64544e-07,3.31746e-07,-5.98378e-07,8.40494e-07,1.55796e-07,-0.531616,0,45,184,-6,7.99999,-111,-42
-100,-34,-6,-7.99997,1.57795e-06,-8.09557e-07,1.65248e-07,1.5808e-06,-8.12413e-07,0.0345517,1.26653e-05,50,184,-5.99999,7.99998,-106,-42
-95,-34,-6,-8.00002,5.14129e-07,-1.30106e-06,1.75184e-06,8.67867e-07,-1.6548e-06,0.383819,5.76811e-06,55,184,-6,8.00002,-101,-42
-90,-34,-6.00001,-8,-1.29612e-06,-8.93214e-07,2.53555e-06,1.89014e-07,-2.37835e-06,0.864192,4.15422e-06,60,184,-6.00001,8,-96,-42
-85,-34,-6,-8.00002,-1.88113e-06,3.19481e-07,1.25498e-06,4.85831e-07,-2.04748e-06,1.31165,0,65,184,-6,8.00002,-91,-42
-80,-34,-6,-8,-8.7612e-07,9.75815e-07,-9.21166e-07,1.08404e-06,-9.84345e-07,-1.34001,7.97862e-06,70,184,-6,8,-86,-42
-75,-34,-6,-8,6.9378e-07,6.64553e-07,-2.4902e-06,1.92435e-06,-5.66022e-07,-0.77953,5.67904e-06,75,184,-6,8,-81,-42
-70,-34,-5.99994,-8.00008,1.12775e-06,-1.79339e-07,-1.54904e-06,1.48761e-06,-5.39205e-07,-0.434955,0,80,184,-5.99994,8.00007,-75.9999,-42.0001
-65,-34,-5.99996,-8.00012,9.34249e-08,-4.60664e-07,6.27375e-07,2.34894e-07,-6.02133e-07,0.423674,0,85,184,-5.99996,8.00012,-71,-42.0001
-60,-34,-5.99998,-8,-1.56546e-06,-4.23082e-07,2.71996e-06,4.80788e-07,-2.46933e-06,0.984211,0,90,184,-5.99998,8,-66,-42
-55,-34,-6.00002,-8.00005,-2.36932e-06,-3.73327e-07,3.3032e-06,5.58384e-07,-3.30104e-06,1.05717,7.50559e-06,95,184,-6.00002,8.00005,-61,-42
-50,-34,-6.00003,-7.99997,-1.71646e-06,-1.2723e-06,2.89246e-06,-3.11969e-08,-2.95756e-06,0.861583,1.15179e-05,100,184,-6.00003,7.99997,-56,-42
-45,-34,-6.00002,-7.99997,-2.61931e-07,-1.94867e-06,1.22896e-06,-6.18181e-08,-2.14879e-06,0.314831,1.07824e-05,105,184,-6.00002,7.99996,-51,-42
-40,-34,-6,-8,9.16412e-07,-2.0974e-06,-2.98553e-07,9.23787e-07,-2.10477e-06,-0.0493698,1.15247e-05,110,184,-6,8,-46,-42
-35,-34,-5.99999,-8.00002,1.19978e-06,-1.53133e-06,-1.68086e-06,1.43768e-06,-1.76923e-06,-0.275851,1.04747e-05,115,184,-5.99999,8.00001,-41,-42
-30,-34,-6,-8,5.72347e-07,-1.25575e-06,-1.79219e-06,9.38326e-07,-1.62173e-06,-0.38774,1.24245e-06,120,184,-6,8,-36,-42
-25,-34,-5.99999,-8,-1.59752e-07,-1.06361e-06,-1.30002e-06,1.79995e-07,-1.40336e-06,-0.481627,6.15337e-06,125,184,-5.99999,8.00001,-31,-42
-20,-34,-5.99993,-8.00012,-5.92307e-07,-5.75687e-07,-3.69304e-07,-3.99158e-07,-7.68836e-07,-0.807884,0,130,184,-5.99993,8.00012,-25.9999,-42.0001
-15,-34,-6.00003,-8,-6.66499e-07,4.24824e-07,6.59316e-07,5.16674e-07,-7.58349e-07,1.29907,0,135,184,-6.00004,8,-21,-42
-10,-34,-6,-8.00002,-2.47916e-07,1.49543e-06,8.42721e-07,1.59193e-06,-3.44415e-07,1.34566,0,140,184,-6,8.00001,-16,-42
-5,-34,-6,-8,1.40735e-07,1.93553e-06,5.18772e-07,1.97226e-06,1.04e-07,1.43011,0,145,184,-5.99999,8,-11,-42
0,-34,-6,-8,2.8358e-07,1.64588e-06,1.67295e-08,1.64593e-06,2.83529e-07,1.56466,5.33022e-06,150,184,-5.99999,8,-6,-42
5,-34,-5.99998,-8,1.50661e-07,1.1739e-06,-6.89714e-07,1.27928e-06,4.52873e-08,-1.27425,6.49753e-06,155,184,-5.99999,8,-0.999985,-42
10,-34,-6,-7.99997,2.95352e-07,9.19943e-07,-1.63467e-06,1.48261e-06,-2.67316e-07,-0.967884,0,160,184,-6,7.99996,4,-42
15,-34,-5.99991,-8.00008,3.30323e-07,8.75646e-07,-2.04676e-06,1.66207e-06,-4.56097e-07,-0.91559,0,165,184,-5.99991,8.00008,9.00009,-42.0001
20,-34,-6.00002,-8,1.45176e-07,9.60275e-07,-2.16285e-06,1.7084e-06,-6.02945e-07,-0.9656,0,170,184,-6.00001,7.99999,14,-42
25,-34,-5.99989,-8.00005,2.98179e-07,5.14177e-07,-2.01304e-06,1.41848e-06,-6.06119e-07,-0.838843,0,175,184,-5.9999,8.00005,19.0001,-42
30,-34,-6,-8.00003,1.00041e-06,-3.60937e-07,-2.00315e-06,1.53071e-06,-8.91241e-07,-0.486945,8.39673e-06,180,184,-6,8.00003,24,-42
35,-34,-6.00002,-8,1.52042e-06,-1.29087e-06,-1.2389e-06,1.65086e-06,-1.42131e-06,-0.207542,8.18761e-06,185,184,-6.00002,7.99999,29,-42
40,-34,-5.99994,-8.00012,1.21049e-06,-2.13392e-06,8.47341e-07,1.26333e-06,-2.18675e-06,0.124069,0,190,184,-5.99994,8.00012,34.0001,-42.0001
45,-34,-5.99997,-8,-1.59112e-08,-2.00518e-06,2.70074e-06,6.66595e-07,-2.68768e-06,0.467975,7.63683e-06,195,184,-5.99998,8,39,-42
50,-34,-5.99988,-8.00003,-1.49569e-06,-1.40526e-06,3.38715e-06,2.43702e-07,-3.14466e-06,0.798745,0,200,184,-5.99988,8.00003,44.0001,-42
55,-34,-5.99997,-7.99998,-1.81474e-06,-6.25753e-07,2.31037e-06,7.89361e-08,-2.51943e-06,1.02304,1.00367e-05,205,184,-5.99997,7.99998,49,-42
60,-34,-6,-7.99998,-1.31679e-06,1.62589e-07,7.88398e-07,2.61072e-07,-1.41528e-06,1.32598,1.35418e-05,210,184,-6,7.99999,54,-42
65,-34,-5.99998,-8,-5.7709e-07,7.36807e-07,1.52892e-07,7.4124e-07,-5.81523e-07,1.51287,9.19656e-06,215,184,-5.99998,8,59,-42
70,-34,-6,-8,-2.22292e-07,1.01961e-06,1.20626e-09,1.01961e-06,-2.22292e-07,1.57031,6.92035e-06,220,184,-5.99999,7.99999,64,-42
75,-34,-6,-8,-3.2425e-07,1.17765e-06,-1.21278e-07,1.18009e-06,-3.26694e-07,-1.53051,0,225,184,-6,8,69,-42
80,-34,-6,-8,-4.59398e-07,9.7172e-07,-8.98941e-08,9.7313e-07,-4.60809e-07,-1.53943,8.58672e-06,230,184,-6,8,74,-42
85,-34,-6.00002,-8.00002,-3.81087e-07,6.76985e-07,-1.60397e-07,6.83029e-07,-3.87131e-07,-1.49557,1.75254e-06,235,184,-6.00002,8.00001,79,-42
90,-34,-5.99998,-8,-9.25295e-08,4.67567e-07,-2.50771e-07,4.94355e-07,-1.19318e-07,-1.36031,1.02488e-05,240,184,-5.99999,8,84,-42
95,-34,-6.00002,-8,8.55188e-08,2.65915e-07,-5.01134e-08,2.69331e-07,8.21032e-08,-1.43531,1.61055e-06,245,184,-6.00001,8,89,-42
100,-34,-5.99998,-8.00002,-7.27307e-10,7.5715e-08,1.47401e-07,1.20516e-07,-4.5528e-08,1.02461,7.60405e-06,250,184,-5.99999,8.00001,94,-42
105,-34,-6,-8,-2.83487e-07,-2.7795e-07,2.79235e-07,-1.41074e-07,-4.20364e-07,0.795311,9.55063e-06,255,184,-5.99999,7.99999,99,-42
110,-34,-6,-8,-3.82243e-07,-5.72435e-07,2.73649e-07,-3.10713e-07,-6.43965e-07,0.481709,8.2871e-06,260,184,-6,7.99999,104,-42
115,-34,-6,-8,-1.99325e-07,-7.39978e-07,1.43784e-07,-1.89929e-07,-7.49374e-07,0.129964,4.73812e-06,265,184,-6,8.00001,109,-42
120,-34,-6,-7.99998,2.70923e-08,-7.4717e-07,1.19627e-07,3.16858e-08,-7.51764e-07,0.0766464,0,270,184,-6.00001,7.99999,114,-42
125,-34,-6,-7.99998,-5.00443e-08,-7.36036e-07,3.26925e-07,-1.30846e-08,-7.72995e-07,0.222366,5.9157e-06,275,184,-5.99999,7.99999,119,-42
130,-34,-6,-7.99998,-1.13198e-06,-9.90736e-07,1.18396e-07,-9.69207e-07,-1.15351e-06,1.22199,0,280,184,-6,7.99999,124,-42
-135,-39,0,0,0,0,0,0,0,0,-1,15,189,0,0,-135,-39
-130,-39,-6,-8,0,0,0,0,0,0,-1,20,189,-6,8,-136,-47
-125,-39,-5.99999,-8,4.03074e-06,3.66015e-06,1.61113e-06,4.67205e-06,3.01884e-06,0.672356,0,25,189,-5.99999,8,-131,-47
-120,-39,-5.99999,-8,1.11433e-06,2.17317e-06,1.43189e-06,2.53418e-06,7.53327e-07,1.10376,0,30,189,-5.99999,8,-126,-47
-115,-39,-5.99989,-8.00009,-8.43615e-07,1.69698e-06,6.05033e-07,1.7325e-06,-8.79139e-07,1.4539,0,35,189,-5.99989,8.00009,-121,-47.0001
-110,-39,-6.00001,-8,-1.50196e-06,1.53287e-06,1.3121e-07,1.53429e-06,-1.50338e-06,1.54919,0,40,189,-6.00001,7.99999,-116,-47
-105,-39,-5.99991,-8.00012,-7.25743e-07,8.71649e-07,2.36648e-07,8.80366e-07,-7.3446e-07,1.49726,0,45,189,-5.99991,8.00012,-111,-47.0001
-100,-39,-6,-8,3.38266e-07,-2.32597e-07,9.74697e-07,6.17618e-07,-5.11948e-07,0.520486,0,50,189,-5.99999,8,-106,-47
-95,-39,-5.99992,-8.00006,5.69622e-07,-1.06911e-06,2.00874e-06,1.04645e-06,-1.54593e-06,0.443247,0,55,189,-5.99992,8.00007,-101,-47.0001
-90,-39,-5.99997,-8.00006,8.17489e-08,-6.56618e-07,1.70072e-06,6.39609e-07,-1.21448e-06,0.580601,0,60,189,-5.99997,8.00006,-96,-47.0001
-85,-39,-5.99995,-7.99997,-5.9601e-07,5.84217e-07,3.29545e-07,6.0679e-07,-6.18582e-07,1.43465,1.44987e-05,65,189,-5.99995,7.99996,-91,-47
-80,-39,-5.99995,-7.99995,-7.59606e-07,1.3007e-06,-8.49572e-07,1.38485e-06,-8.4375e-07,-1.37524,5.81683e-06,70,189,-5.99995,7.99996,-86,-47
-75,-39,-5.99996,-8.00008,-1.52564e-07,6.47285e-07,-1.33627e-06,1.02604e-06,-5.3132e-07,-1.05508,0,75,189,-5.99996,8.00008,-81,-47.0001
-70,-39,-6.00002,-8,4.15274e-07,-5.16943e-07,-6.3591e-07,5.13393e-07,-6.15062e-07,-0.299322,0,80,189,-6.00002,8,-76,-47
-65,-39,-6,-8,1.24027e-07,-9.36965e-07,5.93285e-07,2.01332e-07,-1.01427e-06,0.254932,0,85,189,-6,7.99999,-71,-47
-60,-39,-5.99995,-8.00005,-1.08374e-06,-6.35298e-07,1.99392e-06,1.62345e-07,-1.88138e-06,0.89601,1.39776e-05,90,189,-5.99995,8.00004,-65.9999,-47
-55,-39,-5.99994,-8.00003,-2.15565e-06,3.02265e-08,2.67149e-06,6.6319e-07,-2.78861e-06,1.12827,0,95,189,-5.99994,8.00003,-60.9999,-47
-50,-39,-6.00002,-7.99997,-1.9099e-06,1.75924e-08,2.4013e-06,5.93446e-07,-2.48575e-06,1.12359,1.32346e-05,100,189,-6.00002,7.99997,-56,-47
-45,-39,-6.00001,-7.99997,-4.19382e-07,-2.13616e-07,5.14624e-07,-3.93811e-08,-5.93617e-07,0.975581,4.39574e-06,105,189,-6.00001,7.99996,-51,-47
-40,-39,-6.00001,-7.99997,9.64358e-07,-1.90779e-07,-1.47197e-06,1.32234e-06,-5.48762e-07,-0.452709,8.15162e-06,110,189,-6,7.99996,-46,-47
-35,-39,-5.99998,-7.99997,1.36505e-06,5.33501e-08,-2.69926e-06,2.20975e-06,-7.91344e-07,-0.559226,2.59305e-06,115,189,-5.99997,7.99997,-41,-47
-30,-39,-6.00001,-8,6.80093e-07,-2.86657e-07,-2.25477e-06,1.42336e-06,-1.02992e-06,-0.582873,7.48619e-06,120,189,-6,8,-36,-47
-25,-39,-5.99995,-8.00008,-3.59912e-08,-8.28984e-07,-1.56795e-06,4.46048e-07,-1.31102e-06,-0.551279,0,125,189,-5.99995,8.00008,-30.9999,-47.0001
-20,-39,-6,-8,-3.90092e-07,-1.31186e-06,-7.86202e-07,-2.45219e-07,-1.45674e-06,-0.353095,3.47914e-06,130,189,-6,8.00001,-26,-47
-15,-39,-6.00002,-8,-2.43576e-07,-9.48783e-07,-9.81921e-08,-2.40174e-07,-9.52185e-07,-0.0691746,0,135,189,-6.00002,8.00001,-21,-47
-10,-39,-5.99989,-8.00021,2.05262e-07,7.83028e-08,1.82186e-07,2.52813e-07,3.07526e-08,0.481088,0,140,189,-5.99989,8.00021,-15.9999,-47.0002
-5,-39,-6,-8,2.76004e-07,9.74951e-07,5.37089e-07,1.06621e-06,1.84742e-07,1.2432,3.56061e-06,145,189,-6,8,-11,-47
0,-39,-5.99998,-8,6.04947e-08,1.23692e-06,6.87209e-07,1.32993e-06,-3.25107e-08,1.30645,0,150,189,-5.99999,8,-5.99998,-47
5,-39,-5.99998,-8,-1.25007e-07,1.16762e-06,1.55295e-07,1.17227e-06,-1.29655e-07,1.51101,1.05361e-05,155,189,-5.99998,8,-0.999985,-47
10,-39,-6,-7.99998,2.04465e-07,8.01981e-07,-8.13232e-07,1.00779e-06,-1.34895e-09,-1.10223,5.68435e-06,160,189,-5.99999,7.99999,4,-47
15,-39,-6.00003,-7.99998,4.81627e-07,5.11353e-07,-1.23458e-06,1.11396e-06,-1.20979e-07,-0.797435,5.94109e-06,165,189,-6.00002,7.99999,8.99997,-47
20,-39,-6.00002,-8,1.15585e-07,3.72808e-07,-1.16412e-06,8.40295e-07,-3.51902e-07,-0.894131,0,170,189,-6.00001,8,14,-47
25,-39,-6,-7.99998,-2.76559e-07,2.65761e-08,-7.35794e-07,2.72904e-07,-5.22887e-07,-0.980795,0,175,189,-6,7.99999,19,-47
30,-39,-6,-8,2.95981e-07,-7.474e-07,-8.64472e-07,4.51778e-07,-9.03197e-07,-0.345948,9.08514e-06,180,189,-6.00001,8,24,-47
35,-39,-6,-8.00002,1.10695e-06,-1.37767e-06,-4.05863e-07,1.12342e-06,-1.39413e-06,-0.0809601,3.89222e-06,185,189,-6,8.00001,29,-47
40,-39,-5.99995,-8.00009,1.26015e-06,-1.79549e-06,1.04079e-06,1.34634e-06,-1.88168e-06,0.164144,0,190,189,-5.99995,8.00009,34,-47.0001
45,-39,-5.99995,-7.99997,2.44068e-07,-1.19357e-06,2.44912e-06,9.45195e-07,-1.8947e-06,0.519995,1.36976e-05,195,189,-5.99996,7.99997,39,-47
50,-39,-6,-8,-1.31861e-06,-3.62276e-07,2.93697e-06,7.0393e-07,-2.38482e-06,0.942794,0,200,189,-6,8,44,-47
55,-39,-6,-7.99998,-1.59414e-06,4.54626e-07,1.61037e-06,7.33194e-07,-1.87271e-06,1.23772,0,205,189,-6,7.99999,49,-47
60,-39,-6,-8,-9.56333e-07,7.99504e-07,-1.10178e-07,8.0123e-07,-9.58059e-07,-1.53946,1.0284e-05,210,189,-5.99999,8,54,-47
65,-39,-6,-8,-3.48524e-07,1.1902e-06,-9.47126e-07,1.32426e-06,-4.82589e-07,-1.29492,1.33576e-05,215,189,-6,8,59,-47
70,-39,-6,-8,-2.76651e-07,1.36098e-06,-9.74033e-07,1.49487e-06,-4.10539e-07,-1.30251,6.71402e-06,220,189,-6.00001,8,64,-47
75,-39,-6,-8,-5.37025e-07,1.52576e-06,-7.24401e-07,1.58751e-06,-5.98775e-07,-1.40194,3.28169e-06,225,189,-5.99999,8.00001,69,-47
80,-39,-5.99998,-8,-5.90742e-07,1.35102e-06,-8.76124e-08,1.352e-06,-5.91729e-07,-1.54825,7.92747e-06,230,189,-5.99998,8.00001,74,-47
85,-39,-6.00002,-8.00002,-3.18677e-07,1.1673e-06,1.91816e-07,1.17346e-06,-3.24842e-07,1.50661,5.20707e-06,235,189,-6.00002,8.00001,79,-47
90,-39,-5.99998,-7.99998,-3.77868e-08,1.15378e-06,3.72809e-07,1.18226e-06,-6.62665e-08,1.41918,9.29739e-06,240,189,-5.99999,7.99999,84,-47
95,-39,-6,-7.99998,1.07567e-07,1.18035e-06,5.64264e-07,1.25002e-06,3.78935e-08,1.32869,9.32039e-06,245,189,-6.00001,7.99999,89,-47
100,-39,-6,-8,1.1684e-07,1.05692e-06,7.75386e-07,1.19618e-06,-2.24172e-08,1.22595,1.17929e-05,250,189,-6,8,94,-47
105,-39,-5.99998,-7.99998,-8.18821e-08,6.922e-07,7.27891e-07,8.36438e-07,-2.2612e-07,1.19347,9.27586e-06,255,189,-5.99998,7.99998,99,-47
110,-39,-6,-7.99997,-3.47862e-07,4.18501e-07,4.90658e-07,4.90308e-07,-4.19669e-07,1.28605,8.71267e-06,260,189,-6,7.99996,104,-47
115,-39,-6,-7.99997,-4.77553e-07,3.18667e-07,2.5869e-07,3.39152e-07,-4.98038e-07,1.41373,5.27801e-06,265,189,-6,7.99997,109,-47
120,-39,-6,-7.99998,-2.87419e-07,2.90063e-07,4.09885e-07,3.55402e-07,-3.52758e-07,1.26217,1.6222e-06,270,189,-6.00001,7.99998,114,-47
125,-39,-6,-7.99997,1.24712e-07,6.86621e-08,1.06464e-06,6.29744e-07,-4.3637e-07,0.759099,9.07788e-06,275,189,-6,7.99997,119,-47
130,-39,-6,-7.99998,3.13503e-07,-4.72735e-07,1.28131e-06,6.72037e-07,-8.31269e-07,0.510211,5.14071e-06,280,189,-5.99999,7.99999,124,-47
-135,-44,0,0,0,0,0,0,0,0,-1,15,194,0,0,-135,-44
-130,-44,-5.99999,-8.00002,0,0,0,0,0,0,-1,20,194,-5.99999,8.00001,-136,-52
-125,-44,-6,-8.00002,3.06731e-06,4.27099e-06,2.26518e-06,4.95172e-06,2.38658e-06,1.02962,0,25,194,-6,8.00001,-131,-52
-120,-44,-5.99999,-8,1.20784e-06,2.27983e-06,2.70802e-06,3.20007e-06,2.87595e-07,0.973862,0,30,194,-5.99999,8,-126,-52
-115,-44,-6.00002,-7.99997,-5.84866e-08,1.49239e-06,1.32375e-06,1.73646e-06,-3.02549e-07,1.21752,0,35,194,-6.00002,7.99997,-121,-52
-110,-44,-5.99992,-8.00008,-1.16792e-06,1.61747e-06,2.40526e-07,1.62266e-06,-1.1731e-06,1.52773,0,40,194,-5.99992,8.00008,-116,-52.0001
-105,-44,-5.99999,-8.00002,-1.53445e-06,1.53719e-06,1.07927e-07,1.53813e-06,-1.5354e-06,1.55324,0,45,194,-5.99999,8.00001,-111,-52
-100,-44,-6,-8.00002,-1.00003e-06,9.87947e-07,5.07625e-07,1.01984e-06,-1.03192e-06,1.44579,0,50,194,-6,8.00001,-106,-52
-95,-44,-6,-8,-2.98406e-08,1.57157e-07,1.01498e-06,5.79687e-07,-4.52371e-07,0.876496,7.51919e-06,55,194,-6,8,-101,-52
-90,-44,-6,-7.99998,7.03236e-07,8.79182e-08,4.3959e-07,7.73683e-07,1.74716e-08,0.310166,6.74016e-06,60,194,-6,7.99999,-96,-52
-85,-44,-5.99994,-8.00011,3.85477e-07,4.60706e-07,-1.30311e-07,4.98325e-07,3.47858e-07,-1.04718,0,65,194,-5.99994,8.00011,-90.9999,-52.0001
-80,-44,-5.99995,-8.00008,-4.0857e-07,7.19065e-07,-9.23395e-08,7.20953e-07,-4.10458e-07,-1.52994,0,70,194,-5.99995,8.00008,-86,-52.0001
-75,-44,-5.99995,-8.00008,-3.93799e-07,2.18708e-07,-5.81321e-08,2.20084e-07,-3.95175e-07,-1.52348,0,75,194,-5.99996,8.00008,-81,-52.0001
-70,-44,-6,-7.99998,3.20831e-07,-3.43975e-07,-4.52172e-07,3.90431e-07,-4.13575e-07,-0.298642,8.07482e-06,80,194,-6,7.99998,-76,-52
-65,-44,-5.99998,-7.99998,4.12103e-07,-5.02657e-07,-2.98464e-07,4.35833e-07,-5.26387e-07,-0.157693,7.79547e-06,85,194,-5.99998,7.99999,-71,-52
-60,-44,-5.99994,-8.00008,-6.26492e-07,-2.19364e-07,7.05355e-07,-1.57179e-08,-8.30138e-07,1.04714,0,90,194,-5.99994,8.00007,-65.9999,-52.0001
-55,-44,-5.99994,-8.00005,-1.87542e-06,2.85225e-07,1.84785e-06,6.26427e-07,-2.21662e-06,1.21704,0,95,194,-5.99994,8.00005,-60.9999,-52
-50,-44,-6.00001,-7.99997,-1.98643e-06,7.31874e-07,1.85817e-06,1.01908e-06,-2.27364e-06,1.27099,3.7571e-06,100,194,-6.00001,7.99997,-56,-52
-45,-44,-6,-7.99997,-5.91575e-07,8.67488e-07,3.06462e-08,8.67649e-07,-5.91736e-07,1.5603,7.37681e-06,105,194,-6,7.99996,-51,-52
-40,-44,-5.99998,-7.99997,8.35362e-07,9.63117e-07,-1.96712e-06,1.88487e-06,-8.63942e-08,-0.817825,1.44798e-05,110,194,-5.99999,7.99998,-46,-52
-35,-44,-5.99997,-8.00008,1.16018e-06,6.1473e-07,-2.37489e-06,2.10582e-06,-3.30909e-07,-0.672519,0,115,194,-5.99997,8.00008,-41,-52.0001
-30,-44,-5.99998,-8.00002,4.65047e-07,-1.03601e-07,-1.29543e-06,8.88093e-07,-5.26647e-07,-0.578578,1.25128e-05,120,194,-5.99998,8.00001,-36,-52
-25,-44,-5.99999,-8,-2.12e-07,-8.7096e-07,-4.57771e-07,-1.403e-07,-9.4266e-07,-0.303576,9.33672e-06,125,194,-5.99999,8,-31,-52
-20,-44,-6.00002,-8,-4.88015e-07,-1.67232e-06,-1.39911e-07,-4.83897e-07,-1.67644e-06,-0.0587963,9.76716e-06,130,194,-6.00001,8,-26,-52
-15,-44,-6,-8,-1.05071e-07,-1.83293e-06,-2.20365e-07,-9.8073e-08,-1.83992e-06,-0.063426,0,135,194,-6,7.99999,-21,-52
-10,-44,-6.00002,-8,4.3378e-07,-1.39599e-06,-5.31898e-08,4.34167e-07,-1.39637e-06,-0.0145305,0,140,194,-6.00001,8.00001,-16,-52
-5,-44,-6,-8,3.29186e-07,-6.20585e-07,6.96098e-07,4.43074e-07,-7.34473e-07,0.316237,0,145,194,-6.00001,8,-11,-52
0,-44,-5.99988,-8.00015,-1.13695e-08,1.13397e-07,1.12696e-06,6.17938e-07,-5.15911e-07,0.840529,0,150,194,-5.99988,8.00015,-5.99988,-52.0002
5,-44,-6,-8,-1.77635e-07,5.62384e-07,7.57445e-07,7.21844e-07,-3.37095e-07,1.17228,0,155,194,-6.00001,8,-1,-52
10,-44,-6,-8,1.9253e-07,3.0083e-07,-1.87355e-08,3.01634e-07,1.91725e-07,-1.48515,6.58925e-06,160,194,-6.00001,8,4,-52
15,-44,-5.99989,-8.00011,5.53182e-07,-1.55959e-07,-3.24828e-07,5.8861e-07,-1.91387e-07,-0.214767,0,165,194,-5.99989,8.00011,9.00011,-52.0001
20,-44,-5.99998,-8,4.61012e-08,-5.25266e-07,5.64622e-08,4.74927e-08,-5.26657e-07,0.0492499,7.87224e-06,170,194,-5.99999,7.99999,14,-52
25,-44,-5.99989,-8.00012,-6.78627e-07,-6.50571e-07,5.66135e-07,-3.81184e-07,-9.48014e-07,0.810156,0,175,194,-5.9999,8.00012,19.0001,-52.0001
30,-44,-6,-7.99998,-2.12828e-07,-9.49564e-07,9.70984e-08,-2.09642e-07,-9.52749e-07,0.0655201,8.83268e-06,180,194,-6,7.99999,24,-52
35,-44,-6,-8,7.25615e-07,-1.16753e-06,9.31128e-08,7.26759e-07,-1.16868e-06,0.0245723,3.16655e-06,185,194,-6,8,29,-52
40,-44,-5.99998,-7.99998,1.08882e-06,-1.19455e-06,1.03124e-06,1.19985e-06,-1.30558e-06,0.212105,7.07364e-06,190,194,-5.99998,7.99998,34,-52
45,-44,-5.99995,-8.00009,3.25528e-07,-7.686e-07,2.4148e-06,1.10402e-06,-1.54709e-06,0.572686,0,195,194,-5.99996,8.00009,39,-52.0001
50,-44,-5.99997,-7.99998,-9.07379e-07,-2.47316e-07,3.04431e-06,9.80177e-07,-2.13487e-06,0.892155,8.29321e-06,200,194,-5.99996,7.99998,44,-52
55,-44,-5.99994,-8.00009,-9.25439e-07,2.15487e-07,1.83794e-06,7.26661e-07,-1.43661e-06,1.06317,0,205,194,-5.99994,8.00008,49.0001,-52.0001
60,-44,-6,-8.00002,-2.08101e-07,2.49257e-07,4.52884e-08,2.50376e-07,-2.09219e-07,1.52145,0,210,194,-6,8.00001,54,-52
65,-44,-5.99998,-8.00003,9.68058e-08,4.14021e-07,-1.03345e-06,7.95932e-07,-2.85105e-07,-0.934308,6.08696e-06,215,194,-5.99999,8.00003,59,-52
70,-44,-5.99994,-8.00005,-2.81506e-07,5.65766e-07,-1.30865e-06,9.21624e-07,-6.37364e-07,-1.07268,0,220,194,-5.99993,8.00005,64.0001,-52
75,-44,-6,-8.00002,-8.4313e-07,6.97062e-07,-1.17427e-06,8.95353e-07,-1.04142e-06,-1.2451,1.42295e-06,225,194,-5.99999,8.00002,69,-52
80,-44,-5.99998,-8.00003,-9.49501e-07,7.38534e-07,-5.12289e-07,7.76545e-07,-9.87513e-07,-1.42347,4.46438e-06,230,194,-5.99998,8.00003,74,-52
85,-44,-6,-8.00002,-6.05747e-07,9.04199e-07,-2.26352e-07,9.12635e-07,-6.14183e-07,-1.4964,7.55624e-06,235,194,-6,8.00002,79,-52
90,-44,-5.99998,-8.00003,-2.82285e-07,1.4594e-06,8.12507e-08,1.46035e-06,-2.83232e-07,1.54749,0,240,194,-5.99999,8.00003,84,-52
95,-44,-6,-8.00002,-3.52126e-08,1.99313e-06,5.54581e-07,2.03036e-06,-7.24373e-08,1.43735,8.09061e-06,245,194,-5.99999,8.00001,89,-52
100,-44,-5.99998,-8.00002,1.45611e-07,2.1713e-06,1.20905e-06,2.33799e-06,-2.10795e-08,1.30174,1.10901e-05,250,194,-5.99999,8.00002,94,-52
105,-44,-6,-8.00002,8.97414e-08,1.80753e-06,1.54401e-06,2.10349e-06,-2.06219e-07,1.20471,9.78386e-06,255,194,-6.00001,8.00002,99,-52
110,-44,-5.99998,-7.99998,-2.73366e-07,1.38773e-06,1.40292e-06,1.64432e-06,-5.2995e-07,1.22013,4.77726e-06,260,194,-5.99999,7.99998,104,-52
115,-44,-5.99997,-7.99998,-6.70419e-07,1.17897e-06,9.87986e-07,1.30265e-06,-7.94099e-07,1.32547,5.51686e-06,265,194,-5.99998,7.99998,109,-52
120,-44,-6.00003,-8,-5.84079e-07,1.07176e-06,1.04941e-06,1.22402e-06,-7.36347e-07,1.28836,5.2369e-06,270,194,-6.00002,8,114,-52
125,-44,-6,-8,1.90032e-07,6.743e-07,1.78289e-06,1.35591e-06,-4.91577e-07,0.918009,6.84328e-06,275,194,-6.00001,8,119,-52
130,-44,-6,-7.99997,1.63164e-06,-3.77817e-08,2.25927e-06,2.2015e-06,-6.0764e-07,0.467212,6.93876e-06,280,194,-6.00001,7.99997,124,-52
-135,-49,0,0,0,0,0,0,0,0,-1,15,199,0,0,-135,-49
-130,-49,-5.99987,-8.00034,0,0,0,0,0,0,-1,20,199,-5.99987,8.00034,-136,-57.0003
-125,-49,-5.99987,-8.00027,2.24644e-06,5.8711e-07,3.86869e-06,3.52154e-06,-6.87989e-07,0.582808,0,25,199,-5.99987,8.00027,-131,-57.0003
-120,-49,-5.99991,-8.00015,8.5417e-07,5.61397e-07,3.97479e-06,2.70056e-06,-1.285e-06,0.748636,0,30,199,-5.99991,8.00015,-126,-57.0002
-115,-49,-6,-8,5.36575e-07,6.3891e-07,1.78718e-06,1.48279e-06,-3.07309e-07,0.813997,0,35,199,-6,8,-121,-57
-110,-49,-5.9999,-8.00009,-4.88829e-07,1.23445e-06,1.97089e-07,1.24006e-06,-4.94446e-07,1.51386,0,40,199,-5.9999,8.00008,-116,-57.0001
-105,-49,-6,-8,-1.46777e-06,1.5127e-06,-1.20273e-07,1.51391e-06,-1.46898e-06,-1.55063,0,45,199,-6,8,-111,-57
-100,-49,-6,-7.99998,-1.57898e-06,1.30474e-06,2.14732e-07,1.30874e-06,-1.58297e-06,1.53363,0,50,199,-6,7.99999,-106,-57
-95,-49,-6,-8,-7.24264e-07,6.99353e-07,5.92302e-07,7.58503e-07,-7.83413e-07,1.37366,8.1051e-06,55,199,-6,8,-101,-57
-90,-49,-5.99992,-8.00008,3.17248e-07,3.60387e-07,2.57111e-07,4.6917e-07,2.08465e-07,0.868516,0,60,199,-5.99992,8.00007,-95.9999,-57.0001
-85,-49,-6,-8,2.45378e-07,2.90735e-07,2.1869e-07,3.79728e-07,1.56384e-07,0.887649,0,65,199,-6,8,-91,-57
-80,-49,-6,-7.99998,-3.28033e-07,3.80708e-07,5.17187e-07,4.65028e-07,-4.12353e-07,1.2556,2.03782e-06,70,199,-6,7.99999,-86,-57
-75,-49,-5.99994,-8.00008,1.43534e-08,3.83621e-07,1.22995e-07,3.93593e-07,4.38099e-09,1.41004,0,75,199,-5.99994,8.00007,-80.9999,-57.0001
-70,-49,-6.00002,-7.99998,8.29119e-07,3.01211e-07,-8.26512e-07,1.05552e-06,7.48061e-08,-0.501197,7.47615e-06,80,199,-6.00001,7.99999,-76,-57
-65,-49,-5.99994,-8.00008,5.64817e-07,1.29128e-07,-6.22182e-07,7.26754e-07,-3.28084e-08,-0.479948,0,85,199,-5.99994,8.00007,-70.9999,-57.0001
-60,-49,-6.00001,-8.00002,-7.92279e-07,-1.18048e-07,8.33837e-07,8.09968e-08,-9.91324e-07,1.12538,0,90,199,-6.00001,8.00001,-66,-57
-55,-49,-5.99999,-8.00003,-2.00674e-06,-1.36629e-07,2.24493e-06,3.89224e-07,-2.53259e-06,1.13268,0,95,199,-6,8.00004,-61,-57
-50,-49,-6,-8.00003,-1.99804e-06,2.97088e-07,2.13398e-06,7.16486e-07,-2.41744e-06,1.19628,0,100,199,-6,8.00003,-56,-57
-45,-49,-6,-8,-6.40097e-07,6.48233e-07,2.21161e-07,6.57655e-07,-6.49519e-07,1.48579,1.07528e-05,105,199,-6,8,-51,-57
-40,-49,-6.00001,-8,5.81845e-07,5.81773e-07,-1.38235e-06,1.27298e-06,-1.09366e-07,-0.785372,1.38937e-05,110,199,-6.00001,8,-46,-57
-35,-49,-6,-8,8.40178e-07,-1.12462e-07,-1.27109e-06,1.15809e-06,-4.30371e-07,-0.463819,5.54408e-06,115,199,-6,7.99999,-41,-57
-30,-49,-5.99994,-8.00008,4.02362e-07,-7.58448e-07,-2.2799e-07,4.13451e-07,-7.69537e-07,-0.0969688,0,120,199,-5.99994,8.00007,-35.9999,-57.0001
-25,-49,-5.99999,-8,-1.59181e-07,-1.10957e-06,4.59525e-07,-1.06549e-07,-1.1622e-06,0.225185,6.646e-06,125,199,-5.99999,8,-31,-57
-20,-49,-5.99992,-8.00008,-5.2133e-07,-1.53126e-06,5.39327e-07,-4.53837e-07,-1.59875e-06,0.245249,0,130,199,-5.99992,8.00008,-25.9999,-57.0001
-15,-49,-6,-8,-2.79598e-07,-1.68251e-06,8.55999e-09,-2.79585e-07,-1.68252e-06,0.00305076,1.02441e-05,135,199,-6,8,-21,-57
-10,-49,-5.99998,-8.00002,2.71728e-07,-1.78742e-06,-8.27331e-08,2.72559e-07,-1.78825e-06,-0.0200784,0,140,199,-5.99999,8.00001,-16,-57
-5,-49,-6,-8,3.8742e-07,-1.36794e-06,1.9687e-07,3.92923e-07,-1.37344e-06,0.0558435,1.13879e-05,145,199,-6,8,-11,-57
0,-49,-6,-8,2.14088e-07,-6.28411e-07,4.70114e-07,2.75231e-07,-6.89555e-07,0.254482,6.87307e-06,150,199,-6.00001,8.00001,-6,-57
5,-49,-6,-8,-3.9184e-08,-1.72252e-08,4.94869e-07,2.19473e-07,-2.75882e-07,0.80757,9.25885e-06,155,199,-6.00001,7.99999,-1,-57
10,-49,-6,-8.00002,2.04996e-08,-1.34571e-07,3.9977e-07,1.5736e-07,-2.71432e-07,0.600382,0,160,199,-6.00001,8.00001,4,-57
15,-49,-6,-8,1.72006e-07,-5.58657e-07,3.83624e-07,2.19299e-07,-6.0595e-07,0.241738,7.50484e-06,165,199,-6,8,9,-57
20,-49,-6,-8,-2.12404e-07,-1.01678e-06,8.23991e-07,-3.88355e-08,-1.19035e-06,0.398722,0,170,199,-6,8.00001,14,-57
25,-49,-5.99998,-8,-7.19041e-07,-9.81619e-07,9.7793e-07,-3.44046e-07,-1.35661e-06,0.654239,0,175,199,-5.99999,8,19,-57
30,-49,-6,-8.00002,-2.78904e-07,-9.34085e-07,3.12061e-07,-2.43643e-07,-9.69346e-07,0.222253,0,180,199,-6,8.00001,24,-57
35,-49,-6.00002,-8,4.99736e-07,-1.14322e-06,1.69029e-07,5.04072e-07,-1.14756e-06,0.0512601,0,185,199,-6.00001,8,29,-57
40,-49,-5.99994,-8.00009,6.37936e-07,-1.15413e-06,1.00514e-06,7.69255e-07,-1.28545e-06,0.25558,0,190,199,-5.99993,8.00009,34.0001,-57.0001
45,-49,-5.99995,-8.00009,-3.89152e-08,-1.10073e-06,2.43771e-06,7.5964e-07,-1.89929e-06,0.579999,0,195,199,-5.99995,8.00009,39,-57.0001
50,-49,-6,-7.99998,-6.88703e-07,-8.19795e-07,3.08715e-06,7.90716e-07,-2.29921e-06,0.764179,9.4003e-06,200,199,-6.00001,7.99999,44,-57
55,-49,-6,-8,-1.87344e-07,-6.59224e-07,2.14838e-06,6.76514e-07,-1.52308e-06,0.677293,1.36195e-05,205,199,-6.00001,8,49,-57
60,-49,-6,-8,7.53604e-07,-8.16661e-07,5.84186e-07,8.06177e-07,-8.69234e-07,0.178082,0,210,199,-6,8,54,-57
65,-49,-5.99992,-8.00005,9.47125e-07,-9.35744e-07,-5.15533e-07,9.81775e-07,-9.70395e-07,-0.133626,0,215,199,-5.99992,8.00004,59.0001,-57
70,-49,-6,-8.00002,1.93971e-07,-6.91612e-07,-1.09224e-06,4.54253e-07,-9.51894e-07,-0.444754,0,220,199,-5.99999,8.00001,64,-57
75,-49,-5.99997,-8.00005,-8.70973e-07,-4.16456e-07,-1.20263e-06,-8.87155e-10,-1.28654e-06,-0.966069,0,225,199,-5.99997,8.00004,69,-57
80,-49,-5.99998,-8.00003,-1.35855e-06,-5.93559e-08,-7.91585e-07,5.17227e-08,-1.46963e-06,-1.29719,1.38562e-05,230,199,-5.99998,8.00003,74,-57
85,-49,-6,-8.00003,-1.11498e-06,3.42659e-07,-6.96538e-07,4.21595e-07,-1.19392e-06,-1.34791,0,235,199,-5.99999,8.00003,79,-57
90,-49,-6,-8.00002,-6.28179e-07,1.1561e-06,-6.4684e-07,1.21292e-06,-6.84993e-07,-1.3969,1.32806e-05,240,199,-6,8.00002,84,-57
95,-49,-6,-8,-1.2395e-07,1.91965e-06,-1.38091e-07,1.92198e-06,-1.2628e-07,-1.53706,1.10206e-05,245,199,-6,8,89,-57
100,-49,-6.00002,-8,1.16379e-07,2.3377e-06,8.71167e-07,2.42006e-06,3.40181e-08,1.38392,1.49214e-05,250,199,-6.00001,8,94,-57
105,-49,-6,-8,-4.52234e-08,2.1019e-06,1.77882e-06,2.42246e-06,-3.65788e-07,1.22487,0,255,199,-6.00001,8,99,-57
110,-49,-6,-8,-4.45441e-07,1.68827e-06,1.92776e-06,2.0592e-06,-8.16377e-07,1.20343,6.72076e-06,260,199,-6,8.00001,104,-57
115,-49,-6,-8.00002,-7.88561e-07,1.36005e-06,1.47396e-06,1.58854e-06,-1.01705e-06,1.27016,0,265,199,-6,8.00002,109,-57
120,-49,-6,-8,-6.58621e-07,1.12479e-06,1.43851e-06,1.37871e-06,-9.12545e-07,1.23142,2.55851e-06,270,199,-5.99998,8,114,-57
125,-49,-6.00003,-8,2.30376e-07,5.76226e-07,2.17943e-06,1.50665e-06,-7.00047e-07,0.864086,0,275,199,-6.00004,8.00001,119,-57
130,-49,-6,-8,1.94435e-06,-2.40037e-07,2.90962e-06,2.67132e-06,-9.67007e-07,0.463408,4.17003e-06,280,199,-6,8,124,-57
-135,-54,0,0,0,0,0,0,0,0,-1,15,204,0,0,-135,-54
-130,-54,-5.99999,-8,0,0,0,0,0,0,-1,20,204,-5.99999,8,-136,-62
-125,-54,-6,-8,5.53178e-06,-4.31201e-06,1.12345e-06,5.56373e-06,-4.34396e-06,0.0568179,8.85024e-06,25,204,-6,8,-131,-62
-120,-54,-5.99993,-8.00009,2.56229e-06,-2.50071e-06,2.84573e-06,2.93476e-06,-2.87318e-06,0.256029,0,30,204,-5.99993,8.0001,-126,-62.0001
-115,-54,-5.99993,-8.00008,1.8145e-06,-1.05358e-06,1.22234e-06,1.93931e-06,-1.17838e-06,0.201439,0,35,204,-5.99993,8.00008,-121,-62.0001
-110,-54,-6,-8,2.66125e-07,2.33204e-07,1.99458e-07,3.50743e-07,1.48586e-07,0.703607,0,40,204,-5.99999,8,-116,-62
-105,-54,-5.99985,-8.00014,-1.47456e-06,9.15015e-07,3.38218e-07,9.26923e-07,-1.48647e-06,1.50049,0,45,204,-5.99985,8.00014,-111,-62.0001
-100,-54,-5.99994,-8.00009,-2.23894e-06,8.62232e-07,9.69772e-07,9.36279e-07,-2.31299e-06,1.41926,0,50,204,-5.99994,8.00008,-106,-62.0001
-95,-54,-6.00001,-8.00002,-1.56565e-06,4.48112e-07,1.108e-06,5.90458e-07,-1.708e-06,1.31929,1.38491e-05,55,204,-6.00001,8.00002,-101,-62
-90,-54,-6,-8,-1.29365e-07,4.74205e-08,4.397e-07,1.95982e-07,-2.77927e-07,0.976539,6.77965e-06,60,204,-6,8,-96,-62
-85,-54,-5.99994,-8.00008,3.83048e-07,1.39826e-08,1.24733e-08,3.83154e-07,1.38772e-08,0.016892,0,65,204,-5.99994,8.00007,-90.9999,-62.0001
-80,-54,-5.99999,-7.99998,1.68389e-07,2.35064e-07,1.21928e-07,2.71211e-07,1.32242e-07,1.03561,7.97126e-06,70,204,-5.99999,7.99998,-86,-62
-75,-54,-6.00002,-7.99998,5.36406e-07,4.49283e-07,-9.55372e-08,5.57493e-07,4.28196e-07,-0.415715,5.98323e-06,75,204,-6.00002,7.99999,-81,-62
-70,-54,-5.99993,-8.00009,9.92197e-07,2.18363e-07,-2.42568e-07,1.01076e-06,1.998e-07,-0.151881,0,80,204,-5.99993,8.00009,-75.9999,-62.0001
-65,-54,-6.00001,-8,2.0225e-07,-3.14914e-07,6.88738e-07,3.74313e-07,-4.86976e-07,0.463364,1.57375e-05,85,204,-6.00001,8,-71,-62
-60,-54,-5.99985,-8.00008,-1.28183e-06,-8.84607e-07,2.28441e-06,7.61281e-08,-2.24256e-06,0.871479,0,90,204,-5.99985,8.00007,-65.9998,-62.0001
-55,-54,-5.99999,-8,-2.05483e-06,-9.12506e-07,2.98433e-06,1.14077e-07,-3.08141e-06,0.968182,0,95,204,-6,8,-61,-62
-50,-54,-6,-8,-1.67039e-06,-4.13941e-07,2.26761e-06,2.54051e-07,-2.33838e-06,1.03839,6.82003e-06,100,204,-6,8,-56,-62
-45,-54,-6,-8,-4.4692e-07,2.57285e-09,3.75327e-07,7.06207e-08,-5.14968e-07,1.22294,0,105,204,-6,8,-51,-62
-40,-54,-6,-8,3.42665e-07,-2.16543e-07,-6.62797e-07,4.96655e-07,-3.70532e-07,-0.434983,4.80973e-06,110,204,-6,8,-46,-62
-35,-54,-6,-8.00002,4.4586e-07,-6.80513e-07,-6.08112e-07,5.22696e-07,-7.57349e-07,-0.247522,0,115,204,-6,8.00002,-41,-62
-30,-54,-5.99999,-8.00002,2.88693e-07,-9.57416e-07,-5.96114e-08,2.89405e-07,-9.58128e-07,-0.0239008,0,120,204,-5.99999,8.00001,-36,-62
-25,-54,-6,-7.99998,-7.83529e-08,-8.69661e-07,3.73911e-07,-3.64062e-08,-9.11608e-07,0.220712,1.41638e-05,125,204,-6,7.99999,-31,-62
-20,-54,-6.00001,-8,-3.12614e-07,-8.94768e-07,4.12092e-07,-2.47067e-07,-9.60315e-07,0.307996,1.00259e-05,130,204,-6.00001,8,-26,-62
-15,-54,-5.99998,-8,-1.25801e-07,-7.95235e-07,-2.52482e-07,-1.02786e-07,-8.1825e-07,-0.18033,1.40699e-06,135,204,-5.99999,8,-21,-62
-10,-54,-6,-8.00002,3.35604e-07,-9.76579e-07,-5.62297e-07,3.93306e-07,-1.03428e-06,-0.202424,7.95152e-06,140,204,-5.99999,8.00001,-16,-62
-5,-54,-6,-8.00002,4.97726e-07,-8.17731e-07,-7.81481e-07,6.05036e-07,-9.25042e-07,-0.268026,1.58647e-06,145,204,-6,8.00001,-11,-62
0,-54,-6,-8,3.32985e-07,-5.86825e-07,-4.48591e-07,3.84765e-07,-6.38605e-07,-0.226879,8.54632e-06,150,204,-6,8,-6,-62
5,-54,-6,-8.00002,-2.96166e-08,-3.66467e-07,1.86865e-07,-5.4368e-09,-3.90647e-07,0.253238,0,155,204,-6,8.00001,-1,-62
10,-54,-6,-7.99998,-1.63733e-07,-4.30681e-07,6.75497e-07,6.59584e-08,-6.60373e-07,0.597222,0,160,204,-6.00001,7.99999,4,-62
15,-54,-5.99998,-8,-2.13894e-07,-6.40925e-07,8.12515e-07,3.15389e-08,-8.86358e-07,0.543453,0,165,204,-5.99999,8,9.00002,-62
20,-54,-5.99998,-8,-5.54165e-07,-9.51761e-07,1.08867e-06,-1.73463e-07,-1.33246e-06,0.610317,0,170,204,-5.99998,8.00001,14,-62
25,-54,-6,-8,-8.27329e-07,-9.07907e-07,9.38135e-07,-3.96824e-07,-1.33841e-06,0.742558,3.39773e-06,175,204,-6,7.99999,19,-62
30,-54,-6,-8,-4.58698e-07,-8.16986e-07,4.12052e-07,-3.64823e-07,-9.10861e-07,0.427539,0,180,204,-6,8,24,-62
35,-54,-6.00002,-8.00002,2.41401e-07,-1.24779e-06,3.76013e-07,2.6477e-07,-1.27116e-06,0.123662,5.61749e-06,185,204,-6.00002,8.00001,29,-62
40,-54,-6,-8,3.66184e-07,-1.41259e-06,1.03864e-06,5.06702e-07,-1.5531e-06,0.264253,0,190,204,-6,8,34,-62
45,-54,-6,-8,-1.1622e-07,-1.50769e-06,2.09508e-06,4.45579e-07,-2.06949e-06,0.492266,0,195,204,-6.00001,8,39,-62
50,-54,-6,-7.99998,-4.39331e-07,-1.15305e-06,2.46979e-06,4.89234e-07,-2.08162e-06,0.64474,0,200,204,-6,7.99999,44,-62
55,-54,-6.00003,-8,1.89969e-07,-1.00469e-06,1.90379e-06,7.16433e-07,-1.53115e-06,0.505196,6.88513e-06,205,204,-6.00002,8.00001,49,-62
60,-54,-6,-8,1.18282e-06,-1.19431e-06,9.26408e-07,1.26989e-06,-1.28138e-06,0.185805,6.23709e-06,210,204,-6,7.99999,54,-62
65,-54,-5.99998,-7.99998,1.50011e-06,-1.3634e-06,1.8855e-07,1.50321e-06,-1.3665e-06,0.0328753,0,215,204,-5.99998,7.99999,59,-62
70,-54,-5.99997,-8,7.15838e-07,-9.39833e-07,-4.20018e-07,7.4206e-07,-9.66056e-07,-0.124222,0,220,204,-5.99997,8,64,-62
75,-54,-5.99997,-8,-6.92319e-07,-4.57569e-07,-6.53619e-07,-2.27696e-07,-9.22193e-07,-0.957801,7.10418e-06,225,204,-5.99997,8,69,-62
80,-54,-6,-8.00002,-1.56556e-06,-3.9797e-08,-6.91551e-07,3.49067e-08,-1.64026e-06,-1.35802,0,230,204,-6,8.00001,74,-62
85,-54,-5.99998,-8,-1.39248e-06,1.26912e-07,-1.14191e-06,3.17546e-07,-1.58312e-06,-1.24855,0,235,204,-5.99999,8,79,-62
90,-54,-6.00003,-8,-6.62717e-07,4.76945e-07,-1.64746e-06,9.08732e-07,-1.0945e-06,-1.08799,8.91621e-06,240,204,-6.00003,8,84,-62
95,-54,-5.99998,-8.00011,-1.78429e-08,9.55882e-07,-1.06663e-06,1.19114e-06,-2.53102e-07,-1.15535,0,245,204,-5.99998,8.0001,89,-62.0001
100,-54,-6.00002,-8.00018,2.75217e-08,1.45349e-06,3.78967e-07,1.47824e-06,2.77265e-09,1.44092,0,250,204,-6.00001,8.00019,94,-62.0002
105,-54,-6,-8.00002,-4.14715e-07,1.58509e-06,1.79919e-06,1.93021e-06,-7.59833e-07,1.20448,1.10152e-06,255,204,-6,8.00001,99,-62
110,-54,-6,-8.00002,-7.57103e-07,1.55583e-06,1.92103e-06,1.90269e-06,-1.10397e-06,1.22425,0,260,204,-6,8.00002,104,-62
115,-54,-6,-8.00002,-7.78637e-07,1.23105e-06,1.22678e-06,1.40348e-06,-9.51059e-07,1.29677,3.74484e-06,265,204,-5.99999,8.00002,109,-62
120,-54,-6,-8.00002,-5.00897e-07,8.39171e-07,1.03107e-06,1.01455e-06,-6.76277e-07,1.24289,4.77099e-06,270,204,-5.99999,8.00001,114,-62
125,-54,-6.00003,-7.99998,1.99851e-07,1.74206e-07,1.93298e-06,1.1536e-06,-7.79545e-07,0.778765,3.33018e-06,275,204,-6.00004,7.99999,119,-62
130,-54,-6.00003,-7.99998,1.44714e-06,-5.48405e-07,3.08364e-06,2.28587e-06,-1.38714e-06,0.498217,4.85884e-06,280,204,-6.00002,7.99999,124,-62
-135,-59,0,0,0,0,0,0,0,0,-1,15,209,0,0,-135,-59
-130,-59,-6.00003,-8,0,0,0,0,0,0,-1,20,209,-6.00003,8,-136,-67
-125,-59,-6.00003,-8,3.9622e-06,-5.56531e-06,2.97234e-07,3.96452e-06,-5.56763e-06,0.0155937,6.40484e-06,25,209,-6.00003,8,-131,-67
-120,-59,-5.99993,-8.00008,2.70556e-06,-3.99836e-06,1.57937e-06,2.79732e-06,-4.09012e-06,0.115685,0,30,209,-5.99993,8.00008,-126,-67.0001
-115,-59,-6.00001,-7.99998,2.63644e-06,-2.35333e-06,-2.33595e-08,2.63646e-06,-2.35336e-06,-0.00234073,0,35,209,-6.00001,7.99998,-121,-67
-110,-59,-5.99991,-8.00011,1.18737e-06,-1.09876e-06,-3.75891e-07,1.20271e-06,-1.11411e-06,-0.0814821,0,40,209,-5.99991,8.00011,-116,-67.0001
-105,-59,-5.99991,-8.00008,-1.01311e-06,-2.02263e-07,4.34361e-07,-1.47756e-07,-1.06761e-06,1.3249,0,45,209,-5.99991,8.00008,-111,-67.0001
-100,-59,-5.99995,-8.00006,-2.33177e-06,1.72953e-07,1.37678e-06,3.4968e-07,-2.50849e-06,1.3195,0,50,209,-5.99995,8.00006,-106,-67.0001
-95,-59,-6.00001,-8,-1.957e-06,2.85275e-07,1.31544e-06,4.63963e-07,-2.13569e-06,1.30552,2.67201e-06,55,209,-6.00001,8,-101,-67
-90,-59,-6,-8,-4.6808e-07,1.24186e-07,2.35755e-07,1.46784e-07,-4.90679e-07,1.38138,1.277e-05,60,209,-6,8,-96,-67
-85,-59,-5.99995,-8.00008,3.55501e-07,2.84196e-08,-5.85421e-07,5.27259e-07,-1.43338e-07,-0.530644,0,65,209,-5.99995,8.00008,-91,-67.0001
-80,-59,-5.99999,-8.00002,3.64785e-07,5.70661e-08,-5.6608e-07,5.33081e-07,-1.1123e-07,-0.536441,4.20082e-06,70,209,-5.99999,8.00001,-86,-67
-75,-59,-6,-8.00005,5.18798e-07,-3.89704e-08,-2.56033e-07,5.46776e-07,-6.69486e-08,-0.215169,8.55356e-06,75,209,-6,8.00004,-81,-67
-70,-59,-6,-7.99997,5.55186e-07,-6.29693e-07,7.1609e-07,6.54975e-07,-7.29482e-07,0.271809,1.27255e-05,80,209,-6,7.99997,-76,-67
-65,-59,-5.99987,-8.00011,-3.39774e-07,-1.36613e-06,2.22967e-06,3.74327e-07,-2.08023e-06,0.569698,0,85,209,-5.99987,8.0001,-70.9999,-67.0001
-60,-59,-6,-8.00002,-1.46298e-06,-1.71354e-06,3.33832e-06,8.55978e-08,-3.26212e-06,0.74794,7.10836e-06,90,209,-6,8.00001,-66,-67
-55,-59,-5.99999,-8,-1.72087e-06,-1.30048e-06,3.04153e-06,2.45471e-08,-3.0459e-06,0.854071,1.21528e-05,95,209,-5.99999,8,-61,-67
-50,-59,-5.99999,-8,-1.15828e-06,-6.41066e-07,2.04212e-06,1.53629e-07,-1.95297e-06,0.909426,2.3703e-06,100,209,-5.99999,7.99999,-56,-67
-45,-59,-5.99998,-7.99998,-2.11904e-07,-2.5566e-07,5.71381e-07,5.27451e-08,-5.20309e-07,0.747183,2.18456e-06,105,209,-5.99998,7.99999,-51,-67
-40,-59,-5.99998,-7.99998,4.07538e-07,-5.06495e-07,-1.86875e-07,4.16992e-07,-5.15949e-07,-0.100836,4.86884e-06,110,209,-5.99998,7.99998,-46,-67
-35,-59,-6,-8,6.37669e-07,-6.09411e-07,-7.63075e-07,7.45137e-07,-7.16879e-07,-0.274558,1.08096e-05,115,209,-6,8,-41,-67
-30,-59,-6,-8,5.10637e-07,-5.74461e-07,-7.85563e-07,6.37892e-07,-7.01716e-07,-0.313312,1.03058e-05,120,209,-6,8,-36,-67
-25,-59,-5.99999,-7.99998,-1.83487e-08,-2.78898e-07,-4.38067e-07,1.06224e-07,-4.03471e-07,-0.517115,4.35033e-06,125,209,-6,7.99999,-31,-67
-20,-59,-5.99998,-8,-3.11152e-07,-1.82978e-07,-1.51552e-07,-1.47823e-07,-3.46307e-07,-1.13641,3.00241e-06,130,209,-5.99999,7.99999,-26,-67
-15,-59,-6,-8,-1.4214e-07,-7.13261e-08,-3.9832e-07,9.55496e-08,-3.09016e-07,-0.87337,1.28235e-05,135,209,-6.00001,8.00001,-21,-67
-10,-59,-6,-8,3.72682e-07,-2.11906e-07,-6.05833e-07,5.01332e-07,-3.40556e-07,-0.401621,3.26893e-06,140,209,-5.99999,8,-16,-67
-5,-59,-5.99998,-7.99998,5.28913e-07,-5.21566e-08,-1.0779e-06,8.50652e-07,-3.73895e-07,-0.53819,0,145,209,-5.99999,7.99999,-11,-67
0,-59,-6,-8,1.24997e-07,4.18362e-08,-9.58391e-07,5.64412e-07,-3.97579e-07,-0.742121,1.22605e-05,150,209,-6.00001,7.99999,-6,-67
5,-59,-5.99989,-8.00008,-3.29941e-07,9.61542e-08,-4.54604e-07,1.94644e-07,-4.28431e-07,-1.16192,0,155,209,-5.99989,8.00007,-0.999893,-67.0001
10,-59,-6,-8.00002,-4.94181e-07,5.2719e-08,4.52454e-08,5.36532e-08,-4.95115e-07,1.52952,0,160,209,-5.99999,8.00001,4,-67
15,-59,-5.99997,-8,-5.97087e-07,-8.43063e-08,4.62023e-07,4.41548e-09,-6.85809e-07,1.20411,0,165,209,-5.99997,8,9.00003,-67
20,-59,-6,-8,-7.5255e-07,-3.25864e-07,7.36204e-07,-1.13749e-07,-9.64665e-07,1.04803,5.43422e-06,170,209,-6,8,14,-67
25,-59,-5.99998,-8,-7.16196e-07,-4.445e-07,4.93339e-07,-2.98745e-07,-8.61952e-07,1.0371,5.82184e-06,175,209,-5.99999,7.99999,19,-67
30,-59,-6,-8,-4.59327e-07,-5.71029e-07,1.90434e-07,-4.04789e-07,-6.25567e-07,0.520156,0,180,209,-6,8,24,-67
35,-59,-6,-8,3.45697e-09,-1.10773e-06,3.5972e-07,3.18444e-08,-1.13612e-06,0.156539,0,185,209,-5.99999,8.00001,29,-67
40,-59,-6.00002,-8,6.7366e-08,-1.37044e-06,9.93864e-07,2.22398e-07,-1.52547e-06,0.30241,3.895e-06,190,209,-6.00001,8,34,-67
45,-59,-5.99998,-8.00002,-1.44637e-07,-1.336e-06,1.69422e-06,2.95265e-07,-1.7759e-06,0.478965,0,195,209,-5.99999,8.00002,39,-67
50,-59,-6,-8.00002,-1.25976e-07,-9.19764e-07,1.79294e-06,4.57528e-07,-1.50327e-06,0.577002,0,200,209,-6,8.00001,44,-67
55,-59,-6.00002,-7.99998,4.74344e-07,-6.91973e-07,1.415e-06,8.08043e-07,-1.02567e-06,0.44072,1.74964e-06,205,209,-6.00001,7.99999,49,-67
60,-59,-6,-8,1.18969e-06,-8.16032e-07,6.467e-07,1.24053e-06,-8.66872e-07,0.155952,0,210,209,-5.99999,8,54,-67
65,-59,-6,-7.99998,1.45e-06,-6.83318e-07,-6.04436e-09,1.45e-06,-6.83322e-07,-0.00141666,0,215,209,-5.99999,7.99999,59,-67
70,-59,-5.99997,-8,8.69318e-07,-1.04797e-07,-3.12514e-07,8.93769e-07,-1.29249e-07,-0.155222,7.59503e-06,220,209,-5.99997,8,64,-67
75,-59,-5.99997,-7.99998,-3.66523e-07,4.7497e-07,-1.28612e-07,4.79855e-07,-3.71409e-07,-1.49496,0,225,209,-5.99997,7.99999,69,-67
80,-59,-5.99991,-8.00005,-1.26253e-06,6.39739e-07,-5.45995e-08,6.4013e-07,-1.26292e-06,-1.55645,0,230,209,-5.9999,8.00005,74.0001,-67
85,-59,-6.00002,-8,-1.17225e-06,3.0568e-07,-7.40828e-07,3.9332e-07,-1.25989e-06,-1.33847,4.52924e-06,235,209,-6.00001,8,79,-67
90,-59,-6.00002,-8.00002,-4.81211e-07,-2.20921e-07,-1.75649e-06,5.36767e-07,-1.2389e-06,-0.858957,1.27588e-05,240,209,-6.00002,8.00001,84,-67
95,-59,-5.99998,-8,1.34515e-07,-3.93347e-07,-1.47109e-06,6.52049e-07,-9.10882e-07,-0.613142,0,245,209,-5.99998,8,89,-67
100,-59,-5.99997,-8,7.33959e-08,-1.00153e-07,-1.39743e-07,9.80297e-08,-1.24787e-07,-0.338953,6.32548e-06,250,209,-5.99997,8,94,-67
105,-59,-6,-8.00002,-4.14679e-07,4.17394e-07,1.13285e-06,7.04157e-07,-7.01441e-07,1.10215,9.91435e-06,255,209,-6,8.00001,99,-67
110,-59,-6,-8,-5.8266e-07,9.57488e-07,1.06291e-06,1.12307e-06,-7.48247e-07,1.26876,0,260,209,-6,8,104,-67
115,-59,-6.00003,-8.00002,-4.62441e-07,9.26793e-07,4.63661e-07,9.64458e-07,-5.00107e-07,1.40973,0,265,209,-6.00002,8.00002,109,-67
120,-59,-6.00003,-8.00003,-3.46778e-07,6.1146e-07,4.37038e-07,6.5894e-07,-3.94257e-07,1.35684,6.17919e-06,270,209,-6.00003,8.00003,114,-67
125,-59,-6,-8.00002,-2.21841e-07,1.88464e-07,1.47889e-06,7.50686e-07,-7.84063e-07,0.920716,2.72369e-06,275,209,-6.00001,8.00002,119,-67
130,-59,-6,-7.99997,3.54126e-07,-6.23139e-09,2.71309e-06,1.54241e-06,-1.19451e-06,0.719374,8.27033e-06,280,209,-6.00001,7.99997,124,-67
-135,-64,0,0,0,0,0,0,0,0,-1,15,214,0,0,-135,-64
-130,-64,-6.00002,-8.00002,0,0,0,0,0,0,-1,20,214,-6.00002,8.00002,-136,-72
-125,-64,-6.00002,-8.00002,1.20685e-06,-2.25772e-06,-1.70456e-06,1.40516e-06,-2.45603e-06,-0.228612,0,25,214,-6.00002,8.00001,-131,-72
-120,-64,-6.00003,-8,2.28819e-06,-2.12641e-06,-1.2786e-06,2.37891e-06,-2.21712e-06,-0.140957,1.39328e-06,30,214,-6.00003,8,-126,-72
-115,-64,-6.00001,-7.99998,2.8281e-06,-1.75147e-06,-2.00694e-06,3.03832e-06,-1.9617e-06,-0.206515,1.27454e-05,35,214,-6.00001,7.99998,-121,-72
-110,-64,-5.99993,-8.00005,1.58493e-06,-1.58283e-06,-1.30956e-06,1.71494e-06,-1.71283e-06,-0.196003,0,40,214,-5.99993,8.00005,-116,-72
-105,-64,-5.99994,-8.00008,-7.08841e-07,-1.09557e-06,1.05374e-07,-7.01792e-07,-1.10262e-06,0.133007,0,45,214,-5.99993,8.00008,-111,-72.0001
-100,-64,-5.99999,-8.00003,-2.19382e-06,-3.98285e-07,1.03954e-06,-2.58677e-07,-2.33343e-06,1.30839,1.16854e-05,50,214,-5.99999,8.00003,-106,-72
-95,-64,-5.99999,-8,-1.94899e-06,1.87598e-07,8.23593e-07,2.64219e-07,-2.02561e-06,1.38684,1.367e-05,55,214,-5.99999,8,-101,-72
-90,-64,-6,-8,-4.45198e-07,1.52475e-07,-1.47722e-07,1.61467e-07,-4.54191e-07,-1.44964,0,60,214,-5.99999,8,-96,-72
-85,-64,-5.99995,-8.00009,5.5901e-07,-3.76631e-07,-7.63932e-07,6.95138e-07,-5.12759e-07,-0.342355,0,65,214,-5.99995,8.00009,-90.9999,-72.0001
-80,-64,-6,-8.00002,5.15237e-07,-7.51366e-07,-4.58201e-07,5.55402e-07,-7.91531e-07,-0.173554,6.26731e-06,70,214,-6,8.00001,-86,-72
-75,-64,-5.99987,-8.00015,4.06864e-08,-9.93525e-07,4.25613e-07,8.2763e-08,-1.0356e-06,0.195205,0,75,214,-5.99987,8.00016,-80.9999,-72.0002
-70,-64,-6,-8.00003,-4.74253e-07,-1.36894e-06,1.81652e-06,9.08522e-08,-1.93404e-06,0.556573,1.08755e-05,80,214,-6,8.00004,-76,-72
-65,-64,-6,-8,-1.12804e-06,-1.76028e-06,3.11935e-06,1.47228e-07,-3.03555e-06,0.685412,0,85,214,-6,8,-71,-72
-60,-64,-6,-8,-1.4487e-06,-1.63597e-06,3.3408e-06,1.3069e-07,-3.21536e-06,0.757399,1.15486e-05,90,214,-6,7.99999,-66,-72
-55,-64,-6,-8,-1.1431e-06,-9.18367e-07,2.38975e-06,1.69411e-07,-2.23088e-06,0.832281,2.9181e-06,95,214,-6,7.99999,-61,-72
-50,-64,-6.00001,-8,-6.28962e-07,-1.81042e-07,1.50442e-06,3.79839e-07,-1.18984e-06,0.930088,0,100,214,-6.00001,8.00001,-56,-72
-45,-64,-5.99999,-8,8.29393e-09,1.61616e-07,6.27195e-07,4.07787e-07,-2.37876e-07,0.905276,8.51345e-06,105,214,-5.99999,8.00001,-51,-72
-40,-64,-5.99999,-7.99998,6.27216e-07,8.53342e-08,-1.39714e-07,6.36077e-07,7.64734e-08,-0.126168,1.96138e-06,110,214,-5.99999,7.99999,-46,-72
-35,-64,-5.99999,-8,9.91496e-07,1.54815e-07,-1.10231e-06,1.2651e-06,-1.18784e-07,-0.460772,0,115,214,-5.99999,8,-41,-72
-30,-64,-5.99998,-8.00002,7.19713e-07,2.46729e-07,-1.42163e-06,1.23234e-06,-2.65903e-07,-0.624806,8.84323e-06,120,214,-5.99999,8.00001,-36,-72
-25,-64,-5.99999,-8,-7.59719e-08,3.62759e-07,-9.40822e-07,6.62438e-07,-3.75652e-07,-1.00357,8.62791e-06,125,214,-6,7.99999,-31,-72
-20,-64,-5.99999,-8,-4.95534e-07,2.59523e-07,-3.8323e-07,3.05367e-07,-5.41378e-07,-1.33596,0,130,214,-5.99999,8,-26,-72
-15,-64,-6,-8,-2.28836e-07,4.57504e-08,-1.99642e-07,7.8203e-08,-2.61289e-07,-1.25647,0,135,214,-5.99999,8,-21,-72
-10,-64,-6,-8,6.30541e-07,-6.23113e-08,-5.49239e-07,7.26186e-07,-1.57956e-07,-0.335143,0,140,214,-5.99999,8,-16,-72
-5,-64,-5.99988,-8.00008,1.10248e-06,2.03141e-07,-1.24812e-06,1.422e-06,-1.16381e-07,-0.473205,0,145,214,-5.99989,8.00008,-10.9999,-72.0001
0,-64,-6,-8.00002,5.94709e-07,7.27307e-07,-1.59982e-06,1.46366e-06,-1.41645e-07,-0.826745,5.17392e-06,150,214,-6.00001,8.00001,-6,-72
5,-64,-6,-8,-2.24817e-07,1.1063e-06,-1.3698e-06,1.39576e-06,-5.14276e-07,-1.17094,0,155,214,-6,8,-1,-72
10,-64,-6,-8.00002,-8.71413e-07,1.13776e-06,-8.79368e-07,1.22976e-06,-9.6342e-07,-1.36452,4.32813e-06,160,214,-6,8.00001,4,-72
15,-64,-5.99998,-8,-1.25925e-06,7.89938e-07,-8.3488e-08,7.90788e-07,-1.2601e-06,-1.55044,0,165,214,-5.99999,7.99999,9.00002,-72
20,-64,-6,-8.00002,-1.25601e-06,3.75576e-07,3.82067e-07,3.97645e-07,-1.27808e-06,1.45578,0,170,214,-5.99999,8.00001,14,-72
25,-64,-6,-8.00002,-8.76893e-07,1.4267e-08,3.72797e-07,5.16837e-08,-9.14309e-07,1.37269,4.76942e-06,175,214,-5.99999,8.00001,19,-72
30,-64,-6.00002,-8,-6.51557e-07,-1.92726e-07,2.03462e-07,-1.71182e-07,-6.73101e-07,1.36211,0,180,214,-6.00001,8,24,-72
35,-64,-6,-8,-4.32958e-07,-5.46506e-07,3.02844e-07,-3.28016e-07,-6.51448e-07,0.606039,2.44686e-06,185,214,-6,8,29,-72
40,-64,-6,-8,-2.74601e-07,-7.81095e-07,5.736e-07,-1.45241e-07,-9.10455e-07,0.423724,0,190,214,-6.00001,8,34,-72
45,-64,-6,-8,-3.50463e-08,-7.01748e-07,8.83605e-07,1.85058e-07,-9.21852e-07,0.462203,4.20572e-06,195,214,-6,8,39,-72
50,-64,-6,-8.00002,3.18525e-07,-4.6872e-07,1.0345e-06,5.74893e-07,-7.25088e-07,0.46015,4.21203e-06,200,214,-6,8.00001,44,-72
55,-64,-6,-8.00002,8.11093e-07,-2.84381e-07,9.56463e-07,9.90488e-07,-4.63776e-07,0.358878,0,205,214,-6,8.00001,49,-72
60,-64,-6,-8,1.04242e-06,-2.93843e-07,1.60526e-07,1.04722e-06,-2.98647e-07,0.0597788,3.94374e-06,210,214,-6,8,54,-72
65,-64,-6,-7.99998,9.32721e-07,3.54246e-08,-8.00589e-07,1.08534e-06,-1.17193e-07,-0.364251,8.55733e-06,215,214,-5.99999,7.99999,59,-72
70,-64,-5.99997,-7.99998,5.11922e-07,4.6658e-07,-8.99946e-07,9.39794e-07,3.87073e-08,-0.760228,5.11685e-06,220,214,-5.99998,7.99999,64,-72
75,-64,-5.99998,-8.00002,-1.72073e-07,8.91446e-07,-1.92114e-07,9.00052e-07,-1.80679e-07,-1.48144,8.58725e-06,225,214,-5.99999,8.00002,69,-72
80,-64,-6,-8.00002,-6.73227e-07,8.34629e-07,4.05348e-07,8.61396e-07,-6.99994e-07,1.43949,0,230,214,-6,8.00001,74,-72
85,-64,-6,-8.00002,-5.66103e-07,3.18309e-07,-1.14966e-07,3.2203e-07,-5.69824e-07,-1.50616,0,235,214,-6,8.00002,79,-72
90,-64,-6,-8.00003,-2.05123e-07,-6.86142e-07,-1.17835e-06,1.90744e-07,-1.08201e-06,-0.591615,6.86392e-06,240,214,-5.99999,8.00003,84,-72
95,-64,-6,-8.00003,1.04105e-07,-1.37158e-06,-1.15548e-06,3.03383e-07,-1.57086e-06,-0.332148,2.50008e-06,245,214,-6,8.00003,89,-72
100,-64,-5.99995,-8.00012,9.74756e-08,-1.44013e-06,-7.00719e-08,9.82735e-08,-1.44093e-06,-0.0227702,0,250,214,-5.99996,8.00012,94,-72.0001
105,-64,-6,-8.00002,-7.91464e-08,-8.06431e-07,7.62896e-07,8.42203e-08,-9.69797e-07,0.404646,0,255,214,-5.99999,8.00001,99,-72
110,-64,-6.00002,-8.00002,-4.50957e-08,1.00114e-08,5.89048e-07,2.78268e-07,-3.13352e-07,0.832039,0,260,214,-6.00001,8.00001,104,-72
115,-64,-6,-8,-6.28361e-08,3.53615e-07,2.71016e-07,3.93825e-07,-1.03046e-07,1.28234,0,265,214,-5.99999,8,109,-72
120,-64,-6,-8,-3.30101e-07,3.54726e-07,4.49533e-07,4.21906e-07,-3.97282e-07,1.28036,1.36478e-05,270,214,-5.99999,8,114,-72
125,-64,-6,-7.99997,-7.79021e-07,4.88425e-07,1.22672e-06,7.3664e-07,-1.02724e-06,1.18626,7.09717e-06,275,214,-6.00001,7.99997,119,-72
130,-64,-6,-7.99997,-6.08893e-07,1.13953e-06,1.78693e-06,1.51533e-06,-9.84693e-07,1.17265,8.81074e-06,280,214,-6.00001,7.99997,124,-72
-135,-69,0,0,0,0,0,0,0,0,-1,15,219,0,0,-135,-69
-130,-69,-5.99993,-8.00005,0,0,0,0,0,0,-1,20,219,-5.99993,8.00005,-136,-77
-125,-69,-5.99991,-8.00008,-4.08553e-06,4.19764e-07,1.45025e-06,5.33597e-07,-4.19936e-06,1.41508,0,25,219,-5.99991,8.00007,-131,-77.0001
-120,-69,-6.00003,-7.99995,-2.03022e-07,2.89152e-07,-1.21871e-06,7.00234e-07,-6.14103e-07,-0.977308,0,30,219,-6.00003,7.99995,-126,-77
-115,-69,-6.00001,-8,1.38394e-06,-1.72119e-07,-2.30185e-06,1.99514e-06,-7.8332e-07,-0.488179,3.10732e-06,35,219,-6.00001,7.99999,-121,-77
-110,-69,-5.99991,-8.00005,1.08892e-06,-7.82334e-07,-1.81725e-06,1.45752e-06,-1.15093e-06,-0.38538,0,40,219,-5.99991,8.00004,-116,-77
-105,-69,-6.00001,-8.00002,-4.75958e-07,-7.64739e-07,-7.67763e-07,-2.1021e-07,-1.03049e-06,-0.605516,0,45,219,-6.00001,8.00001,-111,-77
-100,-69,-5.99994,-8.00005,-1.70755e-06,-1.6548e-07,1.15298e-07,-1.63328e-07,-1.70971e-06,1.53348,0,50,219,-5.99994,8.00004,-106,-77
-95,-69,-5.99997,-8.00002,-1.78352e-06,3.31681e-07,4.90394e-07,3.59732e-07,-1.81157e-06,1.45689,3.03522e-06,55,219,-5.99997,8.00001,-101,-77
-90,-69,-5.99997,-8.00006,-7.45444e-07,-1.1024e-07,6.79161e-07,3.71159e-08,-8.928e-07,1.16138,0,60,219,-5.99997,8.00006,-96,-77.0001
-85,-69,-5.99999,-7.99998,2.61628e-07,-1.33138e-06,6.89068e-07,3.3295e-07,-1.4027e-06,0.204128,5.00978e-06,65,219,-5.99999,7.99999,-91,-77
-80,-69,-6,-8,3.79548e-07,-2.08051e-06,7.5334e-07,4.3593e-07,-2.13689e-06,0.148581,0,70,219,-6,8,-86,-77
-75,-69,-5.99998,-8,-3.46633e-07,-2.13572e-06,1.22819e-06,-1.56132e-07,-2.32622e-06,0.300801,7.96927e-06,75,219,-5.99999,8,-81,-77
-70,-69,-5.99998,-8,-1.22033e-06,-1.71464e-06,1.99678e-06,-4.38955e-07,-2.49601e-06,0.664062,0,80,219,-5.99998,8,-76,-77
-65,-69,-6,-8,-1.63241e-06,-1.35679e-06,2.59156e-06,-1.9151e-07,-2.79769e-06,0.838375,3.39402e-06,85,219,-6,8,-71,-77
-60,-69,-5.99998,-7.99998,-1.2715e-06,-8.26486e-07,2.0302e-06,-9.79378e-09,-2.08819e-06,0.89329,0,90,219,-5.99999,7.99999,-66,-77
-55,-69,-6,-8,-5.97691e-07,-2.25483e-07,1.0598e-06,1.50046e-07,-9.7322e-07,0.954272,5.10159e-06,95,219,-6,8,-61,-77
-50,-69,-6.00001,-8,-2.21571e-07,3.5957e-07,6.2988e-07,4.97507e-07,-3.59507e-07,1.15798,0,100,219,-6.00001,8,-56,-77
-45,-69,-6.00002,-8,3.30675e-07,5.54471e-07,3.30775e-07,6.42258e-07,2.42888e-07,1.08282,1.02333e-05,105,219,-6.00001,8,-51,-77
-40,-69,-6.00001,-7.99998,1.1716e-06,6.40309e-07,-5.35789e-07,1.28323e-06,5.28682e-07,-0.394807,0,110,219,-6.00001,7.99999,-46,-77
-35,-69,-6,-8,1.62274e-06,6.55457e-07,-1.43321e-06,2.00364e-06,2.74556e-07,-0.488556,5.32208e-06,115,219,-6,8,-41,-77
-30,-69,-5.99999,-8,9.7671e-07,6.03681e-07,-1.48236e-06,1.55448e-06,2.59066e-08,-0.662135,1.66283e-06,120,219,-5.99999,7.99999,-36,-77
-25,-69,-5.99984,-8.00009,-3.21091e-07,4.21052e-07,-5.18189e-07,5.02556e-07,-4.02594e-07,-1.26603,0,125,219,-5.99984,8.00009,-30.9998,-77.0001
-20,-69,-6,-8.00002,-1.06074e-06,2.69401e-07,2.8547e-07,2.84545e-07,-1.07589e-06,1.46509,3.36431e-06,130,219,-6,8.00001,-26,-77
-15,-69,-6,-8,-6.47149e-07,2.18512e-08,4.366e-07,8.67823e-08,-7.1208e-07,1.28169,6.57624e-06,135,219,-6,8,-21,-77
-10,-69,-6,-8,6.9438e-07,1.32637e-07,-4.63774e-07,7.77734e-07,4.92825e-08,-0.345078,0,140,219,-5.99999,8,-16,-77
-5,-69,-6.00002,-8,1.70686e-06,4.04917e-07,-1.46624e-06,2.03631e-06,7.54666e-08,-0.42234,8.86536e-06,145,219,-6.00001,8,-11,-77
0,-69,-5.99998,-8,1.38056e-06,1.06174e-06,-2.0506e-06,2.25877e-06,1.83531e-07,-0.708276,3.1358e-06,150,219,-5.99999,8,-5.99998,-77
5,-69,-6,-7.99998,1.17374e-07,1.51627e-06,-1.49706e-06,1.84129e-06,-2.07639e-07,-1.16116,2.19214e-06,155,219,-6,7.99999,-1,-77
10,-69,-6,-8,-1.28147e-06,1.58736e-06,-4.05833e-07,1.60164e-06,-1.29576e-06,-1.50053,4.69764e-06,160,219,-6,8,4,-77
15,-69,-5.99998,-8,-2.03385e-06,1.04855e-06,8.80221e-07,1.11016e-06,-2.09546e-06,1.43172,6.96915e-06,165,219,-5.99999,8,9.00002,-77
20,-69,-5.99998,-8,-1.75289e-06,5.70548e-07,1.0745e-06,6.88762e-07,-1.8711e-06,1.35421,0,170,219,-5.99999,8,14,-77
25,-69,-6,-8,-9.05802e-07,2.45867e-07,5.5032e-07,3.08232e-07,-9.68167e-07,1.34791,3.48708e-06,175,219,-6,8,19,-77
30,-69,-6,-8,-5.80018e-07,2.16716e-07,-7.60355e-08,2.18526e-07,-5.81828e-07,-1.52322,0,180,219,-6,8,24,-77
35,-69,-6,-8,-6.77151e-07,3.25891e-08,-6.79388e-08,3.42112e-08,-6.78773e-07,-1.52308,3.51769e-06,185,219,-6,8,29,-77
40,-69,-6,-8,-6.17197e-07,-2.55172e-07,1.78698e-07,-2.34321e-07,-6.38047e-07,1.34154,0,190,219,-6.00001,8,34,-77
45,-69,-6.00005,-8,-1.50003e-07,-4.06778e-07,6.45045e-07,6.87466e-08,-6.25527e-07,0.595976,6.69931e-06,195,219,-6.00004,8.00001,39,-77
50,-69,-6,-8,5.21224e-07,-3.45616e-07,1.00372e-06,7.50916e-07,-5.75309e-07,0.429223,2.91056e-06,200,219,-5.99999,8,44,-77
55,-69,-6,-8,1.10179e-06,-1.46664e-07,1.0735e-06,1.30083e-06,-3.45698e-07,0.355095,5.25085e-06,205,219,-6,7.99999,49,-77
60,-69,-5.99998,-8,1.06024e-06,-1.03076e-08,2.21449e-08,1.06035e-06,-1.04222e-08,0.0103413,4.82697e-06,210,219,-5.99999,7.99999,54,-77
65,-69,-5.99998,-7.99998,5.18493e-07,9.69458e-08,-1.50187e-06,1.08768e-06,-4.72237e-07,-0.648578,0,215,219,-5.99999,7.99999,59,-77
70,-69,-6,-8,6.02977e-08,1.02713e-07,-1.90799e-06,1.03574e-06,-8.72725e-07,-0.796512,0,220,219,-6,8,64,-77
75,-69,-6.00005,-8.00018,-1.12161e-07,1.98289e-07,-1.071e-06,6.00606e-07,-5.14478e-07,-0.926467,0,225,219,-6.00004,8.00019,69,-77.0002
80,-69,-6,-8.00002,-1.22145e-07,1.41833e-07,1.48626e-07,1.61315e-07,-1.41627e-07,1.3144,0,230,219,-6,8.00001,74,-77
85,-69,-5.99998,-8.00003,-6.06418e-08,-1.42928e-07,3.96383e-07,1.00632e-07,-3.04202e-07,0.683056,9.69261e-06,235,219,-5.99998,8.00003,79,-77
90,-69,-6,-8.00002,-1.89704e-07,-8.93355e-07,-8.95966e-08,-1.86864e-07,-8.96195e-07,-0.0633248,5.34649e-06,240,219,-6,8.00002,84,-77
95,-69,-6,-8.00002,-1.98644e-07,-1.55608e-06,-3.20949e-07,-1.79931e-07,-1.5748e-06,-0.116087,4.59766e-06,245,219,-6,8.00002,89,-77
100,-69,-6.00002,-8.00003,2.99454e-08,-1.79513e-06,1.56292e-07,3.32854e-08,-1.79847e-06,0.0427137,7.99537e-06,250,219,-6.00001,8.00003,94,-77
105,-69,-6.00002,-8,3.87268e-07,-1.36105e-06,4.19813e-07,4.12116e-07,-1.3859e-06,0.117831,0,255,219,-6.00002,8,99,-77
110,-69,-5.99992,-8.00014,6.03662e-07,-8.19385e-07,4.33525e-07,6.35947e-07,-8.5167e-07,0.147857,0,260,219,-5.99993,8.00013,104,-77.0001
115,-69,-6,-8.00002,2.85008e-07,-4.10386e-07,5.93459e-07,3.94413e-07,-5.19791e-07,0.353236,1.00594e-05,265,219,-6.00001,8.00001,109,-77
120,-69,-5.99988,-8.00006,-3.51881e-07,-1.36081e-07,9.45973e-07,2.41157e-07,-7.29119e-07,0.897542,0,270,219,-5.99988,8.00006,114,-77.0001
125,-69,-6,-8,-1.06187e-06,4.6038e-07,1.07839e-06,6.32015e-07,-1.2335e-06,1.26262,3.19944e-06,275,219,-6.00001,8,119,-77
130,-69,-6,-8,-7.99427e-07,1.72562e-06,5.0529e-07,1.75065e-06,-8.24457e-07,1.47205,2.99038e-06,280,219,-6,8,124,-77
-135,-74,0,0,0,0,0,0,0,0,-1,15,224,0,0,-135,-74
-130,-74,-5.99999,-7.99998,0,0,0,0,0,0,-1,20,224,-5.99999,7.99998,-136,-82
-125,-74,-6.00001,-7.99997,-5.52718e-06,-6.57107e-07,4.23612e-06,1.35174e-07,-6.31946e-06,1.21285,1.2727e-05,25,224,-6,7.99997,-131,-82
-120,-74,-5.9999,-8.00008,-8.46187e-07,4.74308e-07,-4.63472e-07,5.13795e-07,-8.85674e-07,-1.40202,0,30,224,-5.99989,8.00008,-126,-82.0001
-115,-74,-5.99991,-8.00006,6.38976e-07,6.39443e-07,-1.98517e-06,1.6318e-06,-3.53376e-07,-0.785516,0,35,224,-5.99991,8.00006,-121,-82.0001
-110,-74,-5.99991,-8.00003,5.62718e-07,3.87754e-07,-2.18126e-06,1.56937e-06,-6.18896e-07,-0.745378,0,40,224,-5.99991,8.00003,-116,-82
-105,-74,-5.99991,-8.00003,-7.52604e-07,3.18668e-07,-1.67885e-06,7.78791e-07,-1.21273e-06,-1.06938,0,45,224,-5.99991,8.00002,-111,-82
-100,-74,-5.99995,-8.00006,-1.88661e-06,5.62462e-07,-7.68708e-07,6.21366e-07,-1.94551e-06,-1.41873,0,50,224,-5.99995,8.00006,-106,-82.0001
-95,-74,-5.99995,-8.00006,-2.18065e-06,6.52734e-07,4.90009e-07,6.73764e-07,-2.20168e-06,1.48517,0,55,224,-5.99995,8.00007,-101,-82.0001
-90,-74,-5.99998,-8.00003,-1.40191e-06,-5.23775e-08,1.90661e-06,4.40804e-07,-1.89509e-06,1.09337,1.2083e-05,60,224,-5.99998,8.00003,-96,-82
-85,-74,-5.99997,-8.00006,-9.12297e-08,-1.45643e-06,2.41586e-06,6.13628e-07,-2.16128e-06,0.528218,0,65,224,-5.99997,8.00005,-91,-82.0001
-80,-74,-5.99998,-7.99997,3.64923e-07,-2.36481e-06,2.03111e-06,7.01295e-07,-2.70118e-06,0.319847,8.25406e-06,70,224,-5.99999,7.99997,-86,-82
-75,-74,-5.99988,-8.00008,-2.63759e-07,-2.36833e-06,1.63883e-06,1.76502e-08,-2.64974e-06,0.330808,0,75,224,-5.99988,8.00008,-80.9999,-82.0001
-70,-74,-5.99999,-8,-1.16535e-06,-1.50375e-06,1.32059e-06,-6.52918e-07,-2.01618e-06,0.659971,5.35967e-06,80,224,-5.99999,8,-76,-82
-65,-74,-5.99999,-8,-1.47953e-06,-6.58685e-07,1.21779e-06,-3.34806e-07,-1.80341e-06,1.08195,0,85,224,-5.99999,8,-71,-82
-60,-74,-6,-8,-1.00084e-06,-1.77417e-08,4.5446e-07,3.22384e-08,-1.05082e-06,1.35429,5.66944e-06,90,224,-6,8,-66,-82
-55,-74,-6,-8,-3.67081e-07,1.94658e-07,-1.27583e-07,2.01811e-07,-3.74235e-07,-1.45913,0,95,224,-6,8,-61,-82
-50,-74,-6,-8.00002,-1.31138e-07,4.11345e-07,-1.56418e-07,4.22395e-07,-1.42188e-07,-1.43043,0,100,224,-6,8.00001,-56,-82
-45,-74,-6,-8,4.9164e-07,4.64447e-07,-1.84606e-07,5.71343e-07,3.84745e-07,-0.712272,0,105,224,-6,8,-51,-82
-40,-74,-5.99999,-8.00002,1.43261e-06,5.91999e-07,-8.19573e-07,1.59931e-06,4.25293e-07,-0.386364,6.01929e-06,110,224,-6,8.00001,-46,-82
-35,-74,-6,-8,1.64992e-06,4.32287e-07,-9.7947e-07,1.82245e-06,2.5976e-07,-0.33871,7.72866e-06,115,224,-6,8,-41,-82
-30,-74,-6,-7.99998,7.04078e-07,1.19291e-07,-3.92471e-07,7.63824e-07,5.95453e-08,-0.295545,7.57899e-06,120,224,-6,7.99998,-36,-82
-25,-74,-6,-7.99998,-6.72958e-07,-2.46519e-07,6.92827e-07,-5.29649e-08,-8.66512e-07,1.06127,1.00976e-05,125,224,-6,7.99999,-31,-82
-20,-74,-6,-8,-1.2567e-06,-2.80252e-07,1.11546e-06,-2.72437e-08,-1.50971e-06,1.14492,0,130,224,-6,8,-26,-82
-15,-74,-5.99998,-8.00002,-5.27509e-07,-2.25816e-07,4.78928e-07,-9.36472e-08,-6.59677e-07,1.06647,1.44966e-05,135,224,-5.99999,8.00002,-21,-82
-10,-74,-5.99998,-8,1.01585e-06,2.0401e-07,-1.06368e-06,1.27898e-06,-5.91158e-08,-0.459437,1.30096e-05,140,224,-5.99999,8.00001,-16,-82
-5,-74,-6,-8,2.18735e-06,5.40061e-07,-2.2111e-06,2.74234e-06,-1.49284e-08,-0.465249,1.02618e-05,145,224,-6,7.99999,-11,-82
0,-74,-6,-8,1.8919e-06,9.46469e-07,-2.3487e-06,2.68511e-06,1.53263e-07,-0.594054,0,150,224,-5.99999,8,-6,-82
5,-74,-5.99983,-8.00012,1.56809e-07,1.20493e-06,-1.08797e-06,1.43622e-06,-7.44854e-08,-1.16877,0,155,224,-5.99983,8.00012,-0.999832,-82.0001
10,-74,-5.99986,-8.00008,-1.87195e-06,1.31159e-06,7.43257e-07,1.35439e-06,-1.91476e-06,1.45612,0,160,224,-5.99987,8.00008,4.00014,-82.0001
15,-74,-6,-7.99998,-2.63197e-06,1.0677e-06,1.90242e-06,1.29794e-06,-2.86221e-06,1.33332,0,165,224,-6,7.99999,9,-82
20,-74,-6,-8.00002,-1.77912e-06,9.36284e-07,1.37776e-06,1.10105e-06,-1.94388e-06,1.33603,2.56084e-06,170,224,-6.00001,8.00001,14,-82
25,-74,-6,-8.00002,-5.27434e-07,8.24494e-07,2.1774e-07,8.33205e-07,-5.36145e-07,1.49095,0,175,224,-6.00001,8.00001,19,-82
30,-74,-6,-7.99998,-3.41569e-07,6.55466e-07,-3.35155e-07,6.82878e-07,-3.68981e-07,-1.40865,4.18342e-06,180,224,-6.00001,7.99999,24,-82
35,-74,-6,-8,-9.74561e-07,3.00404e-07,-8.91582e-08,3.01961e-07,-9.76118e-07,-1.53589,2.98211e-06,185,224,-6.00001,8,29,-82
40,-74,-6.00002,-8,-1.20475e-06,-1.04292e-07,2.08828e-07,-9.44723e-08,-1.21457e-06,1.47703,2.95949e-06,190,224,-6.00001,8,34,-82
45,-74,-6.00002,-8,-5.5845e-07,-3.34481e-07,4.28226e-07,-2.04836e-07,-6.88095e-07,1.02634,0,195,224,-6.00002,8,39,-82
50,-74,-6.00005,-7.99998,4.99939e-07,-1.98885e-07,6.0559e-07,6.12883e-07,-3.11829e-07,0.357022,6.20124e-06,200,224,-6.00004,7.99999,44,-82
55,-74,-6,-8,1.35383e-06,8.17385e-08,8.72398e-07,1.48903e-06,-5.34643e-08,0.300566,6.37179e-06,205,224,-6,8,49,-82
60,-74,-6,-7.99997,1.456e-06,2.49041e-07,1.57336e-07,1.46111e-06,2.43935e-07,0.0648129,4.77753e-06,210,224,-6.00001,7.99997,54,-82
65,-74,-6,-7.99998,7.85689e-07,-8.91715e-08,-1.36921e-06,1.16068e-06,-4.64164e-07,-0.501114,5.05752e-06,215,224,-6,7.99999,59,-82
70,-74,-5.99997,-8,1.3512e-07,-5.19324e-07,-2.264e-06,9.86242e-07,-1.37045e-06,-0.6447,4.67225e-06,220,224,-5.99997,8,64,-82
75,-74,-6,-8.00002,-2.52475e-08,-7.90971e-07,-1.78252e-06,5.61907e-07,-1.37812e-06,-0.582529,8.73054e-06,225,224,-6.00001,8.00002,69,-82
80,-74,-6,-8.00002,3.43406e-08,-7.83144e-07,-3.76605e-07,7.56296e-08,-8.24433e-07,-0.215853,6.87962e-06,230,224,-6,8.00001,74,-82
85,-74,-5.99998,-8.00002,-7.69278e-08,-7.91134e-07,4.26769e-07,-1.80315e-08,-8.5003e-07,0.269305,2.34718e-06,235,224,-5.99998,8.00002,79,-82
90,-74,-5.99997,-8.00002,-5.2315e-07,-1.09376e-06,3.28001e-07,-4.79373e-07,-1.13754e-06,0.260851,3.59236e-06,240,224,-5.99998,8.00001,84,-82
95,-74,-6,-8.00002,-6.68221e-07,-1.51492e-06,-4.18711e-08,-6.67703e-07,-1.51544e-06,-0.024706,0,245,224,-5.99999,8.00001,89,-82
100,-74,-6,-8,-1.9593e-07,-1.74292e-06,1.27354e-07,-1.93313e-07,-1.74553e-06,0.0410695,4.90287e-06,250,224,-6,8.00001,94,-82
105,-74,-6,-8,5.67654e-07,-1.56301e-06,4.50939e-07,5.91252e-07,-1.58661e-06,0.104282,8.52564e-06,255,224,-6,8.00001,99,-82
110,-74,-6,-7.99998,9.2768e-07,-1.42767e-06,9.13511e-07,1.01315e-06,-1.51314e-06,0.184992,6.08374e-06,260,224,-6,7.99998,104,-82
115,-74,-6,-8,4.35636e-07,-1.13879e-06,1.15969e-06,6.26137e-07,-1.32929e-06,0.317429,0,265,224,-5.99999,8,109,-82
120,-74,-6,-8,-3.71925e-07,-6.56807e-07,1.01245e-06,1.15159e-08,-1.04025e-06,0.648254,1.45317e-05,270,224,-6.00002,8,114,-82
125,-74,-6,-8,-1.08111e-06,3.60572e-07,3.94037e-08,3.60841e-07,-1.08138e-06,1.55713,8.6103e-06,275,224,-6,8,119,-82
130,-74,-6,-8.00002,-7.28049e-07,2.214e-06,-2.07391e-06,2.54275e-06,-1.0568e-06,-1.26379,6.24534e-06,280,224,-6.00001,8.00001,124,-82
-135,-79,0,0,0,0,0,0,0,0,-1,15,229,0,0,-135,-79
-130,-79,-5.99989,-8.00009,0,0,0,0,0,0,-1,20,229,-5.99989,8.00008,-136,-87.0001
-125,-79,-5.99988,-8.00009,-4.87389e-06,-1.92718e-06,5.99078e-06,-6.24048e-08,-6.73867e-06,1.01396,0,25,229,-5.99988,8.00009,-131,-87.0001
-120,-79,-6.00002,-7.99998,-6.57188e-08,-5.49494e-07,8.40363e-07,1.77226e-07,-7.92439e-07,0.524228,7.79526e-06,30,229,-6.00002,7.99998,-126,-87
-115,-79,-5.9999,-8.00005,9.42984e-07,1.00191e-07,-8.82608e-07,1.13177e-06,-8.85963e-08,-0.404235,0,35,229,-5.9999,8.00005,-121,-87
-110,-79,-6.00005,-8.00003,6.81575e-07,3.58823e-07,-1.54627e-06,1.31e-06,-2.69599e-07,-0.682511,2.5757e-06,40,229,-6.00005,8.00004,-116,-87
-105,-79,-5.99993,-8.00003,-6.86695e-07,3.93389e-07,-1.43476e-06,7.51277e-07,-1.04458e-06,-1.10804,0,45,229,-5.99993,8.00003,-111,-87
-100,-79,-5.99995,-8.00006,-1.96479e-06,4.43434e-07,-8.30037e-07,5.12949e-07,-2.03431e-06,-1.40484,0,50,229,-5.99995,8.00006,-106,-87.0001
-95,-79,-5.99994,-8.00005,-2.70334e-06,2.80377e-07,7.38621e-07,3.25409e-07,-2.74838e-06,1.44946,0,55,229,-5.99994,8.00005,-101,-87
-90,-79,-6,-8.00003,-2.50417e-06,-2.05048e-07,2.62888e-06,3.91601e-07,-3.10082e-06,1.14469,7.46325e-06,60,229,-6,8.00003,-96,-87
-85,-79,-5.99999,-7.99997,-1.1265e-06,-1.09859e-06,3.47026e-06,6.22641e-07,-2.84773e-06,0.78942,0,65,229,-5.99999,7.99997,-91,-87
-80,-79,-5.99999,-7.99997,1.85197e-08,-1.68484e-06,2.66576e-06,7.48589e-07,-2.41491e-06,0.501105,0,70,229,-5.99999,7.99997,-86,-87
-75,-79,-6,-8,1.79582e-07,-1.65406e-06,1.35144e-06,4.01689e-07,-1.87617e-06,0.317572,3.50579e-06,75,229,-6,8,-81,-87
-70,-79,-5.99999,-8,-4.10331e-07,-9.28993e-07,2.76864e-07,-3.75696e-07,-9.63628e-07,0.245162,0,80,229,-5.99999,7.99999,-76,-87
-65,-79,-5.99999,-8.00002,-8.87816e-07,-2.07949e-07,1.06043e-07,-2.03838e-07,-8.91926e-07,1.49343,0,85,229,-5.99999,8.00001,-71,-87
-60,-79,-6,-8,-7.60272e-07,2.32922e-07,-1.65114e-07,2.39737e-07,-7.67087e-07,-1.48843,0,90,229,-6,8,-66,-87
-55,-79,-6,-8.00002,-3.44009e-07,1.89831e-07,-3.05111e-07,2.30352e-07,-3.84529e-07,-1.31118,0,95,229,-6,8.00001,-61,-87
-50,-79,-5.99999,-8,-7.77964e-08,1.43465e-07,-2.73364e-07,2.08678e-07,-1.4301e-07,-1.12562,0,100,229,-5.99999,8,-56,-87
-45,-79,-6,-8.00002,5.70487e-07,1.14885e-07,-4.29407e-07,6.55721e-07,2.96509e-08,-0.377904,0,105,229,-6,8.00001,-51,-87
-40,-79,-6,-8,1.30111e-06,1.11627e-07,-6.36052e-07,1.3808e-06,3.19369e-08,-0.245522,0,110,229,-6,8,-46,-87
-35,-79,-6,-8,1.21239e-06,-1.56896e-07,-9.50628e-08,1.21404e-06,-1.58544e-07,-0.0346568,2.44795e-06,115,229,-6,8.00001,-41,-87
-30,-79,-5.99986,-8.00011,2.23983e-07,-5.18083e-07,8.6708e-07,4.23583e-07,-7.17684e-07,0.431466,0,120,229,-5.99985,8.00011,-35.9999,-87.0001
-25,-79,-6.00001,-8,-9.11979e-07,-7.83741e-07,1.66765e-06,-1.15743e-08,-1.68415e-06,0.823771,2.97142e-06,125,229,-6.00001,8,-31,-87
-20,-79,-6,-8,-1.03131e-06,-6.97228e-07,1.56955e-06,-6.19115e-08,-1.66663e-06,0.890259,6.1369e-06,130,229,-6,8,-26,-87
-15,-79,-6,-7.99998,8.28653e-08,-4.44359e-07,2.29703e-07,1.06798e-07,-4.68292e-07,0.205442,3.24125e-06,135,229,-6,7.99999,-21,-87
-10,-79,-6,-8.00002,1.57796e-06,-2.28684e-08,-1.52728e-06,1.8838e-06,-3.28714e-07,-0.380946,2.42088e-06,140,229,-6,8.00002,-16,-87
-5,-79,-5.99998,-8,2.37559e-06,1.67064e-07,-2.42664e-06,2.91192e-06,-3.69264e-07,-0.41621,1.15284e-05,145,229,-5.99998,8,-11,-87
0,-79,-5.99992,-8.00008,1.78402e-06,5.82802e-08,-1.77023e-06,2.15726e-06,-3.14962e-07,-0.399062,0,150,229,-5.99993,8.00008,-5.99992,-87.0001
5,-79,-6,-8.00002,-2.3647e-07,-1.07273e-08,1.05514e-08,-1.0604e-08,-2.36593e-07,1.54744,4.92058e-06,155,229,-5.99999,8.00001,-1,-87
10,-79,-5.99994,-8.00011,-2.23629e-06,1.69567e-07,1.96481e-06,5.1975e-07,-2.58647e-06,1.22838,0,160,229,-5.99994,8.00011,4.00006,-87.0001
15,-79,-6,-8,-2.50965e-06,5.54314e-07,2.36898e-06,9.58819e-07,-2.91416e-06,1.24171,1.30411e-06,165,229,-6,8,9,-87
20,-79,-6,-8,-1.27175e-06,9.7616e-07,1.37264e-06,1.16914e-06,-1.46473e-06,1.2967,5.52211e-06,170,229,-6,8,14,-87
25,-79,-6,-8,-1.49517e-07,1.09827e-06,2.71148e-07,1.11283e-06,-1.64077e-07,1.46381,0,175,229,-6,7.99999,19,-87
30,-79,-5.99998,-8.00002,-3.5342e-07,7.72827e-07,2.08762e-07,7.82419e-07,-3.63012e-07,1.47916,6.05443e-06,180,229,-5.99999,8.00001,24,-87
35,-79,-6,-8,-1.32083e-06,3.82061e-07,3.73842e-07,4.02337e-07,-1.34111e-06,1.46274,2.79891e-06,185,229,-6,8.00001,29,-87
40,-79,-6,-8,-1.63744e-06,1.18454e-07,2.28223e-07,1.25839e-07,-1.64483e-06,1.50617,0,190,229,-6.00001,8,34,-87
45,-79,-6,-8,-8.06722e-07,6.55582e-10,-2.74207e-07,2.33024e-08,-8.29369e-07,-1.40709,0,195,229,-6,7.99999,39,-87
50,-79,-6.00002,-7.99998,3.55021e-07,1.39746e-07,-4.08944e-07,4.78457e-07,1.6311e-08,-0.54312,5.39338e-06,200,229,-6.00002,7.99998,44,-87
55,-79,-6.00002,-8.00002,1.29901e-06,3.1747e-07,9.66816e-08,1.30139e-06,3.15095e-07,0.0490915,8.50014e-06,205,229,-6.00001,8.00001,49,-87
60,-79,-6,-8.00002,1.61326e-06,4.2954e-07,1.88111e-07,1.62068e-06,4.22113e-07,0.0787986,3.1323e-06,210,229,-6,8.00001,54,-87
65,-79,-6,-7.99998,1.06637e-06,-5.17627e-08,-6.40565e-07,1.15161e-06,-1.37007e-07,-0.260123,7.54617e-06,215,229,-5.99999,7.99999,59,-87
70,-79,-5.99997,-7.99998,3.30772e-07,-6.30372e-07,-1.4576e-06,7.23183e-07,-1.02278e-06,-0.49392,6.05322e-06,220,229,-5.99997,7.99998,64,-87
75,-79,-5.99998,-8,2.95576e-09,-1.1825e-06,-1.19292e-06,2.51114e-07,-1.43065e-06,-0.394268,9.70027e-06,225,229,-5.99998,8,69,-87
80,-79,-6,-8.00003,-2.87754e-08,-1.29576e-06,1.51225e-07,-2.42788e-08,-1.30025e-06,0.0593984,5.43107e-06,230,229,-6,8.00002,74,-87
85,-79,-5.99998,-8.00002,-1.60654e-07,-1.22074e-06,1.10965e-06,7.66192e-08,-1.45802e-06,0.404117,6.95837e-06,235,229,-5.99999,8.00002,79,-87
90,-79,-5.99998,-8,-6.12172e-07,-1.19385e-06,8.87608e-07,-3.72399e-07,-1.43362e-06,0.495341,4.37157e-06,240,229,-5.99999,8,84,-87
95,-79,-6,-8,-8.5323e-07,-1.29842e-06,-6.24056e-08,-8.51053e-07,-1.30059e-06,-0.0696355,7.94549e-06,245,229,-6,8,89,-87
100,-79,-6.00002,-8.00002,-4.92764e-07,-1.36685e-06,-4.38944e-07,-4.40752e-07,-1.41886e-06,-0.232692,9.77281e-06,250,229,-6.00001,8.00002,94,-87
105,-79,-6,-8,2.88886e-07,-1.29262e-06,2.60434e-08,2.88993e-07,-1.29273e-06,0.00823297,5.06731e-06,255,229,-6,8,99,-87
110,-79,-6,-8.00002,8.77093e-07,-1.3737e-06,9.71372e-07,9.77424e-07,-1.47404e-06,0.20371,3.30424e-06,260,229,-6,8.00001,104,-87
115,-79,-6,-8.00002,7.4722e-07,-1.26329e-06,1.17008e-06,9.05067e-07,-1.42114e-06,0.263532,0,265,229,-5.99999,8.00002,109,-87
120,-79,-6,-8,3.40341e-07,-7.62025e-07,8.67547e-08,3.42045e-07,-7.63729e-07,0.0392684,2.03721e-06,270,229,-6,8,114,-87
125,-79,-6,-8,3.8395e-08,3.98497e-07,-2.3771e-06,1.42056e-06,-9.83664e-07,-0.860571,2.86641e-06,275,229,-6,8,119,-87
130,-79,-6,-8,7.69423e-07,2.58645e-06,-6.36149e-06,4.98589e-06,-1.63001e-06,-0.924509,0,280,229,-6.00001,8.00001,124,-87
-135,-84,0,0,0,0,0,0,0,0,-1,15,234,0,0,-135,-84
-130,-84,-6.00002,-8,0,0,0,0,0,0,-1,20,234,-6.00002,7.99999,-136,-92
-125,-84,-6.00001,-8,-2.62568e-06,-1.9763e-06,3.99321e-06,-2.78159e-07,-4.32382e-06,0.866003,0,25,234,-6.00001,7.99999,-131,-92
-120,-84,-6.00002,-8,1.56959e-06,-1.22908e-06,5.07629e-07,1.59242e-06,-1.25192e-06,0.0897157,7.46714e-06,30,234,-6.00001,8,-126,-92
-115,-84,-5.99989,-8.00006,1.95131e-06,-1.04025e-06,-1.49804e-07,1.95319e-06,-1.04212e-06,-0.0250169,0,35,234,-5.99989,8.00006,-121,-92.0001
-110,-84,-5.99992,-8.00005,1.32005e-06,-7.4373e-07,-4.89724e-07,1.34871e-06,-7.72384e-07,-0.116492,0,40,234,-5.99992,8.00004,-116,-92
-105,-84,-5.99993,-8.00003,-2.21032e-07,-6.04981e-07,-3.20186e-07,-1.63039e-07,-6.62975e-07,-0.347544,0,45,234,-5.99993,8.00003,-111,-92
-100,-84,-5.99994,-8.00005,-1.69699e-06,-4.96788e-07,-9.40377e-08,-4.94949e-07,-1.69883e-06,-1.5317,0,50,234,-5.99994,8.00004,-106,-92
-95,-84,-6.00002,-8.00003,-2.86015e-06,-7.7776e-07,1.27766e-06,-5.97403e-07,-3.0405e-06,1.29563,1.4059e-05,55,234,-6.00002,8.00003,-101,-92
-90,-84,-6.00002,-8.00003,-3.19306e-06,-9.8895e-07,2.75586e-06,-3.26575e-07,-3.85543e-06,1.1227,7.02434e-06,60,234,-6.00002,8.00003,-96,-92
-85,-84,-6.00002,-8,-1.90581e-06,-1.19692e-06,3.19758e-06,8.62428e-08,-3.18897e-06,0.894483,2.96336e-06,65,234,-6.00002,7.99999,-91,-92
-80,-84,-6.00001,-7.99997,-3.13277e-07,-1.10745e-06,2.01882e-06,3.74339e-07,-1.79507e-06,0.598002,1.05565e-06,70,234,-6.00001,7.99997,-86,-92
-75,-84,-6,-8,4.25181e-07,-9.44755e-07,5.91442e-07,4.86291e-07,-1.00586e-06,0.203778,2.86394e-06,75,234,-6,8.00001,-81,-92
-70,-84,-5.99998,-8,1.19243e-07,-5.69672e-07,-3.63452e-07,1.64241e-07,-6.14669e-07,-0.24273,5.99655e-06,80,234,-5.99998,8,-76,-92
-65,-84,-5.99998,-8,-4.92068e-07,-2.40289e-07,-2.51099e-07,-1.88384e-07,-5.43973e-07,-1.17877,7.38087e-06,85,234,-5.99999,8,-71,-92
-60,-84,-5.99999,-8.00002,-6.04498e-07,9.70446e-09,-1.2371e-07,1.58719e-08,-6.10666e-07,-1.47142,3.47634e-06,90,234,-5.99999,8.00001,-66,-92
-55,-84,-6,-8,-2.94328e-07,-7.32617e-08,-1.00055e-07,-6.24676e-08,-3.05123e-07,-1.35829,0,95,234,-6,8,-61,-92
-50,-84,-5.99999,-8,6.03624e-09,-1.45077e-07,-3.77224e-08,8.35482e-09,-1.47396e-07,-0.122315,8.49555e-06,100,234,-5.99999,8,-56,-92
-45,-84,-5.99999,-8.00002,4.61378e-07,-1.94798e-07,-1.10955e-07,4.66036e-07,-1.99455e-07,-0.0837542,0,105,234,-6,8.00001,-51,-92
-40,-84,-5.99999,-8,7.74656e-07,-2.13802e-07,3.40355e-08,7.74949e-07,-2.14095e-07,0.0172096,0,110,234,-6,8,-46,-92
-35,-84,-5.99998,-7.99998,4.87102e-07,-1.33387e-07,5.60422e-07,5.94912e-07,-2.41197e-07,0.367289,0,115,234,-5.99999,7.99999,-41,-92
-30,-84,-5.99998,-8,-2.42595e-07,-1.1846e-07,1.14172e-06,3.93697e-07,-7.54752e-07,0.839548,0,120,234,-5.99999,8,-36,-92
-25,-84,-6,-8,-8.97065e-07,-5.69046e-08,1.18231e-06,2.48228e-07,-1.2022e-06,1.0943,9.35882e-06,125,234,-6,8,-31,-92
-20,-84,-6,-8,-4.87116e-07,3.55773e-08,4.43069e-07,1.16838e-07,-5.68376e-07,1.21923,0,130,234,-6,8,-26,-92
-15,-84,-6,-8,7.93767e-07,3.2052e-07,-1.1829e-06,1.19417e-06,-7.98825e-08,-0.595113,1.02113e-05,135,234,-6,7.99999,-21,-92
-10,-84,-6,-8.00003,1.89787e-06,4.51288e-07,-2.42828e-06,2.58783e-06,-2.38677e-07,-0.516764,1.2932e-05,140,234,-6,8.00003,-16,-92
-5,-84,-5.99994,-8.00005,2.01994e-06,2.21861e-07,-2.29786e-06,2.57978e-06,-3.37972e-07,-0.453407,0,145,234,-5.99994,8.00004,-10.9999,-92
0,-84,-6,-8.00002,1.08551e-06,-7.16818e-07,-4.97968e-07,1.11928e-06,-7.50582e-07,-0.134783,7.40885e-06,150,234,-6,8.00002,-6,-92
5,-84,-5.99994,-8.00005,-7.57581e-07,-1.39629e-06,1.48744e-06,-2.6755e-07,-1.88633e-06,0.582601,0,155,234,-5.99993,8.00005,-0.999939,-92
10,-84,-6,-8,-2.11322e-06,-1.36966e-06,2.71454e-06,-3.34177e-07,-3.14871e-06,0.919078,6.9671e-06,160,234,-6,8.00001,4,-92
15,-84,-6.00003,-8.00003,-1.82644e-06,-5.49882e-07,2.25921e-06,1.09302e-07,-2.48563e-06,1.04256,1.30132e-05,165,234,-6.00003,8.00003,8.99997,-92
20,-84,-6.00003,-8.00003,-6.33873e-07,2.32512e-07,1.38666e-06,6.16853e-07,-1.01821e-06,1.06463,6.56811e-06,170,234,-6.00003,8.00004,14,-92
25,-84,-6.00003,-8,1.06152e-07,5.47212e-07,1.02062e-06,8.82606e-07,-2.29243e-07,0.989353,0,175,234,-6.00003,8,19,-92
30,-84,-5.99989,-8.00006,-2.88204e-07,3.7429e-07,1.39048e-06,8.13162e-07,-7.27077e-07,1.00771,0,180,234,-5.99989,8.00005,24.0001,-92.0001
35,-84,-6.00002,-8.00002,-1.18722e-06,3.02204e-07,1.1087e-06,4.85878e-07,-1.37089e-06,1.25085,0,185,234,-6.00002,8.00001,29,-92
40,-84,-6.00002,-7.99997,-1.45618e-06,4.03865e-07,2.15758e-07,4.10101e-07,-1.46242e-06,1.51306,5.02068e-06,190,234,-6.00002,7.99997,34,-92
45,-84,-6.00002,-7.99998,-6.85467e-07,4.32126e-07,-9.25787e-07,5.98949e-07,-8.5229e-07,-1.22489,8.07937e-06,195,234,-6.00001,7.99998,39,-92
50,-84,-6.00005,-8.00002,1.84182e-07,3.82467e-07,-1.22942e-06,9.05976e-07,-3.39327e-07,-0.865351,5.55222e-06,200,234,-6.00004,8.00002,44,-92
55,-84,-6.00003,-8.00002,8.93502e-07,3.38445e-07,-6.01578e-07,1.02524e-06,2.06711e-07,-0.412799,7.98824e-06,205,234,-6.00004,8.00001,49,-92
60,-84,-6,-8,1.23523e-06,4.30024e-07,1.93832e-07,1.24673e-06,4.18523e-07,0.118115,8.88505e-06,210,234,-6,8,54,-92
65,-84,-5.99998,-8,8.72026e-07,2.51837e-07,2.76347e-07,9.01417e-07,2.22446e-07,0.209589,1.16543e-05,215,234,-5.99999,8,59,-92
70,-84,-5.99997,-8,2.34481e-07,-1.76581e-07,4.30195e-09,2.34492e-07,-1.76592e-07,0.00523255,8.22409e-06,220,234,-5.99997,8,64,-92
75,-84,-5.99998,-8.00002,-1.14297e-07,-8.38004e-07,2.43371e-07,-9.4384e-08,-8.57917e-07,0.162202,1.83689e-06,225,234,-5.99998,8.00002,69,-92
80,-84,-5.99992,-8.00005,-2.28114e-08,-1.19688e-06,1.10035e-06,1.94707e-07,-1.41439e-06,0.3765,0,230,234,-5.99993,8.00005,74.0001,-92
85,-84,-6,-8.00002,1.66559e-07,-1.10326e-06,1.44005e-06,4.91621e-07,-1.42832e-06,0.424067,6.24878e-06,235,234,-6,8.00001,79,-92
90,-84,-5.99998,-8,-6.22669e-08,-7.17651e-07,7.10284e-07,9.32674e-08,-8.73186e-07,0.412788,1.51221e-06,240,234,-5.99999,8,84,-92
95,-84,-5.99998,-7.99998,-5.64344e-07,-3.90232e-07,-5.22654e-07,-2.01842e-07,-7.52735e-07,-0.946182,7.69787e-06,245,234,-5.99998,7.99998,89,-92
100,-84,-6.00002,-8.00003,-8.15638e-07,-2.55481e-07,-9.451e-07,1.37561e-08,-1.08488e-06,-1.05291,5.98438e-06,250,234,-6.00002,8.00002,94,-92
105,-84,-6.00002,-8.00002,-3.9589e-07,-1.88866e-07,-2.51702e-07,-1.29426e-07,-4.55329e-07,-1.12955,7.41849e-06,255,234,-6.00002,8.00002,99,-92
110,-84,-5.99998,-8,4.67821e-07,-2.29007e-07,8.09607e-07,6.53502e-07,-4.14688e-07,0.430062,5.30301e-06,260,234,-5.99999,8,104,-92
115,-84,-6,-8.00002,1.04063e-06,-2.07504e-07,7.23521e-07,1.13791e-06,-3.04776e-07,0.262672,4.87617e-06,265,234,-6,8.00002,109,-92
120,-84,-5.99997,-7.99998,1.25749e-06,1.67952e-07,-1.07581e-06,1.4783e-06,-5.28605e-08,-0.389529,0,270,234,-5.99998,7.99999,114,-92
125,-84,-6,-7.99998,1.34754e-06,1.01361e-06,-4.41195e-06,3.39286e-06,-1.03171e-06,-0.747626,6.16077e-06,275,234,-5.99999,7.99999,119,-92
130,-84,-6,-8,2.38538e-06,3.03128e-06,-9.61009e-06,7.52422e-06,-2.10756e-06,-0.818953,5.51075e-06,280,234,-5.99999,8,124,-92
-135,-89,0,0,0,0,0,0,0,0,-1,15,239,0,0,-135,-89
-130,-89,-6.00002,-7.99998,0,0,0,0,0,0,-1,20,239,-6.00002,7.99998,-136,-97
-125,-89,-6.00001,-7.99998,1.3253e-06,-9.33029e-07,-1.17431e-06,1.46884e-06,-1.07656e-06,-0.239756,1.09848e-05,25,239,-6.00001,7.99999,-131,-97
-120,-89,-6.00001,-8,2.71802e-06,-8.54795e-07,-1.07294e-06,2.79683e-06,-9.3361e-07,-0.145869,8.71175e-06,30,239,-6.00001,7.99999,-126,-97
-115,-89,-5.99992,-8.00005,2.33873e-06,-1.59217e-06,-7.21782e-08,2.33906e-06,-1.5925e-06,-0.00917983,0,35,239,-5.99992,8.00005,-121,-97
-110,-89,-5.99994,-8.00006,1.70547e-06,-1.6315e-06,1.85425e-07,1.70804e-06,-1.63407e-06,0.0277549,0,40,239,-5.99994,8.00006,-116,-97.0001
-105,-89,-5.99993,-8.00008,5.42281e-07,-1.49007e-06,5.85336e-07,5.83587e-07,-1.53137e-06,0.14021,0,45,239,-5.99993,8.00007,-111,-97.0001
-100,-89,-5.99991,-8.00006,-9.15571e-07,-1.03296e-06,9.73792e-07,-4.83845e-07,-1.46469e-06,0.725413,0,50,239,-5.99991,8.00006,-106,-97.0001
-95,-89,-5.99988,-8.00008,-2.53794e-06,-1.00171e-06,2.34054e-06,-3.69992e-07,-3.16965e-06,1.07581,0,55,239,-5.99988,8.00008,-101,-97.0001
-90,-89,-5.99988,-8.00011,-3.43389e-06,-8.18212e-07,3.10883e-06,-9.46379e-08,-4.15747e-06,1.13513,0,60,239,-5.99988,8.0001,-95.9999,-97.0001
-85,-89,-6.00002,-8,-2.48749e-06,-5.63193e-07,2.52078e-06,6.03166e-08,-3.111e-06,1.1114,1.08385e-06,65,239,-6.00001,8,-91,-97
-80,-89,-6.00002,-7.99997,-7.64614e-07,-1.40638e-07,8.86686e-07,8.949e-08,-9.94741e-07,1.09201,0,70,239,-6.00001,7.99997,-86,-97
-75,-89,-6.00002,-7.99998,3.60074e-07,-1.23179e-07,-3.38505e-07,4.13456e-07,-1.76561e-07,-0.305521,6.60667e-06,75,239,-6.00001,7.99998,-81,-97
-70,-89,-5.99997,-8,4.12474e-07,-2.00097e-07,-7.59331e-07,5.93997e-07,-3.8162e-07,-0.445984,0,80,239,-5.99997,8,-76,-97
-65,-89,-5.99999,-8.00002,-1.85873e-07,-2.56485e-07,-3.67428e-07,-3.41032e-08,-4.08255e-07,-0.690467,0,85,239,-5.99999,8.00001,-71,-97
-60,-89,-5.99999,-8,-4.77259e-07,-1.83487e-07,-1.21581e-08,-1.83362e-07,-4.77384e-07,-1.55011,3.00052e-06,90,239,-5.99999,8,-66,-97
-55,-89,-6.00001,-8,-3.11797e-07,-2.53185e-07,7.2483e-08,-2.35883e-07,-3.29099e-07,1.12539,8.11615e-06,95,239,-6,8,-61,-97
-50,-89,-5.99999,-8,-4.9031e-08,-2.81417e-07,1.60667e-07,-2.39645e-08,-3.06484e-07,0.302458,0,100,239,-5.99999,8,-56,-97
-45,-89,-6,-8,2.57469e-07,-2.95947e-07,9.9618e-08,2.61916e-07,-3.00394e-07,0.0890493,7.70887e-06,105,239,-6,8,-51,-97
-40,-89,-6,-8.00002,5.50831e-07,-2.15492e-07,-2.12491e-08,5.50979e-07,-2.15639e-07,-0.0138608,0,110,239,-6,8.00001,-46,-97
-35,-89,-6,-8,4.65165e-07,2.60384e-07,-1.85985e-08,4.65587e-07,2.59963e-07,-0.0452865,4.24955e-06,115,239,-6,8,-41,-97
-30,-89,-6,-8,5.3076e-08,7.16868e-07,1.27193e-07,7.22906e-07,4.70379e-08,1.47614,7.66121e-06,120,239,-6,8.00001,-36,-97
-25,-89,-6,-8,-2.78034e-07,1.12053e-06,-2.15488e-07,1.12878e-06,-2.86285e-07,-1.49436,0,125,239,-6,8,-31,-97
-20,-89,-5.99999,-8,2.98056e-07,1.2563e-06,-1.31265e-06,1.58977e-06,-3.54222e-08,-1.10069,4.46023e-06,130,239,-5.99999,7.99999,-26,-97
-15,-89,-6,-8,1.24891e-06,1.46225e-06,-2.79143e-06,2.75537e-06,-4.42041e-08,-0.823539,0,135,239,-6,8,-21,-97
-10,-89,-6,-7.99998,1.49638e-06,1.20836e-06,-3.15082e-06,2.93435e-06,-2.29609e-07,-0.73982,1.16358e-05,140,239,-6,7.99999,-16,-97
-5,-89,-5.99991,-8,6.26368e-07,5.7116e-07,-1.66488e-06,1.43166e-06,-2.34136e-07,-0.768824,0,145,239,-5.99991,8,-10.9999,-97
0,-89,-5.99998,-8.00003,-5.07809e-07,-7.65405e-07,8.66696e-07,-1.84523e-07,-1.08869e-06,0.640948,1.3455e-05,150,239,-5.99999,8.00003,-5.99998,-97
5,-89,-5.99992,-8.00003,-1.45502e-06,-1.80651e-06,2.40975e-06,-4.13141e-07,-2.84839e-06,0.712979,0,155,239,-5.99992,8.00004,-0.999924,-97
10,-89,-6,-8,-1.65854e-06,-2.05753e-06,2.48132e-06,-6.0144e-07,-3.11463e-06,0.705683,7.94495e-06,160,239,-6.00001,8.00001,4,-97
15,-89,-5.99991,-8.00005,-9.92081e-07,-1.40929e-06,1.70957e-06,-3.20814e-07,-2.08056e-06,0.665716,0,165,239,-5.9999,8.00004,9.00009,-97
20,-89,-6.00003,-8.00005,-2.25518e-07,-8.23106e-07,1.57223e-06,3.16672e-07,-1.3653e-06,0.603785,2.76116e-06,170,239,-6.00004,8.00004,14,-97
25,-89,-5.99989,-8.00005,1.41941e-07,-5.2981e-07,1.99994e-06,8.60936e-07,-1.2488e-06,0.623375,0,175,239,-5.99989,8.00005,19.0001,-97
30,-89,-6,-8,-8.4797e-08,-3.74033e-07,2.28436e-06,9.21885e-07,-1.38072e-06,0.722425,1.00694e-05,180,239,-6,8.00001,24,-97
35,-89,-6.00002,-8,-5.94171e-07,-4.45432e-09,1.3998e-06,4.60163e-07,-1.05879e-06,0.984758,4.52663e-06,185,239,-6.00001,8,29,-97
40,-89,-6,-8,-7.90944e-07,5.23484e-07,1.73354e-08,5.23541e-07,-7.91001e-07,1.5642,1.17906e-06,190,239,-6,7.99999,34,-97
45,-89,-6,-8,-3.234e-07,7.51849e-07,-1.11601e-06,9.89086e-07,-5.60637e-07,-1.1688,1.04491e-05,195,239,-6,7.99999,39,-97
50,-89,-6,-8.00002,4.1457e-08,5.693e-07,-1.33252e-06,1.02201e-06,-4.11249e-07,-0.973979,7.74044e-06,200,239,-6,8.00001,44,-97
55,-89,-5.99998,-7.99998,3.15694e-07,4.96166e-07,-8.93522e-07,8.61712e-07,-4.98529e-08,-0.885047,4.51756e-06,205,239,-5.99998,7.99999,49,-97
60,-89,-6,-8,4.01604e-07,6.8129e-07,-1.39778e-07,6.97782e-07,3.85112e-07,-1.33907,7.19778e-06,210,239,-5.99999,8,54,-97
65,-89,-6,-8,1.49028e-07,7.82103e-07,3.23945e-07,8.21137e-07,1.09994e-07,1.33431,6.11619e-06,215,239,-6,8,59,-97
70,-89,-5.99998,-8,-1.56689e-07,3.7159e-07,5.55823e-07,4.90862e-07,-2.75962e-07,1.1654,9.53001e-06,220,239,-5.99999,8,64,-97
75,-89,-6.00005,-8.00002,-1.49558e-07,-3.92674e-07,8.85736e-07,1.88132e-07,-7.30364e-07,0.651457,1.06891e-05,225,239,-6.00005,8.00001,69,-97
80,-89,-6.00005,-8.00002,3.38874e-07,-9.01468e-07,1.23985e-06,5.95583e-07,-1.15818e-06,0.3926,9.66002e-06,230,239,-6.00005,8.00002,74,-97
85,-89,-6,-8,8.76436e-07,-6.38383e-07,9.65091e-07,1.01709e-06,-7.79038e-07,0.283626,3.68084e-06,235,239,-6.00001,8,79,-97
90,-89,-6,-7.99998,7.21475e-07,-2.02429e-08,-3.17124e-08,7.21814e-07,-2.05817e-08,-0.0213647,6.33835e-06,240,239,-5.99999,7.99999,84,-97
95,-89,-5.99998,-7.99998,-1.41029e-07,4.35116e-07,-1.11738e-06,7.75631e-07,-4.81544e-07,-1.02343,7.52795e-06,245,239,-5.99998,7.99998,89,-97
100,-89,-5.99997,-7.99997,-9.46206e-07,4.63375e-07,-1.38398e-06,7.463e-07,-1.22913e-06,-1.18268,8.25289e-06,250,239,-5.99998,7.99997,94,-97
105,-89,-6,-8,-7.83047e-07,4.47296e-07,-7.94797e-07,5.64492e-07,-9.00242e-07,-1.28402,0,255,239,-6,8,99,-97
110,-89,-6.00003,-7.99998,2.69643e-07,5.94313e-07,2.10486e-07,6.25443e-07,2.38513e-07,1.2832,1.11472e-05,260,239,-6.00003,7.99999,104,-97
115,-89,-6,-8,1.24363e-06,8.30273e-07,1.84909e-07,1.26336e-06,8.10536e-07,0.210319,0,265,239,-6,8.00001,109,-97
120,-89,-5.99994,-7.99998,1.80136e-06,1.24929e-06,-1.74775e-06,2.44176e-06,6.08888e-07,-0.632419,0,270,239,-5.99995,7.99998,114,-97
125,-89,-5.99997,-7.99998,2.18825e-06,1.85349e-06,-5.74903e-06,4.90025e-06,-8.58512e-07,-0.756317,0,275,239,-5.99998,7.99999,119,-97
130,-89,-5.99991,-8.00011,3.89467e-06,3.52023e-06,-1.2828e-05,1.01242e-05,-2.7093e-06,-0.770808,0,280,239,-5.99991,8.00011,124,-97.0001
-135,-94,0,0,0,0,0,0,0,0,-1,15,244,0,0,-135,-94
-130,-94,-6,-7.99998,0,0,0,0,0,0,-1,20,244,-6,7.99998,-136,-102
-125,-94,-6,-7.99998,7.3059e-06,6.75451e-07,-7.84502e-06,9.12651e-06,-1.14516e-06,-0.434554,5.81948e-06,25,244,-6,7.99998,-131,-102
-120,-94,-5.99999,-8,3.89423e-06,-6.09404e-08,-2.55221e-06,4.27022e-06,-4.36924e-07,-0.286527,1.44647e-05,30,244,-5.99999,8,-126,-102
-115,-94,-5.99999,-8,2.27845e-06,-1.25971e-06,1.13589e-07,2.27936e-06,-1.26062e-06,0.0160465,9.05267e-06,35,244,-5.99999,8.00001,-121,-102
-110,-94,-6,-8,1.54936e-06,-1.52783e-06,7.64095e-07,1.59608e-06,-1.57455e-06,0.121693,0,40,244,-6,7.99999,-116,-102
-105,-94,-6.00001,-7.99995,8.60855e-07,-1.41155e-06,9.70222e-07,9.60083e-07,-1.51078e-06,0.201764,1.04371e-05,45,244,-6.00001,7.99996,-111,-102
-100,-94,-5.9999,-8.00008,-3.52743e-07,-8.53595e-07,1.62267e-06,2.45937e-07,-1.45228e-06,0.635708,0,50,244,-5.9999,8.00008,-106,-102
-95,-94,-6,-7.99998,-1.98052e-06,-3.48451e-07,3.04911e-06,5.64727e-07,-2.8937e-06,1.03113,6.41655e-06,55,244,-6,7.99998,-101,-102
-90,-94,-5.99998,-7.99997,-2.8176e-06,3.22218e-07,3.38074e-06,1.05925e-06,-3.55463e-06,1.15963,5.77893e-06,60,244,-5.99998,7.99997,-96,-102
-85,-94,-5.99999,-7.99997,-2.14226e-06,1.07155e-06,1.76811e-06,1.29869e-06,-2.36939e-06,1.31931,1.03211e-05,65,244,-5.99999,7.99997,-91,-102
-80,-94,-6,-7.99997,-9.15478e-07,1.51411e-06,-7.99517e-08,1.51476e-06,-9.16135e-07,-1.55435,2.98699e-06,70,244,-6,7.99997,-86,-102
-75,-94,-5.99998,-8,-8.72098e-08,1.11939e-06,-9.10534e-07,1.27189e-06,-2.39714e-07,-1.24757,1.0089e-05,75,244,-5.99999,8,-81,-102
-70,-94,-5.99998,-8,1.47672e-07,4.20959e-07,-7.1181e-07,6.6555e-07,-9.69189e-08,-0.968687,9.84295e-06,80,244,-5.99999,8,-76,-102
-65,-94,-6,-8,-1.41965e-07,-6.5683e-08,-1.09253e-07,-3.71998e-08,-1.70448e-07,-1.09016,1.46452e-05,85,244,-6,8,-71,-102
-60,-94,-6,-8,-3.09152e-07,-3.05266e-07,2.82475e-07,-1.65958e-07,-4.4846e-07,0.792276,1.33013e-05,90,244,-6,8,-66,-102
-55,-94,-5.99999,-8.00002,-2.10001e-07,-3.72592e-07,1.57644e-07,-1.78063e-07,-4.0453e-07,0.384977,1.51485e-05,95,244,-5.99999,8.00001,-61,-102
-50,-94,-6,-8,-1.01646e-07,-3.47073e-07,1.79831e-07,-7.22297e-08,-3.76489e-07,0.316176,2.62426e-06,100,244,-6,8,-56,-102
-45,-94,-6,-8,5.94871e-08,-2.97051e-07,9.64783e-08,6.58985e-08,-3.03462e-07,0.132134,0,105,244,-6,8,-51,-102
-40,-94,-5.99999,-8,4.03527e-07,-1.26951e-07,-4.05275e-07,4.72075e-07,-1.95499e-07,-0.326195,2.55511e-06,110,244,-5.99999,8,-46,-102
-35,-94,-6,-7.99998,6.61645e-07,3.76311e-07,-8.89746e-07,9.86167e-07,5.17887e-08,-0.630233,0,115,244,-6,7.99999,-41,-102
-30,-94,-6.00002,-8,6.93415e-07,9.12972e-07,-1.09625e-06,1.3622e-06,2.44185e-07,-0.884231,0,120,244,-6.00002,8.00001,-36,-102
-25,-94,-6,-8,6.90477e-07,1.37825e-06,-1.43084e-06,1.82815e-06,2.40585e-07,-1.00943,5.59792e-06,125,244,-6,8,-31,-102
-20,-94,-6.00001,-7.99998,1.14248e-06,1.52733e-06,-2.26835e-06,2.48529e-06,1.84522e-07,-0.86943,6.76406e-06,130,244,-6.00001,7.99999,-26,-102
-15,-94,-6.00003,-7.99998,1.34106e-06,1.5606e-06,-2.93002e-06,2.91995e-06,-1.82866e-08,-0.822793,6.596e-06,135,244,-6.00002,7.99998,-21,-102
-10,-94,-6.00002,-8,6.05956e-07,1.12959e-06,-2.43196e-06,2.11162e-06,-3.76072e-07,-0.891437,4.4893e-06,140,244,-6.00001,8,-16,-102
-5,-94,-6.00003,-8,-8.67446e-07,4.10469e-07,-3.65982e-07,4.36156e-07,-8.93134e-07,-1.43133,1.20055e-05,145,244,-6.00002,7.99999,-11,-102
0,-94,-6,-8,-1.87024e-06,-5.2035e-07,1.89113e-06,-3.35521e-08,-2.35704e-06,1.09536,1.04024e-05,150,244,-6,8,-6,-102
5,-94,-6.00002,-8.00002,-2.01592e-06,-1.31577e-06,2.79225e-06,-2.26498e-07,-3.1052e-06,0.90824,9.33149e-06,155,244,-6.00002,8.00002,-1.00002,-102
10,-94,-6,-8.00002,-1.53649e-06,-1.63412e-06,2.10049e-06,-5.33926e-07,-2.63669e-06,0.762174,4.41441e-06,160,244,-6,8.00002,4,-102
15,-94,-6,-8,-9.32487e-07,-1.48102e-06,1.47787e-06,-4.18563e-07,-1.99495e-06,0.607695,9.61159e-06,165,244,-6,8,9,-102
20,-94,-6.00003,-8,-4.00249e-07,-1.36428e-06,1.77746e-06,1.28763e-07,-1.89329e-06,0.536916,8.82158e-06,170,244,-6.00003,8,14,-102
25,-94,-6.00003,-8,2.07357e-07,-1.27252e-06,2.36871e-06,8.63917e-07,-1.92908e-06,0.506185,5.22784e-06,175,244,-6.00002,8,19,-102
30,-94,-6.00003,-8.00002,5.71359e-07,-9.05424e-07,2.23039e-06,1.17046e-06,-1.50452e-06,0.492974,0,180,244,-6.00003,8.00001,24,-102
35,-94,-6,-8,5.05823e-07,-3.62331e-07,1.01367e-06,7.39057e-07,-5.95564e-07,0.431285,6.02871e-06,185,244,-6,8,29,-102
40,-94,-6,-8,2.13774e-07,2.81473e-07,-4.61928e-07,4.81055e-07,1.41918e-08,-0.858159,6.2054e-06,190,244,-6,8,34,-102
45,-94,-5.99998,-8.00002,1.33577e-07,6.42326e-07,-1.1284e-06,1.00684e-06,-2.30941e-07,-0.997182,9.78302e-06,195,244,-5.99998,8.00001,39,-102
50,-94,-5.99998,-8,-4.10316e-08,5.93935e-07,-1.17684e-06,9.45059e-07,-3.92156e-07,-1.03279,9.58108e-06,200,244,-5.99998,8,44,-102
55,-94,-6,-8,-1.60527e-07,7.45262e-07,-1.03321e-06,9.79386e-07,-3.9465e-07,-1.14529,6.2564e-06,205,244,-6,7.99999,49,-102
60,-94,-6,-8,-2.78056e-07,1.00382e-06,-5.47885e-07,1.05991e-06,-3.34145e-07,-1.36884,0,210,244,-5.99999,8,54,-102
65,-94,-6,-8,-3.66076e-07,1.02277e-06,6.67595e-09,1.02278e-06,-3.66084e-07,1.56839,4.77911e-06,215,244,-6,8,59,-102
70,-94,-6.00003,-8.00002,-3.40051e-07,4.39291e-07,4.59645e-07,5.02015e-07,-4.02775e-07,1.30436,5.2289e-06,220,244,-6.00003,8.00002,64,-102
75,-94,-6,-7.99998,-6.99339e-08,-3.1895e-07,6.19519e-07,1.39404e-07,-5.28288e-07,0.594305,7.17632e-06,225,244,-6,7.99999,69,-102
80,-94,-6.00002,-8,6.59314e-07,-7.00982e-07,3.66368e-07,6.8355e-07,-7.25218e-07,0.131543,4.45669e-06,230,244,-6.00002,7.99999,74,-102
85,-94,-6.00002,-7.99998,1.42613e-06,-1.70752e-07,-2.14287e-07,1.43329e-06,-1.77909e-07,-0.0666969,4.0871e-06,235,244,-6.00001,7.99999,79,-102
90,-94,-6.00002,-7.99998,1.30636e-06,5.51417e-07,-7.53065e-07,1.46205e-06,3.95727e-07,-0.392075,1.50036e-06,240,244,-6.00001,7.99998,84,-102
95,-94,-5.99994,-8.00003,7.98063e-08,9.81493e-07,-1.1253e-06,1.25165e-06,-1.90347e-07,-1.12316,0,245,244,-5.99994,8.00003,89.0001,-102
100,-94,-5.99998,-8.00003,-1.20621e-06,8.35931e-07,-1.10077e-06,9.74821e-07,-1.3451e-06,-1.32361,5.75675e-06,250,244,-5.99998,8.00003,94,-102
105,-94,-6,-8.00002,-1.29341e-06,5.87299e-07,-9.67533e-07,7.0444e-07,-1.41055e-06,-1.33323,3.1653e-06,255,244,-5.99999,8.00002,99,-102
110,-94,-6.00002,-8.00002,-1.82973e-07,6.36002e-07,-4.00395e-07,6.8232e-07,-2.29291e-07,-1.34343,3.94441e-06,260,244,-6.00001,8.00002,104,-102
115,-94,-6.00003,-8.00002,1.04189e-06,9.51369e-07,-4.424e-07,1.22242e-06,7.70848e-07,-0.68448,3.41028e-06,265,244,-6.00002,8.00001,109,-102
120,-94,-6,-8,1.8514e-06,1.37548e-06,-2.31302e-06,2.79418e-06,4.32705e-07,-0.683936,6.518e-06,270,244,-6,8,114,-102
125,-94,-6,-8,2.55824e-06,1.82166e-06,-6.7936e-06,5.60666e-06,-1.22676e-06,-0.731398,0,275,244,-6,8,119,-102
130,-94,-6,-8.00002,4.73009e-06,2.70277e-06,-1.5576e-05,1.15701e-05,-4.13727e-06,-0.720684,0,280,244,-6,8.00001,124,-102
-135,-99,0,0,0,0,0,0,0,0,-1,15,249,0,0,-135,-99
-130,-99,-6,-8,0,0,0,0,0,0,-1,20,249,-6,7.99999,-136,-107
-125,-99,-6,-8,8.13477e-06,1.94242e-06,-8.61769e-06,1.03445e-05,-2.67295e-07,-0.47386,6.44577e-06,25,249,-6,7.99999,-131,-107
-120,-99,-5.99986,-8.00012,2.92705e-06,4.636e-07,-1.31115e-06,3.09065e-06,3.00002e-07,-0.244553,0,30,249,-5.99986,8.00011,-126,-107
-115,-99,-5.99999,-7.99997,1.46989e-06,-3.42666e-07,5.69752e-07,1.51361e-06,-3.86385e-07,0.152278,6.70824e-06,35,249,-5.99999,7.99997,-121,-107
-110,-99,-5.99999,-7.99997,1.17968e-06,-5.42741e-07,7.02226e-07,1.2485e-06,-6.11564e-07,0.193562,1.08113e-05,40,249,-5.99999,7.99996,-116,-107
-105,-99,-5.99993,-8.00006,9.34838e-07,-5.10847e-07,6.92991e-07,1.01359e-06,-5.89604e-07,0.223496,0,45,249,-5.99993,8.00007,-111,-107
-100,-99,-5.99994,-8.00006,3.70491e-08,-4.38628e-07,1.79969e-06,7.29954e-07,-1.13153e-06,0.656197,0,50,249,-5.99993,8.00006,-106,-107
-95,-99,-5.99999,-8,-1.2384e-06,2.03924e-08,3.23092e-06,1.12473e-06,-2.34275e-06,0.971157,9.89618e-06,55,249,-5.99999,8.00001,-101,-107
-90,-99,-5.99998,-7.99997,-1.63481e-06,8.07383e-07,3.27863e-06,1.63041e-06,-2.45784e-06,1.10551,7.78586e-06,60,249,-5.99998,7.99998,-96,-107
-85,-99,-5.99998,-7.99997,-1.13108e-06,1.90761e-06,1.38259e-06,2.05749e-06,-1.28095e-06,1.3573,1.17326e-05,65,249,-5.99998,7.99997,-91,-107
-80,-99,-5.99999,-8,-7.35021e-07,2.30086e-06,-2.39497e-08,2.3009e-06,-7.35068e-07,-1.56685,3.32216e-06,70,249,-5.99999,8,-86,-107
-75,-99,-5.99999,-7.99997,-6.30989e-07,1.76803e-06,-4.43934e-07,1.7884e-06,-6.51353e-07,-1.47931,7.66651e-06,75,249,-5.99999,7.99998,-81,-107
-70,-99,-5.99999,-8,-4.81831e-07,8.20917e-07,-1.39339e-07,8.24633e-07,-4.85547e-07,-1.51752,7.92549e-06,80,249,-5.99999,7.99999,-76,-107
-65,-99,-5.99999,-8,-3.70885e-07,1.47608e-07,3.2412e-07,1.94094e-07,-4.17371e-07,1.29145,0,85,249,-5.99999,8.00001,-71,-107
-60,-99,-5.99999,-8,-1.8931e-07,-2.81122e-07,5.38295e-07,3.78184e-08,-5.0825e-07,0.700931,9.73895e-06,90,249,-6,8,-66,-107
-55,-99,-6,-8,-4.26412e-08,-3.80512e-07,1.42076e-07,-2.8313e-08,-3.9484e-07,0.199028,0,95,249,-6,7.99999,-61,-107
-50,-99,-5.99999,-8,-1.37535e-07,-3.9378e-07,3.65783e-08,-1.36237e-07,-3.95079e-07,0.0708948,0,100,249,-5.99999,8,-56,-107
-45,-99,-6,-8,3.84411e-10,-3.60693e-07,-2.19867e-07,3.12211e-08,-3.9153e-07,-0.273476,0,105,249,-6,7.99999,-51,-107
-40,-99,-6,-8,5.97918e-07,-2.35288e-07,-1.00405e-06,8.33684e-07,-4.71053e-07,-0.439059,0,110,249,-6,8.00001,-46,-107
-35,-99,-6.00001,-8,1.22106e-06,1.30282e-08,-1.63631e-06,1.634e-06,-3.99917e-07,-0.467423,0,115,249,-6,8,-41,-107
-30,-99,-5.99992,-8.00012,1.43014e-06,3.20351e-07,-1.6701e-06,1.87785e-06,-1.2736e-07,-0.492146,0,120,249,-5.99991,8.00012,-35.9999,-107
-25,-99,-5.99994,-8.00012,1.32131e-06,5.85372e-07,-1.44873e-06,1.76581e-06,1.4087e-07,-0.550391,0,125,249,-5.99994,8.00011,-30.9999,-107
-20,-99,-5.99999,-7.99997,1.32933e-06,6.52887e-07,-1.44792e-06,1.79018e-06,1.92042e-07,-0.566871,0,130,249,-6,7.99998,-26,-107
-15,-99,-5.99988,-8.00009,9.46548e-07,4.54291e-07,-1.20103e-06,1.34942e-06,5.14228e-08,-0.590909,0,135,249,-5.99988,8.0001,-20.9999,-107
-10,-99,-5.99985,-8.00009,-3.12442e-07,1.20468e-07,-3.73989e-07,1.90055e-07,-3.82029e-07,-1.21454,0,140,249,-5.99984,8.00011,-15.9998,-107
-5,-99,-5.99983,-8.00015,-2.00878e-06,-2.67245e-07,1.19757e-06,-8.12327e-08,-2.19479e-06,1.2696,0,145,249,-5.99983,8.00014,-10.9998,-107
0,-99,-6,-8,-2.8551e-06,-4.01128e-07,2.42108e-06,9.55159e-08,-3.35174e-06,1.18147,6.17351e-06,150,249,-6,7.99999,-6,-107
5,-99,-6.00002,-8,-2.4498e-06,-6.21236e-07,2.63722e-06,6.90521e-08,-3.14009e-06,1.08853,5.64484e-06,155,249,-6.00002,8,-1.00002,-107
10,-99,-6.00002,-8,-1.50639e-06,-7.97796e-07,1.66523e-06,-2.47232e-07,-2.05695e-06,0.986555,7.93188e-06,160,249,-6.00001,7.99999,3.99998,-107
15,-99,-6,-7.99997,-9.32001e-07,-9.00269e-07,1.08566e-06,-3.73071e-07,-1.4592e-06,0.800008,6.41954e-06,165,249,-6,7.99996,9,-107
20,-99,-6.00003,-8.00003,-4.96727e-07,-8.88486e-07,1.00128e-06,-1.55008e-07,-1.2302e-06,0.598925,0,170,249,-6.00002,8.00003,14,-107
25,-99,-6.00003,-8,3.45202e-07,-8.06511e-07,1.1217e-06,5.73189e-07,-1.0345e-06,0.386099,6.25103e-06,175,249,-6.00003,8.00001,19,-107
30,-99,-6,-8,1.17071e-06,-4.80774e-07,8.53992e-07,1.27458e-06,-5.84642e-07,0.238619,7.74996e-06,180,249,-5.99999,7.99999,24,-107
35,-99,-5.99998,-8,1.41918e-06,-1.94249e-07,1.95603e-07,1.42509e-06,-2.00156e-07,0.0603228,4.63114e-06,185,249,-5.99998,8,29,-107
40,-99,-6,-8.00003,1.03007e-06,2.94975e-08,-6.51059e-07,1.12666e-06,-6.7088e-08,-0.288429,9.3616e-06,190,249,-6,8.00002,34,-107
45,-99,-5.99998,-8.00003,4.64327e-07,2.18397e-07,-7.92394e-07,7.56202e-07,-7.34787e-08,-0.63493,5.96689e-06,195,249,-5.99999,8.00002,39,-107
50,-99,-6.00002,-8,-9.25909e-08,3.27538e-07,-8.82616e-07,6.06227e-07,-3.71279e-07,-1.00753,6.97505e-06,200,249,-6.00001,8.00001,44,-107
55,-99,-6,-8,-4.12119e-07,6.32152e-07,-1.02022e-06,8.39974e-07,-6.19942e-07,-1.18392,8.10338e-06,205,249,-5.99999,7.99999,49,-107
60,-99,-6,-8,-5.51962e-07,8.79012e-07,-7.59994e-07,9.73661e-07,-6.46611e-07,-1.32669,0,210,249,-6,8.00001,54,-107
65,-99,-6.00002,-8.00003,-4.93947e-07,8.11057e-07,-1.89469e-07,8.17898e-07,-5.00788e-07,-1.49871,0,215,249,-6.00001,8.00002,59,-107
70,-99,-6,-8,-3.02764e-07,4.04823e-07,2.65055e-07,4.2883e-07,-3.26771e-07,1.39159,0,220,249,-6,8.00001,64,-107
75,-99,-6.00002,-8,-1.97311e-08,9.26722e-09,1.70021e-07,8.10064e-08,-9.14703e-08,0.869864,0,225,249,-6.00001,8,69,-107
80,-99,-5.99997,-8,5.81826e-07,-1.21819e-07,-5.28589e-07,6.70038e-07,-2.10031e-07,-0.322139,5.9378e-06,230,249,-5.99997,8.00001,74,-107
85,-99,-6.00002,-8,1.29816e-06,2.34191e-07,-9.85795e-07,1.49141e-06,4.09486e-08,-0.373638,4.29794e-06,235,249,-6.00001,8,79,-107
90,-99,-5.99995,-8.00003,1.37781e-06,6.44515e-07,-8.17815e-07,1.56037e-06,4.61948e-07,-0.419919,0,240,249,-5.99995,8.00003,84,-107
95,-99,-5.99998,-8,3.26151e-07,9.32523e-07,-5.19512e-07,1.02858e-06,2.30094e-07,-1.2166,7.61998e-06,245,249,-5.99999,8.00001,89,-107
100,-99,-5.99998,-8.00003,-9.151e-07,9.49897e-07,-7.06092e-07,1.01449e-06,-9.79695e-07,-1.38983,7.76697e-06,250,249,-5.99998,8.00003,94,-107
105,-99,-6,-8,-1.15539e-06,7.24877e-07,-1.44636e-06,9.70847e-07,-1.40136e-06,-1.24295,4.54309e-06,255,249,-6.00001,8,99,-107
110,-99,-6.00002,-8,-4.04155e-07,6.07879e-07,-1.69471e-06,1.08881e-06,-8.85084e-07,-1.05457,2.24885e-06,260,249,-6.00001,8,104,-107
115,-99,-5.99994,-8.00009,6.55001e-07,6.92907e-07,-1.78737e-06,1.56784e-06,-2.19934e-07,-0.796001,0,265,249,-5.99995,8.00009,109,-107
120,-99,-6,-8.00003,1.75642e-06,8.41365e-07,-3.59203e-06,3.15227e-06,-5.54485e-07,-0.660678,0,270,249,-5.99999,8.00002,114,-107
125,-99,-6,-8,3.16869e-06,9.43897e-07,-8.3223e-06,6.36356e-06,-2.25098e-06,-0.654788,5.71098e-06,275,249,-6.00002,8.00001,119,-107
130,-99,-5.99997,-8.00012,6.57043e-06,6.0001e-07,-1.83249e-05,1.32217e-05,-6.05126e-06,-0.627916,0,280,249,-5.99997,8.00013,124,-107
-135,-104,0,0,0,0,0,0,0,0,-1,15,254,0,0,-135,-104
-130,-104,-5.99999,-8,0,0,0,0,0,0,-1,20,254,-5.99999,7.99999,-136,-112
-125,-104,-6,-8,5.29272e-06,1.59747e-06,-5.46064e-06,6.74181e-06,1.48374e-07,-0.487938,7.8092e-06,25,254,-6,7.99999,-131,-112
-120,-104,-6,-8,1.80161e-06,5.29279e-07,2.19998e-07,1.81105e-06,5.19839e-07,0.0856085,3.80239e-06,30,254,-6,8,-126,-112
-115,-104,-6.00001,-8,1.15056e-06,5.51487e-07,1.52366e-07,1.16009e-06,5.41951e-07,0.124528,1.61712e-06,35,254,-6.00001,7.99999,-121,-112
-110,-104,-6,-8,9.21074e-07,3.80068e-07,-2.52941e-07,9.49179e-07,3.51964e-07,-0.218671,3.0068e-06,40,254,-6,7.99999,-116,-112
-105,-104,-5.99997,-7.99997,4.28633e-07,2.25704e-07,-2.04572e-07,4.71243e-07,1.83094e-07,-0.394715,1.02659e-05,45,254,-5.99996,7.99998,-111,-112
-100,-104,-5.99997,-8.00012,-2.85185e-07,-2.71718e-07,9.98897e-07,2.21043e-07,-7.77945e-07,0.792139,0,50,254,-5.99997,8.00012,-106,-112
-95,-104,-5.99999,-8,-8.02936e-07,-1.47157e-07,2.12777e-06,6.3822e-07,-1.58831e-06,0.93488,0,55,254,-5.99999,7.99999,-101,-112
-90,-104,-6,-8.00015,-4.38773e-07,4.30316e-07,1.97626e-06,1.07523e-06,-1.08369e-06,0.992553,0,60,254,-6,8.00015,-96,-112
-85,-104,-5.99996,-8.00009,6.79799e-08,1.53953e-06,6.58262e-07,1.60979e-06,-2.27982e-09,1.36048,0,65,254,-5.99996,8.00008,-91,-112
-80,-104,-6,-8,-2.58354e-07,1.94058e-06,3.09575e-07,1.95143e-06,-2.69196e-07,1.50086,6.56541e-06,70,254,-6,7.99998,-86,-112
-75,-104,-6.00001,-8.00003,-8.85007e-07,1.73291e-06,4.151e-07,1.74926e-06,-9.01359e-07,1.49217,4.25029e-06,75,254,-6.00001,8.00002,-81,-112
-70,-104,-6.00002,-8.00003,-9.8609e-07,9.61721e-07,5.77173e-07,1.00358e-06,-1.02795e-06,1.42676,6.1492e-06,80,254,-6.00001,8.00003,-76,-112
-65,-104,-6.00001,-8,-6.11576e-07,2.99806e-07,8.04399e-07,4.51913e-07,-7.63683e-07,1.20923,1.25069e-05,85,254,-6.00001,8.00001,-71,-112
-60,-104,-6,-8,-8.96019e-08,-8.82123e-08,7.25692e-07,2.73939e-07,-4.51754e-07,0.786356,1.16025e-05,90,254,-6,8.00001,-66,-112
-55,-104,-6,-8,1.56828e-07,-1.64596e-07,1.93546e-07,1.83715e-07,-1.91483e-07,0.271,6.49023e-06,95,254,-6,8.00001,-61,-112
-50,-104,-5.99999,-8,-8.87366e-08,-2.11125e-07,2.64755e-08,-8.73211e-08,-2.12541e-07,0.10652,4.94673e-06,100,254,-5.99999,7.99999,-56,-112
-45,-104,-6,-8,-8.09723e-08,-2.23384e-07,-3.05763e-07,1.64726e-08,-3.20829e-07,-0.567458,8.43157e-06,105,254,-6,8,-51,-112
-40,-104,-6.00001,-8,5.21625e-07,-3.111e-07,-9.58941e-07,7.40281e-07,-5.29757e-07,-0.427864,5.74046e-06,110,254,-6.00001,7.99999,-46,-112
-35,-104,-6,-8,1.33874e-06,-4.8844e-07,-1.43897e-06,1.58803e-06,-7.37737e-07,-0.333547,1.17851e-05,115,254,-6,8,-41,-112
-30,-104,-6,-7.99997,1.67719e-06,-5.93031e-07,-1.22245e-06,1.8313e-06,-7.47135e-07,-0.246975,0,120,254,-6,7.99996,-36,-112
-25,-104,-6,-8,1.42542e-06,-6.21586e-07,-6.19922e-07,1.47133e-06,-6.67491e-07,-0.147032,1.20054e-05,125,254,-6,8,-31,-112
-20,-104,-5.99991,-8.00006,9.52142e-07,-6.72566e-07,9.26213e-08,9.53461e-07,-6.73885e-07,0.0284732,0,130,254,-5.99991,8.00006,-25.9999,-112
-15,-104,-6,-8,3.18759e-07,-1.03863e-06,8.89444e-07,4.51485e-07,-1.17136e-06,0.290032,5.74689e-06,135,254,-5.99999,8.00001,-21,-112
-10,-104,-5.99998,-8,-6.84609e-07,-1.25097e-06,1.52961e-06,-1.52241e-07,-1.78334e-06,0.608092,8.9215e-07,140,254,-5.99998,7.99999,-16,-112
-5,-104,-5.99998,-8,-1.94511e-06,-1.16205e-06,1.90703e-06,-5.22811e-07,-2.58435e-06,0.980212,9.57579e-06,145,254,-5.99999,7.99999,-11,-112
0,-104,-6,-8,-2.73613e-06,-5.69411e-07,1.90261e-06,-2.11018e-07,-3.09452e-06,1.2105,1.25102e-05,150,254,-6,7.99999,-6,-112
5,-104,-6,-8,-2.47568e-06,-9.6621e-08,1.51448e-06,1.23954e-07,-2.69626e-06,1.28735,9.67185e-06,155,254,-5.99999,8.00002,-1,-112
10,-104,-6.00003,-8,-1.48297e-06,3.49126e-08,5.03101e-07,7.55146e-08,-1.52357e-06,1.41077,1.86567e-06,160,254,-6.00002,8,3.99997,-112
15,-104,-6.00003,-7.99997,-6.32968e-07,1.49564e-08,-3.23773e-07,5.31526e-08,-6.71164e-07,-1.33909,0,165,254,-6.00003,7.99998,8.99997,-112
20,-104,-6.00003,-8.00003,-7.92153e-08,1.27118e-07,-9.5165e-07,5.10832e-07,-4.62929e-07,-0.892154,4.67395e-06,170,254,-6.00003,8.00002,14,-112
25,-104,-6.00005,-8,4.67749e-07,2.71421e-07,-1.02934e-06,8.93534e-07,-1.54365e-07,-0.691164,0,175,254,-6.00005,8.00001,19,-112
30,-104,-6.00005,-7.99997,1.01597e-06,2.93913e-07,-6.35601e-07,1.13592e-06,1.73965e-07,-0.360901,7.21556e-06,180,254,-6.00005,7.99998,24,-112
35,-104,-6,-8,1.34133e-06,1.49195e-07,-1.94436e-07,1.34921e-06,1.41319e-07,-0.0808374,6.36787e-06,185,254,-5.99999,8.00001,29,-112
40,-104,-5.99998,-8,1.24852e-06,-1.92711e-07,-2.7412e-07,1.26143e-06,-2.0563e-07,-0.0939771,9.34725e-06,190,254,-5.99999,8.00001,34,-112
45,-104,-6,-8,7.60454e-07,-2.97496e-07,-4.12796e-07,7.99294e-07,-3.36337e-07,-0.186008,4.66476e-06,195,254,-5.99999,8.00001,39,-112
50,-104,-5.99997,-8.00003,9.9325e-08,-1.98922e-07,-8.20871e-07,3.86888e-07,-4.86485e-07,-0.611148,0,200,254,-5.99997,8.00004,44,-112
55,-104,-5.99997,-8.00003,-3.28742e-07,-8.40062e-09,-1.15533e-06,4.30889e-07,-7.68031e-07,-0.920637,1.17199e-05,205,254,-5.99997,8.00003,49,-112
60,-104,-5.99998,-8.00003,-4.48735e-07,1.24427e-07,-8.54704e-07,3.52393e-07,-6.76701e-07,-1.08076,0,210,254,-5.99999,8.00004,54,-112
65,-104,-6,-8.00009,-3.20354e-07,1.02157e-07,-1.41628e-07,1.13709e-07,-3.31907e-07,-1.40908,0,215,254,-6,8.00009,59,-112
70,-104,-5.99997,-8,-1.30842e-07,1.454e-07,3.90131e-07,2.46294e-07,-2.31736e-07,1.09346,0,220,254,-5.99997,7.99999,64,-112
75,-104,-5.99998,-8,-3.35079e-08,2.76088e-07,3.40989e-07,3.51574e-07,-1.08994e-07,1.15399,8.6279e-06,225,254,-5.99999,8.00001,69,-112
80,-104,-6,-8,1.73863e-07,4.03036e-07,-3.7194e-07,5.06887e-07,7.00121e-08,-1.06151,3.11955e-06,230,254,-6,8.00001,74,-112
85,-104,-5.99998,-8,6.76916e-07,3.43516e-07,-6.64022e-07,8.81727e-07,1.38705e-07,-0.552738,9.45296e-06,235,254,-5.99999,8,79,-112
90,-104,-6,-8,1.07788e-06,2.55243e-07,-2.79761e-07,1.10101e-06,2.32108e-07,-0.163905,6.53359e-06,240,254,-6,7.99999,84,-112
95,-104,-5.99992,-8.00006,8.05646e-07,2.58292e-07,1.97391e-07,8.22899e-07,2.4104e-07,0.173056,0,245,254,-5.99992,8.00006,89.0001,-112
100,-104,-5.99997,-8,1.39142e-07,4.58718e-07,-2.66876e-07,5.07108e-07,9.07527e-08,-1.22291,0,250,254,-5.99997,8.00001,94,-112
105,-104,-6,-8,-3.73482e-07,4.07997e-07,-1.31174e-06,7.80698e-07,-7.46183e-07,-1.05405,0,255,254,-6,7.99999,99,-112
110,-104,-6.00003,-8,-4.63862e-07,2.33107e-07,-2.0203e-06,9.53196e-07,-1.18395e-06,-0.951497,1.22453e-05,260,254,-6.00004,8.00001,104,-112
115,-104,-6,-8,1.54456e-07,1.24206e-07,-2.26027e-06,1.26957e-06,-9.90904e-07,-0.778707,1.06239e-05,265,254,-6,7.99999,109,-112
120,-104,-6,-8,1.72608e-06,2.1661e-08,-4.03489e-06,3.06393e-06,-1.31619e-06,-0.585556,0,270,254,-5.99999,7.99999,114,-112
125,-104,-6,-8,4.3278e-06,-1.88871e-07,-8.37484e-06,6.82705e-06,-2.68812e-06,-0.538097,6.20976e-06,275,254,-5.99998,7.99999,119,-112
130,-104,-5.99997,-8.00009,8.91355e-06,-1.65099e-06,-1.72827e-05,1.37592e-05,-6.49666e-06,-0.511062,0,280,254,-5.99996,8.0001,124,-112
-135,-109,0,0,0,0,0,0,0,0,-1,15,259,0,0,-135,-109
-130,-109,-6,-8.00003,0,0,0,0,0,0,-1,20,259,-6,8.00003,-136,-117
-125,-109,-6,-8.00003,5.33549e-07,1.10324e-06,-2.44167e-06,2.07202e-06,-4.35228e-07,-0.900008,8.46392e-06,25,259,-6,8.00003,-131,-117
-120,-109,-6.00002,-8.00003,4.76542e-07,2.03235e-07,4.4396e-07,6.00559e-07,7.92176e-08,0.509489,6.21363e-06,30,259,-6.00002,8.00002,-126,-117
-115,-109,-6,-8,9.42154e-07,3.26563e-07,-4.47601e-07,1.01492e-06,2.538e-07,-0.314344,0,35,259,-6,7.99999,-121,-117
-110,-109,-6,-8,8.73252e-07,-3.49483e-08,-7.97271e-07,1.0234e-06,-1.85097e-07,-0.360223,1.49175e-06,40,259,-6,8,-116,-117
-105,-109,-5.99997,-8.00012,2.40793e-07,-1.86334e-07,-6.49243e-07,4.15802e-07,-3.61343e-07,-0.494449,0,45,259,-5.99997,8.00013,-111,-117
-100,-109,-6,-8,-3.94946e-07,-6.75667e-07,7.87359e-08,-3.89529e-07,-6.81083e-07,0.136726,4.75654e-06,50,259,-6,8,-106,-117
-95,-109,-6,-8,-5.11775e-07,-7.64151e-07,5.63876e-07,-3.29074e-07,-9.46852e-07,0.574981,0,55,259,-6,7.99999,-101,-117
-90,-109,-6,-8,9.43279e-08,-5.14156e-07,1.45965e-07,1.02959e-07,-5.22787e-07,0.117717,8.03795e-06,60,259,-6,8.00001,-96,-117
-85,-109,-5.99995,-8.00009,4.45735e-07,3.02874e-07,-3.45458e-07,5.6122e-07,1.87388e-07,-0.589336,0,65,259,-5.99995,8.00011,-91,-117
-80,-109,-5.99999,-8,-1.65556e-07,8.88111e-07,2.73871e-07,9.05616e-07,-1.83061e-07,1.44365,0,70,259,-5.99999,7.99999,-86,-117
-75,-109,-5.99988,-8.00006,-1.02792e-06,1.28042e-06,1.01621e-06,1.38731e-06,-1.13481e-06,1.36345,0,75,259,-5.99988,8.00006,-80.9999,-117
-70,-109,-5.99999,-8,-1.33868e-06,9.21542e-07,1.26681e-06,1.08694e-06,-1.50408e-06,1.31537,1.14222e-05,80,259,-5.99999,7.99999,-76,-117
-65,-109,-6,-7.99997,-8.20502e-07,3.80396e-07,1.22785e-06,6.38693e-07,-1.0788e-06,1.17255,0,85,259,-6,7.99997,-71,-117
-60,-109,-6.00001,-8,-4.12376e-08,2.05401e-07,7.50114e-07,4.76893e-07,-3.12729e-07,0.944231,0,90,259,-6,7.99999,-66,-117
-55,-109,-5.99999,-8,2.53172e-07,3.13739e-07,2.16207e-07,3.95721e-07,1.71191e-07,0.921965,1.00701e-05,95,259,-5.99999,8.00001,-61,-117
-50,-109,-5.99999,-7.99997,-7.04936e-08,3.01162e-07,8.32053e-08,3.05762e-07,-7.50936e-08,1.46067,0,100,259,-6,7.99998,-56,-117
-45,-109,-6,-8,-2.10886e-07,2.12165e-07,-2.00535e-07,2.34727e-07,-2.33447e-07,-1.34947,8.81161e-06,105,259,-6,8.00001,-51,-117
-40,-109,-6,-8,4.03726e-07,-9.0465e-08,-6.97878e-07,5.84199e-07,-2.70938e-07,-0.477316,0,110,259,-6,7.99999,-46,-117
-35,-109,-6,-8,1.36736e-06,-5.09742e-07,-1.05134e-06,1.50455e-06,-6.46926e-07,-0.255277,0,115,259,-6,8,-41,-117
-30,-109,-6,-8,1.6869e-06,-8.30598e-07,-6.32073e-07,1.72597e-06,-8.69666e-07,-0.122994,9.57177e-06,120,259,-6,7.99999,-36,-117
-25,-109,-5.99993,-8.00003,1.14695e-06,-1.05138e-06,2.44504e-07,1.15373e-06,-1.05816e-06,0.0553835,0,125,259,-5.99993,8.00004,-30.9999,-117
-20,-109,-6,-8,2.25553e-07,-1.24253e-06,1.3714e-06,4.96005e-07,-1.51298e-06,0.375683,6.91563e-06,130,259,-6,7.99999,-26,-117
-15,-109,-5.99998,-8,-3.52381e-07,-1.67661e-06,2.20759e-06,2.72656e-07,-2.30165e-06,0.515242,0,135,259,-5.99999,7.99999,-21,-117
-10,-109,-6,-8,-5.73785e-07,-1.86802e-06,2.33858e-06,1.15514e-07,-2.55731e-06,0.532664,0,140,259,-5.99999,7.99999,-16,-117
-5,-109,-6,-8,-1.0626e-06,-1.61094e-06,1.79553e-06,-3.98078e-07,-2.27547e-06,0.637201,0,145,259,-5.99999,8.00001,-11,-117
0,-109,-6,-8,-1.79242e-06,-8.4613e-07,1.09497e-06,-5.95667e-07,-2.04288e-06,1.14174,1.0351e-05,150,259,-6,8.00001,-6,-117
5,-109,-6,-8,-1.92684e-06,6.59248e-09,1.53506e-07,9.63462e-09,-1.92988e-06,1.53118,0,155,259,-6.00001,7.99999,-1,-117
10,-109,-6,-8.00003,-1.13803e-06,4.2821e-07,-1.04796e-06,5.87338e-07,-1.29716e-06,-1.27596,8.01072e-06,160,259,-6.00001,8.00002,4,-117
15,-109,-6.00003,-8,-1.03977e-07,5.74763e-07,-2.05967e-06,1.3197e-06,-8.48917e-07,-0.944564,6.9767e-06,165,259,-6.00003,7.99999,8.99997,-117
20,-109,-5.99998,-8,3.37686e-07,6.74669e-07,-2.4867e-06,1.76089e-06,-7.48537e-07,-0.852745,4.52129e-06,170,259,-5.99998,8,14,-117
25,-109,-6.00002,-8,1.6128e-07,7.07121e-07,-2.04024e-06,1.4902e-06,-6.21795e-07,-0.916106,8.42561e-06,175,259,-6.00002,8.00001,19,-117
30,-109,-6.00002,-8,1.21031e-07,4.28615e-07,-9.58267e-07,7.78034e-07,-2.28388e-07,-0.940694,2.70836e-06,180,259,-6.00001,8,24,-117
35,-109,-6,-8,5.76577e-07,9.28749e-08,-8.10024e-08,5.79945e-07,8.95071e-08,-0.082962,0,185,259,-6,8,29,-117
40,-109,-6,-8,1.15175e-06,-4.45288e-07,8.84948e-08,1.15297e-06,-4.46513e-07,0.0276777,5.36878e-06,190,259,-6,7.99999,34,-117
45,-109,-5.99998,-8,1.09692e-06,-6.26745e-07,-2.23979e-07,1.10417e-06,-6.33991e-07,-0.0646096,8.08029e-06,195,259,-5.99999,8.00001,39,-117
50,-109,-6,-8,3.60131e-07,-5.21579e-07,-7.32905e-07,4.92548e-07,-6.53996e-07,-0.346748,8.47955e-06,200,259,-6,8,44,-117
55,-109,-5.99998,-8,-2.59443e-07,-4.89446e-07,-1.08294e-06,1.79101e-07,-9.2799e-07,-0.680759,0,205,259,-5.99999,8.00001,49,-117
60,-109,-6,-8,-4.80099e-07,-4.99426e-07,-7.26064e-07,-1.26602e-07,-8.52923e-07,-0.772092,9.64599e-06,210,259,-6,8,54,-117
65,-109,-6,-8,-4.13973e-07,-4.96687e-07,-1.66036e-09,-4.13964e-07,-4.96695e-07,-0.0100354,0,215,259,-6.00001,8.00001,59,-117
70,-109,-5.99998,-8,-2.79031e-07,-2.4825e-07,5.35497e-07,4.54989e-09,-5.31831e-07,0.814107,0,220,259,-5.99999,8.00001,64,-117
75,-109,-6,-8,-2.57235e-07,1.41123e-07,6.69468e-07,3.31455e-07,-4.47567e-07,1.05378,4.88727e-06,225,259,-6,8.00001,69,-117
80,-109,-6.00002,-8,-3.0844e-07,4.43986e-07,3.24449e-07,4.77471e-07,-3.41926e-07,1.36724,0,230,259,-6.00001,8.00001,74,-117
85,-109,-5.99998,-8,2.19954e-08,1.99054e-07,2.53844e-07,2.65272e-07,-4.42226e-08,1.08992,5.05234e-06,235,259,-5.99999,8.00001,79,-117
90,-109,-6.00003,-8,7.15899e-07,-1.11527e-07,3.94903e-07,7.60603e-07,-1.5623e-07,0.222648,8.07081e-06,240,259,-6.00003,8.00001,84,-117
95,-109,-6.00003,-8.00003,1.33922e-06,-2.29283e-07,4.44378e-07,1.37009e-06,-2.6015e-07,0.138039,0,245,259,-6.00003,8.00002,89,-117
100,-109,-6,-8,1.42676e-06,4.82502e-08,-1.93267e-07,1.4335e-06,4.15091e-08,-0.0696461,0,250,259,-6,7.99999,94,-117
105,-109,-5.99991,-8.00006,7.35249e-07,1.57794e-07,-8.6427e-07,9.66237e-07,-7.31943e-08,-0.490887,0,255,259,-5.99991,8.00006,99.0001,-117
110,-109,-6,-8,-2.00144e-07,2.91274e-08,-1.29464e-06,5.71885e-07,-7.42901e-07,-0.873036,1.45721e-06,260,259,-6,8,104,-117
115,-109,-5.99997,-8,-8.10108e-08,-2.01528e-07,-1.44492e-06,5.83701e-07,-8.6624e-07,-0.743791,0,265,259,-5.99997,8,109,-117
120,-109,-5.99994,-8.00006,1.84316e-06,-6.31874e-07,-2.78175e-06,2.46736e-06,-1.25607e-06,-0.421839,0,270,259,-5.99993,8.00006,114,-117
125,-109,-6,-8,5.35671e-06,-1.36549e-06,-5.65567e-06,6.38806e-06,-2.39684e-06,-0.349723,0,275,259,-6,8.00001,119,-117
130,-109,-5.99991,-8.00006,1.04652e-05,-3.90849e-06,-1.09379e-05,1.23094e-05,-5.75272e-06,-0.325243,0,280,259,-5.99991,8.00006,124,-117
-135,-114,0,0,0,0,0,0,0,0,-1,15,264,0,0,-135,-114
-130,-114,-6,-8.00003,0,0,0,0,0,0,-1,20,264,-6,8.00003,-136,-122
-125,-114,-6,-8.00003,-3.28567e-06,1.48204e-06,1.53025e-06,1.60182e-06,-3.40545e-06,1.41551,5.35591e-06,25,264,-6,8.00003,-131,-122
-120,-114,-6.00001,-8.00003,-8.51197e-07,-5.62077e-07,7.26331e-07,-3.15758e-07,-1.09752e-06,0.974812,5.69556e-06,30,264,-6.00001,8.00003,-126,-122
-115,-114,-5.99997,-8,3.82891e-07,-1.24058e-06,-4.44179e-07,4.12724e-07,-1.27041e-06,-0.133531,1.45941e-05,35,264,-5.99997,8.00001,-121,-122
-110,-114,-5.99997,-8,6.87322e-07,-1.53526e-06,-1.00559e-06,7.95773e-07,-1.64371e-06,-0.212441,7.89049e-06,40,264,-5.99998,8.00001,-116,-122
-105,-114,-5.99996,-8.00009,2.64582e-07,-1.20664e-06,-7.66234e-07,3.58369e-07,-1.30043e-06,-0.240081,0,45,264,-5.99996,8.00009,-111,-122
-100,-114,-6,-8,-2.41046e-07,-8.78092e-07,-4.41853e-07,-1.71928e-07,-9.4721e-07,-0.303208,9.85423e-06,50,264,-5.99999,8.00001,-106,-122
-95,-114,-6,-8,-2.72072e-07,-8.27523e-07,-2.56717e-07,-2.43844e-07,-8.5575e-07,-0.216467,5.96951e-06,55,264,-6,8,-101,-122
-90,-114,-6,-8,1.81521e-07,-9.11954e-07,-9.16897e-07,3.48293e-07,-1.07873e-06,-0.348895,0,60,264,-6,8,-96,-122
-85,-114,-6,-7.99997,3.25324e-07,-5.4374e-07,-1.20009e-06,6.3165e-07,-8.50065e-07,-0.472017,1.10118e-05,65,264,-6,7.99997,-91,-122
-80,-114,-6,-8,-3.04421e-07,2.12073e-07,-4.93508e-07,3.11008e-07,-4.03356e-07,-1.18947,9.49629e-06,70,264,-6,8,-86,-122
-75,-114,-6,-8.00003,-1.15544e-06,9.55789e-07,8.97876e-07,1.04729e-06,-1.24694e-06,1.36974,9.43033e-06,75,264,-6,8.00002,-81,-122
-70,-114,-6.00001,-8.00003,-1.48576e-06,9.991e-07,1.62043e-06,1.23994e-06,-1.72659e-06,1.28186,9.12395e-06,80,264,-6.00001,8.00002,-76,-122
-65,-114,-6,-8,-8.67206e-07,6.26821e-07,1.39005e-06,9.00146e-07,-1.14053e-06,1.19612,0,85,264,-6,8.00001,-71,-122
-60,-114,-6.00001,-8,8.1206e-09,5.99214e-07,6.27702e-07,7.3477e-07,-1.27436e-07,1.16308,0,90,264,-6.00001,7.99999,-66,-122
-55,-114,-5.99999,-8.00003,2.64339e-07,9.74653e-07,1.9978e-07,9.88433e-07,2.5056e-07,1.43371,0,95,264,-6,8.00003,-61,-122
-50,-114,-5.99999,-8,-5.08884e-08,9.77889e-07,3.37826e-07,1.00491e-06,-7.7912e-08,1.41216,0,100,264,-5.99999,8,-56,-122
-45,-114,-5.99999,-7.99997,-2.74866e-07,6.86478e-07,1.87774e-07,6.95561e-07,-2.83949e-07,1.47435,0,105,264,-6,7.99998,-51,-122
-40,-114,-6,-8,2.57174e-07,1.97964e-07,-3.42321e-07,4.01271e-07,5.38669e-08,-0.699763,1.29093e-05,110,264,-6,7.99999,-46,-122
-35,-114,-6,-8,1.15776e-06,-2.95972e-07,-6.20361e-07,1.22118e-06,-3.59389e-07,-0.20167,9.601e-06,115,264,-6,8,-41,-122
-30,-114,-6,-8.00003,1.3664e-06,-5.1834e-07,-1.19456e-08,1.36642e-06,-5.18359e-07,-0.00316899,2.37125e-06,120,264,-6,8.00004,-36,-122
-25,-114,-5.99999,-8,6.86943e-07,-6.51591e-07,9.81387e-07,8.47555e-07,-8.12203e-07,0.316325,0,125,264,-5.99999,8,-31,-122
-20,-114,-6,-8,-4.32775e-07,-6.90854e-07,1.88491e-06,3.89433e-07,-1.51306e-06,0.717362,0,130,264,-6,8.00001,-26,-122
-15,-114,-5.99998,-8,-8.77321e-07,-8.37064e-07,2.05696e-06,1.71482e-07,-1.88587e-06,0.795182,8.7778e-06,135,264,-5.99999,8,-21,-122
-10,-114,-5.99998,-8,-4.23217e-07,-9.52016e-07,1.58889e-06,1.49669e-07,-1.5249e-06,0.624758,0,140,264,-5.99999,8.00001,-16,-122
-5,-114,-6.00002,-8,-1.83145e-07,-9.37287e-07,9.96509e-07,6.46357e-08,-1.18507e-06,0.461484,9.84736e-06,145,264,-6.00001,7.99999,-11,-122
0,-114,-5.99989,-8.00009,-4.59832e-07,-6.67507e-07,5.36077e-07,-2.76221e-07,-8.51118e-07,0.600601,0,150,264,-5.9999,8.00009,-5.99989,-122
5,-114,-6.00002,-8,-6.10839e-07,-9.71684e-08,-8.40358e-07,1.38454e-07,-8.46461e-07,-1.05972,9.29459e-06,155,264,-6.00001,7.99999,-1.00002,-122
10,-114,-6.00002,-8,-2.65736e-07,3.05824e-07,-2.56134e-06,1.33221e-06,-1.29212e-06,-0.895174,7.81605e-06,160,264,-6.00001,8,3.99998,-122
15,-114,-6,-8,2.93077e-07,5.80159e-07,-3.75779e-06,2.32099e-06,-1.44775e-06,-0.823522,1.26271e-05,165,264,-6,8.00001,9,-122
20,-114,-6,-8,1.83528e-07,6.53367e-07,-3.30357e-06,2.08685e-06,-1.24996e-06,-0.856035,7.01358e-06,170,264,-6,8.00001,14,-122
25,-114,-5.99989,-8.00009,-5.7154e-07,4.78442e-07,-1.79457e-06,9.93035e-07,-1.08613e-06,-1.05009,0,175,264,-5.9999,8.00008,19.0001,-122
30,-114,-6,-8,-7.75013e-07,2.05913e-08,-3.07085e-07,4.91948e-08,-8.03616e-07,-1.38662,5.3169e-06,180,264,-5.99999,8.00001,24,-122
35,-114,-6.00003,-8.00003,-5.1018e-08,-2.92081e-07,2.04107e-07,-1.36168e-08,-3.29482e-07,0.351286,6.55174e-06,185,264,-6.00002,8.00004,29,-122
40,-114,-6.00003,-8.00003,9.59821e-07,-6.03945e-07,2.10411e-07,9.66867e-07,-6.10991e-07,0.0668755,4.15818e-06,190,264,-6.00003,8.00003,34,-122
45,-114,-5.99998,-8,1.24303e-06,-5.04389e-07,-1.7591e-08,1.24307e-06,-5.04433e-07,-0.00503326,2.35778e-06,195,264,-5.99999,8,39,-122
50,-114,-5.99997,-8,5.39409e-07,-1.40147e-07,-3.17154e-07,5.74592e-07,-1.7533e-07,-0.21833,0,200,264,-5.99997,8.00001,44,-122
55,-114,-6,-8,-2.10507e-07,2.23126e-08,-5.82326e-07,2.19474e-07,-4.07669e-07,-0.975569,1.13311e-05,205,264,-6,7.99999,49,-122
60,-114,-5.99998,-8.00003,-5.79499e-07,9.75921e-09,-3.58583e-07,6.00238e-08,-6.29764e-07,-1.29746,0,210,264,-5.99998,8.00002,54,-122
65,-114,-6,-8,-5.8758e-07,-1.13548e-07,1.90382e-07,-9.51472e-08,-6.05981e-07,1.37984,6.72056e-06,215,264,-6,8,59,-122
70,-114,-5.99998,-8.00003,-4.81189e-07,-1.97015e-07,5.043e-07,-4.96742e-08,-6.28529e-07,1.04197,2.81928e-06,220,264,-5.99998,8.00002,64,-122
75,-114,-6.00002,-8,-4.79885e-07,-1.05154e-07,5.58295e-07,4.36785e-08,-6.28718e-07,1.08097,3.10799e-06,225,264,-6.00001,8,69,-122
80,-114,-5.99998,-8.00003,-6.49619e-07,1.66077e-07,3.94788e-07,2.11334e-07,-6.94876e-07,1.34542,3.40788e-06,230,264,-5.99999,8.00002,74,-122
85,-114,-6,-8,-2.7901e-07,8.85382e-08,3.72923e-07,1.66567e-07,-3.57039e-07,1.17447,0,235,264,-6,8,79,-122
90,-114,-5.99998,-8,7.80023e-07,4.59076e-09,-2.63447e-07,8.01788e-07,-1.71743e-08,-0.163754,0,240,264,-5.99998,8.00001,84,-122
95,-114,-6.00003,-8,2.00831e-06,2.31021e-07,-1.20849e-06,2.19428e-06,4.50502e-08,-0.298575,0,245,264,-6.00003,8,89,-122
100,-114,-5.99992,-8.00006,2.30565e-06,6.55633e-07,-1.88872e-06,2.73461e-06,2.26666e-07,-0.426375,0,250,264,-5.99992,8.00006,94.0001,-122
105,-114,-6,-8,1.09262e-06,8.1241e-07,-1.44477e-06,1.68837e-06,2.16668e-07,-0.689613,0,255,264,-6,7.99999,99,-122
110,-114,-5.99983,-8.00006,-5.29529e-07,5.91899e-07,-5.39557e-07,6.53424e-07,-5.91054e-07,-1.34658,0,260,264,-5.99983,8.00007,104,-122
115,-114,-6,-8,-6.33206e-07,-8.22402e-08,2.2444e-07,-6.02602e-08,-6.55186e-07,1.37738,0,265,264,-6.00001,7.99999,109,-122
120,-114,-6,-8,1.3675e-06,-1.16649e-06,8.07342e-10,1.3675e-06,-1.16649e-06,0.000159303,2.97578e-06,270,264,-6,8,114,-122
125,-114,-5.99994,-8.00003,4.79204e-06,-2.63087e-06,-4.1558e-07,4.79785e-06,-2.63668e-06,-0.0279639,0,275,264,-5.99994,8.00004,119,-122
130,-114,-5.99988,-8.00003,8.65515e-06,-5.72214e-06,-6.88902e-07,8.6634e-06,-5.73038e-06,-0.0239397,0,280,264,-5.99987,8.00004,124,-122
-135,-119,0,0,0,0,0,0,0,0,-1,15,269,0,0,-135,-119
-130,-119,-5.99993,-8.00003,0,0,0,0,0,0,-1,20,269,-5.99993,8.00002,-136,-127
-125,-119,-5.99994,-8.00003,-4.0372e-06,1.85781e-06,5.505e-06,2.94317e-06,-5.12257e-06,1.1952,0,25,269,-5.99994,8.00002,-131,-127
-120,-119,-5.99998,-8,-1.78951e-06,-2.27379e-06,2.10733e-06,-9.50519e-07,-3.11278e-06,0.672455,5.76376e-06,30,269,-5.99998,7.99999,-126,-127
-115,-119,-5.99998,-8.00006,-5.93054e-07,-3.84813e-06,7.77579e-07,-5.47261e-07,-3.89392e-06,0.117244,0,35,269,-5.99998,8.00007,-121,-127
-110,-119,-5.99998,-8,1.91246e-07,-3.2517e-06,-8.30194e-07,2.40585e-07,-3.30103e-06,-0.118306,5.75374e-06,40,269,-5.99999,7.99999,-116,-127
-105,-119,-5.99995,-7.99997,4.60955e-07,-1.74472e-06,-9.52819e-07,5.59457e-07,-1.84322e-06,-0.203886,6.30633e-06,45,269,-5.99995,7.99996,-111,-127
-100,-119,-6.00002,-8,2.32627e-07,1.98927e-07,-1.03535e-06,7.33729e-07,-3.02174e-07,-0.769129,9.45616e-06,50,269,-6.00001,7.99999,-106,-127
-95,-119,-5.9999,-8.00009,-2.90848e-08,1.01224e-06,-8.0927e-07,1.15099e-06,-1.6783e-07,-1.24047,0,55,269,-5.9999,8.00008,-101,-127
-90,-119,-5.99999,-7.99997,-6.39826e-08,7.67614e-07,-1.43549e-06,1.1813e-06,-4.77672e-07,-1.04793,0,60,269,-5.99999,7.99997,-96,-127
-85,-119,-6,-8,-2.2139e-07,5.66208e-07,-1.82162e-06,1.16471e-06,-8.19888e-07,-0.989443,1.14679e-05,65,269,-6,8.00001,-91,-127
-80,-119,-5.99992,-8.00009,-7.65158e-07,1.02363e-06,-1.62587e-06,1.33787e-06,-1.0794e-06,-1.20194,0,70,269,-5.99992,8.00008,-85.9999,-127
-75,-119,-6,-8.00003,-1.42785e-06,1.31596e-06,3.21899e-07,1.32537e-06,-1.43726e-06,1.5124,1.27035e-05,75,269,-6,8.00002,-81,-127
-70,-119,-6,-8,-1.55327e-06,1.45998e-06,1.67742e-06,1.6777e-06,-1.77099e-06,1.31682,3.7388e-06,80,269,-6,7.99999,-76,-127
-65,-119,-6.00001,-8,-8.21334e-07,1.20221e-06,1.28778e-06,1.38972e-06,-1.00884e-06,1.28742,0,85,269,-6.00001,8,-71,-127
-60,-119,-5.99999,-8,2.16946e-08,1.0144e-06,4.82181e-07,1.06985e-06,-3.37596e-08,1.34471,0,90,269,-5.99999,8.00001,-66,-127
-55,-119,-6,-8,1.57253e-07,1.63444e-06,1.27543e-07,1.63718e-06,1.54505e-07,1.52773,6.31307e-06,95,269,-6,7.99999,-61,-127
-50,-119,-5.99998,-8,-8.34678e-08,1.58906e-06,6.46925e-07,1.64943e-06,-1.43845e-07,1.38626,1.15175e-05,100,269,-5.99998,7.99999,-56,-127
-45,-119,-6.00001,-8.00003,-1.95871e-07,9.90705e-07,5.91273e-07,1.06028e-06,-2.65449e-07,1.33965,3.42004e-06,105,269,-6,8.00002,-51,-127
-40,-119,-6.00001,-8,3.84242e-07,2.06385e-07,-1.30121e-07,4.055e-07,1.85127e-07,-0.315811,8.48763e-06,110,269,-6,8.00001,-46,-127
-35,-119,-6,-8,1.17139e-06,-6.45882e-07,-1.14696e-07,1.1732e-06,-6.4769e-07,-0.0315152,7.40829e-06,115,269,-6,8,-41,-127
-30,-119,-6,-8,1.23996e-06,-7.68394e-07,9.37633e-07,1.34401e-06,-8.72442e-07,0.218396,5.30816e-06,120,269,-6,7.99999,-36,-127
-25,-119,-5.99989,-8.00006,5.63244e-07,-6.14231e-07,2.17321e-06,1.21036e-06,-1.26134e-06,0.53713,0,125,269,-5.99988,8.00007,-30.9999,-127
-20,-119,-5.99999,-8,-4.62925e-07,-8.63421e-08,2.52947e-06,1.00404e-06,-1.55331e-06,0.859294,6.72142e-06,130,269,-5.99999,8.00001,-26,-127
-15,-119,-5.99998,-8,-9.55582e-07,2.60841e-07,1.85608e-06,7.62216e-07,-1.45696e-06,1.07547,0,135,269,-5.99999,8,-21,-127
-10,-119,-5.99998,-8,-5.83187e-07,1.76524e-07,1.16681e-06,4.92838e-07,-8.99502e-07,1.07397,1.31355e-05,140,269,-5.99999,7.99999,-16,-127
-5,-119,-6,-8,-2.4326e-07,-2.94115e-07,1.28898e-06,3.76303e-07,-9.13677e-07,0.765681,8.5641e-06,145,269,-6,8,-11,-127
0,-119,-6,-7.99997,2.70736e-07,-4.51751e-07,1.22345e-06,6.19917e-07,-8.00932e-07,0.518683,1.44968e-05,150,269,-6,7.99998,-6,-127
5,-119,-5.99998,-8,9.1788e-07,-2.31324e-07,-1.45792e-06,1.27148e-06,-5.84921e-07,-0.451631,0,155,269,-5.99999,8.00001,-0.999985,-127
10,-119,-6,-8,9.2576e-07,1.0295e-07,-4.59152e-06,2.84669e-06,-1.81798e-06,-0.696738,5.9655e-06,160,269,-6,8.00001,4,-127
15,-119,-6,-8.00003,3.25867e-07,4.52249e-07,-6.11883e-06,3.44912e-06,-2.67101e-06,-0.795724,0,165,269,-6.00001,8.00003,9,-127
20,-119,-6,-8,-7.32806e-07,4.77922e-07,-4.03065e-06,1.97684e-06,-2.23172e-06,-0.931301,4.96302e-06,170,269,-6,8.00001,14,-127
25,-119,-6,-8,-1.53002e-06,-8.57885e-08,-8.61169e-07,3.28422e-08,-1.64865e-06,-1.30196,6.2668e-06,175,269,-6,7.99999,19,-127
30,-119,-6,-8,-1.19863e-06,-7.62688e-07,9.48236e-07,-4.58835e-07,-1.50248e-06,1.00086,6.41721e-06,180,269,-6,7.99999,24,-127
35,-119,-6,-8,-1.90119e-07,-1.03235e-06,4.38038e-07,-1.36569e-07,-1.0859e-06,0.239797,5.46845e-06,185,269,-6.00001,8,29,-127
40,-119,-6,-7.99997,6.46516e-07,-8.19144e-07,-3.03164e-08,6.46672e-07,-8.193e-07,-0.0103408,5.45166e-06,190,269,-6,7.99998,34,-127
45,-119,-5.99998,-8,9.85072e-07,-4.35815e-08,1.07961e-07,9.87897e-07,-4.64065e-08,0.0522853,7.66659e-06,195,269,-5.99998,7.99999,39,-127
50,-119,-5.99997,-8,5.4081e-07,9.54394e-07,2.43229e-07,9.87504e-07,5.077e-07,1.30498,7.19758e-06,200,269,-5.99998,8,44,-127
55,-119,-5.99997,-8,-9.64312e-08,1.66777e-06,1.35718e-07,1.67038e-06,-9.90375e-08,1.53241,7.91267e-06,205,269,-5.99998,8.00001,49,-127
60,-119,-6,-8,-5.80727e-07,1.8585e-06,8.19954e-09,1.85851e-06,-5.80734e-07,1.56912,6.72601e-06,210,269,-5.99999,7.99999,54,-127
65,-119,-5.99998,-8,-7.01214e-07,1.42034e-06,2.8696e-07,1.43e-06,-7.10873e-07,1.50357,8.6282e-06,215,269,-5.99999,8.00001,59,-127
70,-119,-6,-8,-6.24213e-07,4.75373e-07,3.6117e-07,5.04271e-07,-6.53111e-07,1.41212,1.14799e-05,220,269,-6,8.00001,64,-127
75,-119,-6,-8,-6.16907e-07,-3.11066e-07,8.84568e-08,-3.04799e-07,-6.23175e-07,1.43003,7.93094e-06,225,269,-6,8,69,-127
80,-119,-6,-8,-8.21968e-07,-3.7867e-07,-1.50501e-07,-3.66244e-07,-8.34394e-07,-1.40715,0,230,269,-6,8.00001,74,-127
85,-119,-6.00002,-8.00003,-2.70463e-07,-3.085e-08,-1.85561e-07,8.75076e-10,-3.02188e-07,-1.24132,7.09498e-06,235,269,-6.00001,8.00002,79,-127
90,-119,-6.00002,-8,1.18218e-06,4.30447e-07,-2.0281e-06,1.88778e-06,-2.75155e-07,-0.607919,1.00752e-05,240,269,-6.00001,8.00001,84,-127
95,-119,-6.00003,-8,2.51824e-06,1.54839e-06,-4.7109e-06,4.43817e-06,-3.71534e-07,-0.683879,9.00742e-06,245,269,-6.00004,8,89,-127
100,-119,-6.00003,-8,2.39819e-06,2.33487e-06,-5.74014e-06,5.23677e-06,-5.03714e-07,-0.779883,6.1707e-06,250,269,-6.00002,8,94,-127
105,-119,-6,-8,5.77439e-07,2.35436e-06,-4.03421e-06,3.67e-06,-7.38202e-07,-0.992846,0,255,269,-6,8,99,-127
110,-119,-6,-8,-1.31455e-06,1.65211e-06,-9.37383e-07,1.7244e-06,-1.38684e-06,-1.41777,7.05982e-06,260,269,-6,8,104,-127
115,-119,-6,-8,-1.36639e-06,-1.60492e-08,1.65581e-06,3.77088e-07,-1.75952e-06,1.12746,0,265,269,-6,8,109,-127
120,-119,-6,-8.00003,2.62623e-07,-2.09051e-06,2.6316e-06,8.51173e-07,-2.67906e-06,0.420602,6.27962e-06,270,269,-6,8.00002,114,-127
125,-119,-6,-8.00003,2.5419e-06,-4.08622e-06,4.07223e-06,3.11741e-06,-4.66173e-06,0.275465,0,275,269,-6,8.00003,119,-127
130,-119,-6,-8,4.48898e-06,-6.91876e-06,6.9865e-06,5.47368e-06,-7.90345e-06,0.274756,6.30622e-06,280,269,-6,7.99999,124,-127
-135,-124,0,0,0,0,0,0,0,0,-1,15,274,0,0,-135,-124
-130,-124,-5.99994,-8.00006,0,0,0,0,0,0,-1,20,274,-5.99994,8.00006,-136,-132
-125,-124,-5.99996,-8.00006,-3.81665e-06,2.34646e-06,1.5303e-05,7.51364e-06,-8.98384e-06,0.97683,0,25,274,-5.99996,8.00007,-131,-132
-120,-124,-5.99997,-7.99997,-2.74508e-06,-5.17687e-06,7.30534e-06,-1.11245e-07,-7.81071e-06,0.624727,1.06976e-05,30,274,-5.99997,7.99996,-126,-132
-115,-124,-5.99997,-7.99997,-1.71799e-06,-7.10591e-06,3.43184e-06,-1.21793e-06,-7.60597e-06,0.283574,9.50906e-06,35,274,-5.99997,7.99996,-121,-132
-110,-124,-5.99998,-7.99997,-2.82193e-07,-4.20858e-06,-1.22752e-06,-1.88489e-07,-4.30228e-06,-0.151503,8.5099e-06,40,274,-5.99998,7.99996,-116,-132
-105,-124,-6.00003,-8,8.62804e-07,-9.23131e-07,-1.49817e-06,1.13539e-06,-1.19572e-06,-0.348999,7.67473e-06,45,274,-6.00003,7.99999,-111,-132
-100,-124,-5.9999,-8.00006,1.22096e-06,2.11545e-06,-1.31086e-06,2.46169e-06,8.74721e-07,-1.0848,0,50,274,-5.9999,8.00005,-106,-132
-95,-124,-6.00002,-8,6.38194e-07,2.60982e-06,-3.09473e-07,2.62189e-06,6.26124e-07,-1.49295,1.16279e-05,55,274,-6.00002,8.00001,-101,-132
-90,-124,-5.99995,-8.00006,-2.75941e-08,1.19444e-06,-3.79272e-07,1.2232e-06,-5.63453e-08,-1.42033,0,60,274,-5.99994,8.00005,-95.9999,-132
-85,-124,-5.99997,-8,-4.04791e-07,8.16364e-07,-1.15669e-06,1.04679e-06,-6.35218e-07,-1.19165,3.59049e-06,65,274,-5.99997,8,-91,-132
-80,-124,-5.99998,-8,-1.07237e-06,1.46521e-06,-2.08657e-06,1.83907e-06,-1.44622e-06,-1.22671,0,70,274,-5.99998,8,-86,-132
-75,-124,-5.99995,-8.00012,-1.97224e-06,1.55752e-06,-6.68089e-08,1.55784e-06,-1.97256e-06,-1.56133,0,75,274,-5.99994,8.00014,-80.9999,-132
-70,-124,-6.00002,-8,-1.93071e-06,2.18403e-06,1.44904e-06,2.30788e-06,-2.05455e-06,1.4015,1.53468e-05,80,274,-6.00001,8,-76,-132
-65,-124,-5.99999,-8,-1.25611e-06,2.40188e-06,8.84503e-07,2.45459e-06,-1.30882e-06,1.45217,1.01969e-05,85,274,-5.99999,8.00001,-71,-132
-60,-124,-6.00001,-8,-3.66314e-07,1.75652e-06,5.95882e-07,1.79754e-06,-4.07338e-07,1.43397,0,90,274,-6.00001,8.00001,-66,-132
-55,-124,-5.99999,-8.00003,1.72992e-10,2.39057e-06,3.01224e-08,2.39066e-06,7.81029e-11,1.5645,0,95,274,-5.99999,8.00002,-61,-132
-50,-124,-6.00001,-8.00003,-5.27045e-09,1.81211e-06,9.73089e-07,1.93417e-06,-1.27329e-07,1.325,5.99013e-06,100,274,-6.00001,8.00002,-56,-132
-45,-124,-6,-8,8.94176e-08,4.03568e-07,9.34877e-07,7.39617e-07,-2.46631e-07,0.947488,0,105,274,-6,8.00001,-51,-132
-40,-124,-5.99999,-8,3.65528e-07,-6.46592e-07,3.28858e-07,3.91571e-07,-6.72635e-07,0.15708,7.94495e-06,110,274,-5.99999,8,-46,-132
-35,-124,-6,-8,6.95844e-07,-1.97691e-06,1.47949e-06,8.86924e-07,-2.16799e-06,0.25278,1.24693e-05,115,274,-6,8,-41,-132
-30,-124,-6,-8,7.63235e-07,-2.17962e-06,3.83697e-06,1.70959e-06,-3.12598e-06,0.45826,0,120,274,-6,8.00001,-36,-132
-25,-124,-6,-8,4.96922e-07,-2.12776e-06,5.77826e-06,2.3578e-06,-3.98864e-06,0.572213,5.29778e-06,125,274,-6,8.00001,-31,-132
-20,-124,-5.99999,-8.00003,-1.11321e-07,-8.7425e-07,5.48441e-06,2.27583e-06,-3.2614e-06,0.716287,0,130,274,-5.99999,8.00002,-26,-132
-15,-124,-5.99998,-8,-9.47938e-07,1.9298e-07,4.0422e-06,1.72258e-06,-2.47754e-06,0.922946,9.39465e-06,135,274,-5.99998,7.99999,-21,-132
-10,-124,-6,-8,-1.27845e-06,1.0859e-06,2.69782e-06,1.69735e-06,-1.8899e-06,1.14521,0,140,274,-6,7.99999,-16,-132
-5,-124,-6,-8,-8.46267e-07,8.69585e-07,2.86485e-06,1.68135e-06,-1.65803e-06,1.05522,0,145,274,-6,8,-11,-132
0,-124,-6.00002,-8,1.53483e-06,1.15654e-06,2.12167e-06,2.42325e-06,2.68123e-07,0.697177,0,150,274,-6.00001,8,-6.00002,-132
5,-124,-6,-8,3.9629e-06,9.89535e-07,-2.89019e-06,4.5495e-06,4.02929e-07,-0.385607,1.06065e-05,155,274,-6,7.99999,-1,-132
10,-124,-6,-8,3.19985e-06,5.95375e-07,-8.02514e-06,6.1162e-06,-2.32098e-06,-0.628491,3.07098e-06,160,274,-6,8,4,-132
15,-124,-5.99983,-8.00003,-1.70467e-07,6.33647e-07,-1.02474e-05,5.37104e-06,-4.90786e-06,-0.824553,0,165,274,-5.99983,8.00003,9.00017,-132
20,-124,-6,-8,-3.16947e-06,1.07094e-06,-6.65078e-06,2.89453e-06,-4.99306e-06,-1.0692,5.17334e-06,170,274,-5.99999,8,14,-132
25,-124,-6,-8.00003,-3.27472e-06,5.01352e-07,-1.3504e-06,6.18454e-07,-3.39183e-06,-1.39907,5.79054e-06,175,274,-6,8.00004,19,-132
30,-124,-6,-8,-1.09997e-06,-1.01925e-07,1.59828e-06,3.41203e-07,-1.5431e-06,1.0645,8.44378e-06,180,274,-6,8.00001,24,-132
35,-124,-6,-7.99997,4.95875e-07,-4.34747e-07,5.08826e-07,5.60885e-07,-4.99757e-07,0.250176,5.13735e-06,185,274,-6,7.99998,29,-132
40,-124,-5.99998,-8,2.83722e-07,-7.95505e-08,-1.62458e-07,3.01057e-07,-9.68863e-08,-0.210265,7.72272e-06,190,274,-5.99999,8,34,-132
45,-124,-6.00002,-8,1.79557e-07,1.11124e-06,4.95938e-07,1.17313e-06,1.17671e-07,1.32622,0,195,274,-6.00001,8,39,-132
50,-124,-5.99998,-8,3.61027e-07,2.60054e-06,1.11445e-06,2.73153e-06,2.30042e-07,1.33992,7.10422e-06,200,274,-5.99998,7.99999,44,-132
55,-124,-6,-8.00003,3.5078e-07,3.80167e-06,1.34952e-06,3.92891e-06,2.23536e-07,1.38441,0,205,274,-6,8.00002,49,-132
60,-124,-5.99998,-8.00003,-1.13848e-07,4.44014e-06,9.36078e-07,4.48774e-06,-1.61453e-07,1.46943,0,210,274,-5.99998,8.00002,54,-132
65,-124,-5.99998,-8.00003,-5.99627e-07,3.63881e-06,1.13267e-06,3.71318e-06,-6.73995e-07,1.44023,1.94729e-06,215,274,-5.99999,8.00002,59,-132
70,-124,-6,-8,-7.28631e-07,1.75252e-06,1.07409e-06,1.86377e-06,-8.39886e-07,1.36652,6.37895e-06,220,274,-6,8,64,-132
75,-124,-6,-8,-8.16915e-07,-2.94223e-07,1.38951e-07,-2.85146e-07,-8.25992e-07,1.44088,0,225,274,-6,8,69,-132
80,-124,-6,-8,-1.02275e-06,-9.80711e-07,-1.08488e-06,-4.58884e-07,-1.54458e-06,-0.804764,0,230,274,-6,8,74,-132
85,-124,-6,-8,2.7176e-07,-4.49284e-07,-1.49295e-06,7.40215e-07,-9.1774e-07,-0.560435,0,235,274,-6,8.00001,79,-132
90,-124,-6.00002,-8.00003,2.94619e-06,1.007e-06,-5.58092e-06,4.93071e-06,-9.77518e-07,-0.618189,3.99246e-06,240,274,-6.00001,8.00003,84,-132
95,-124,-6.00003,-8,3.99846e-06,4.1187e-06,-1.13744e-05,9.74609e-06,-1.62893e-06,-0.790684,2.94677e-06,245,274,-6.00003,7.99999,89,-132
100,-124,-5.99985,-8.00003,1.98518e-06,6.51536e-06,-1.41541e-05,1.1681e-05,-3.18043e-06,-0.940277,0,250,274,-5.99984,8.00002,94.0002,-132
105,-124,-5.99994,-8.00009,-1.48931e-06,6.58455e-06,-1.16227e-05,9.62354e-06,-4.52831e-06,-1.08897,0,255,274,-5.99993,8.00008,99.0001,-132
110,-124,-5.99998,-8,-3.61954e-06,4.69891e-06,-5.40998e-06,5.50115e-06,-4.42178e-06,-1.28248,8.41462e-06,260,274,-5.99999,7.99999,104,-132
115,-124,-6,-8,-2.82672e-06,6.27595e-07,8.43343e-07,6.78324e-07,-2.87745e-06,1.45107,6.17708e-06,265,274,-5.99999,7.99999,109,-132
120,-124,-6,-8.00003,-1.1599e-06,-3.49461e-06,2.64338e-06,-5.63849e-07,-4.09066e-06,0.423662,3.23402e-06,270,274,-6.00001,8.00002,114,-132
125,-124,-6,-7.99997,-5.75251e-07,-6.38065e-06,4.23492e-06,1.14999e-07,-7.0709e-06,0.315119,5.99425e-06,275,274,-6.00001,7.99996,119,-132
130,-124,-6,-7.99997,-9.58957e-07,-8.97613e-06,7.00778e-06,3.56554e-07,-1.02916e-05,0.359159,0,280,274,-6.00001,7.99998,124,-132
-135,-129,0,0,0,0,0,0,0,0,-1,15,279,0,0,-135,-129
-130,-129,0,0,0,0,0,0,0,0,-1,20,279,0,0,-130,-129
-125,-129,-5.99995,-8.00006,0,0,0,0,0,0,-1,25,279,-5.99995,8.00007,-131,-137
-120,-129,-5.99997,-7.99997,0,0,0,0,0,0,-1,30,279,-5.99997,7.99997,-126,-137
-115,-129,-5.99997,-7.99997,0,0,0,0,0,0,-1,35,279,-5.99997,7.99997,-121,-137
-110,-129,-5.99998,-7.99997,0,0,0,0,0,0,-1,40,279,-5.99998,7.99997,-116,-137
-105,-129,-6.00003,-8,0,0,0,0,0,0,-1,45,279,-6.00003,7.99999,-111,-137
-100,-129,-5.99991,-8.00006,0,0,0,0,0,0,-1,50,279,-5.99991,8.00007,-106,-137
-95,-129,-6.00002,-8,0,0,0,0,0,0,-1,55,279,-6.00002,8.00001,-101,-137
-90,-129,-5.99994,-8.00003,0,0,0,0,0,0,-1,60,279,-5.99994,8.00004,-95.9999,-137
-85,-129,-5.99997,-8,0,0,0,0,0,0,-1,65,279,-5.99997,7.99999,-91,-137
-80,-129,-5.99998,-8,0,0,0,0,0,0,-1,70,279,-5.99998,8,-86,-137
-75,-129,-5.99995,-8.00012,0,0,0,0,0,0,-1,75,279,-5.99996,8.00011,-81,-137
-70,-129,-6.00002,-8,0,0,0,0,0,0,-1,80,279,-6.00001,8,-76,-137
-65,-129,-5.99999,-8,0,0,0,0,0,0,-1,85,279,-5.99999,8,-71,-137
-60,-129,-5.99999,-8,0,0,0,0,0,0,-1,90,279,-5.99999,8,-66,-137
-55,-129,-5.99999,-8,0,0,0,0,0,0,-1,95,279,-5.99999,8.00002,-61,-137
-50,-129,-6,-8,0,0,0,0,0,0,-1,100,279,-6,8.00001,-56,-137
-45,-129,-5.99999,-8,0,0,0,0,0,0,-1,105,279,-5.99999,8.00001,-51,-137
-40,-129,-5.99999,-8,0,0,0,0,0,0,-1,110,279,-5.99999,7.99999,-46,-137
-35,-129,-6,-8,0,0,0,0,0,0,-1,115,279,-6,8,-41,-137
-30,-129,-6,-8,0,0,0,0,0,0,-1,120,279,-6,8,-36,-137
-25,-129,-5.99999,-8,0,0,0,0,0,0,-1,125,279,-5.99999,8.00001,-31,-137
-20,-129,-5.99999,-8.00003,0,0,0,0,0,0,-1,130,279,-5.99999,8.00004,-26,-137
-15,-129,-5.99998,-8,0,0,0,0,0,0,-1,135,279,-5.99998,8,-21,-137
-10,-129,-6,-8,0,0,0,0,0,0,-1,140,279,-6,7.99999,-16,-137
-5,-129,-5.99998,-7.99997,0,0,0,0,0,0,-1,145,279,-5.99999,7.99997,-11,-137
0,-129,-6,-8,0,0,0,0,0,0,-1,150,279,-6,8,-6,-137
5,-129,-6,-8,0,0,0,0,0,0,-1,155,279,-6,7.99999,-1,-137
10,-129,-6.00002,-8,0,0,0,0,0,0,-1,160,279,-6.00002,8,3.99998,-137
15,-129,-5.9998,-8.00006,0,0,0,0,0,0,-1,165,279,-5.9998,8.00006,9.0002,-137
20,-129,-5.99998,-8,0,0,0,0,0,0,-1,170,279,-5.99998,8.00001,14,-137
25,-129,-6.00002,-8.00003,0,0,0,0,0,0,-1,175,279,-6.00001,8.00004,19,-137
30,-129,-6,-8,0,0,0,0,0,0,-1,180,279,-6.00001,8,24,-137
35,-129,-6,-7.99997,0,0,0,0,0,0,-1,185,279,-6,7.99997,29,-137
40,-129,-5.99998,-8,0,0,0,0,0,0,-1,190,279,-5.99999,8,34,-137
45,-129,-6,-7.99997,0,0,0,0,0,0,-1,195,279,-6,7.99997,39,-137
50,-129,-5.99998,-7.99997,0,0,0,0,0,0,-1,200,279,-5.99998,7.99998,44,-137
55,-129,-6.00002,-8,0,0,0,0,0,0,-1,205,279,-6.00001,8.00001,49,-137
60,-129,-5.99998,-8,0,0,0,0,0,0,-1,210,279,-5.99999,8,54,-137
65,-129,-5.99998,-8,0,0,0,0,0,0,-1,215,279,-5.99999,8.00001,59,-137
70,-129,-6,-8,0,0,0,0,0,0,-1,220,279,-6,8,64,-137
75,-129,-6,-8,0,0,0,0,0,0,-1,225,279,-6,8,69,-137
80,-129,-6,-8,0,0,0,0,0,0,-1,230,279,-6,8,74,-137
85,-129,-6,-8,0,0,0,0,0,0,-1,235,279,-6,8.00001,79,-137
90,-129,-6.00002,-8.00003,0,0,0,0,0,0,-1,240,279,-6.00001,8.00003,84,-137
95,-129,-6.00003,-8,0,0,0,0,0,0,-1,245,279,-6.00002,7.99999,89,-137
100,-129,-5.99983,-8.00003,0,0,0,0,0,0,-1,250,279,-5.99984,8.00003,94.0002,-137
105,-129,-5.99994,-8.00006,0,0,0,0,0,0,-1,255,279,-5.99993,8.00006,99.0001,-137
110,-129,-5.99998,-7.99997,0,0,0,0,0,0,-1,260,279,-5.99999,7.99998,104,-137
115,-129,-6,-8,0,0,0,0,0,0,-1,265,279,-6,7.99999,109,-137
120,-129,-6,-8,0,0,0,0,0,0,-1,270,279,-6.00001,8.00002,114,-137
125,-129,-6,-7.99997,0,0,0,0,0,0,-1,275,279,-6.00001,7.99997,119,-137
130,-129,-6,-7.99997,0,0,0,0,0,0,-1,280,279,-6,7.99998,124,-137
-135,-134,0,0,0,0,0,0,0,0,-1,15,284,0,0,-135,-134
-130,-134,0,0,0,0,0,0,0,0,-1,20,284,0,0,-130,-134
-125,-134,0,0,0,0,0,0,0,0,-1,25,284,0,0,-125,-134
-120,-134,0,0,0,0,0,0,0,0,-1,30,284,0,0,-120,-134
-115,-134,0,0,0,0,0,0,0,0,-1,35,284,0,0,-115,-134
-110,-134,0,0,0,0,0,0,0,0,-1,40,284,0,0,-110,-134
-105,-134,0,0,0,0,0,0,0,0,-1,45,284,0,0,-105,-134
-100,-134,0,0,0,0,0,0,0,0,-1,50,284,0,0,-100,-134
-95,-134,0,0,0,0,0,0,0,0,-1,55,284,0,0,-95,-134
-90,-134,0,0,0,0,0,0,0,0,-1,60,284,0,0,-90,-134
-85,-134,0,0,0,0,0,0,0,0,-1,65,284,0,0,-85,-134
-80,-134,0,0,0,0,0,0,0,0,-1,70,284,0,0,-80,-134
-75,-134,0,0,0,0,0,0,0,0,-1,75,284,0,0,-75,-134
-70,-134,0,0,0,0,0,0,0,0,-1,80,284,0,0,-70,-134
-65,-134,0,0,0,0,0,0,0,0,-1,85,284,0,0,-65,-134
-60,-134,0,0,0,0,0,0,0,0,-1,90,284,0,0,-60,-134
-55,-134,0,0,0,0,0,0,0,0,-1,95,284,0,0,-55,-134
-50,-134,0,0,0,0,0,0,0,0,-1,100,284,0,0,-50,-134
-45,-134,0,0,0,0,0,0,0,0,-1,105,284,0,0,-45,-134
-40,-134,0,0,0,0,0,0,0,0,-1,110,284,0,0,-40,-134
-35,-134,0,0,0,0,0,0,0,0,-1,115,284,0,0,-35,-134
-30,-134,0,0,0,0,0,0,0,0,-1,120,284,0,0,-30,-134
-25,-134,0,0,0,0,0,0,0,0,-1,125,284,0,0,-25,-134
-20,-134,0,0,0,0,0,0,0,0,-1,130,284,0,0,-20,-134
-15,-134,0,0,0,0,0,0,0,0,-1,135,284,0,0,-15,-134
-10,-134,0,0,0,0,0,0,0,0,-1,140,284,0,0,-10,-134
-5,-134,0,0,0,0,0,0,0,0,-1,145,284,0,0,-5,-134
0,-134,0,0,0,0,0,0,0,0,-1,150,284,0,0,0,-134
5,-134,0,0,0,0,0,0,0,0,-1,155,284,0,0,5,-134
10,-134,0,0,0,0,0,0,0,0,-1,160,284,0,0,10,-134
15,-134,0,0,0,0,0,0,0,0,-1,165,284,0,0,15,-134
20,-134,0,0,0,0,0,0,0,0,-1,170,284,0,0,20,-134
25,-134,0,0,0,0,0,0,0,0,-1,175,284,0,0,25,-134
30,-134,0,0,0,0,0,0,0,0,-1,180,284,0,0,30,-134
35,-134,0,0,0,0,0,0,0,0,-1,185,284,0,0,35,-134
40,-134,0,0,0,0,0,0,0,0,-1,190,284,0,0,40,-134
45,-134,0,0,0,0,0,0,0,0,-1,195,284,0,0,45,-134
50,-134,0,0,0,0,0,0,0,0,-1,200,284,0,0,50,-134
55,-134,0,0,0,0,0,0,0,0,-1,205,284,0,0,55,-134
60,-134,0,0,0,0,0,0,0,0,-1,210,284,0,0,60,-134
65,-134,0,0,0,0,0,0,0,0,-1,215,284,0,0,65,-134
70,-134,0,0,0,0,0,0,0,0,-1,220,284,0,0,70,-134
75,-134,0,0,0,0,0,0,0,0,-1,225,284,0,0,75,-134
80,-134,0,0,0,0,0,0,0,0,-1,230,284,0,0,80,-134
85,-134,0,0,0,0,0,0,0,0,-1,235,284,0,0,85,-134
90,-134,0,0,0,0,0,0,0,0,-1,240,284,0,0,90,-134
95,-134,0,0,0,0,0,0,0,0,-1,245,284,0,0,95,-134
100,-134,0,0,0,0,0,0,0,0,-1,250,284,0,0,100,-134
105,-134,0,0,0,0,0,0,0,0,-1,255,284,0,0,105,-134
110,-134,0,0,0,0,0,0,0,0,-1,260,284,0,0,110,-134
115,-134,0,0,0,0,0,0,0,0,-1,265,284,0,0,115,-134
120,-134,0,0,0,0,0,0,0,0,-1,270,284,0,0,120,-134
125,-134,0,0,0,0,0,0,0,0,-1,275,284,0,0,125,-134
130,-134,0,0,0,0,0,0,0,0,-1,280,284,0,0,130,-134

